internal_id,scientific_name,genus,epithet,family,common_fr,common_en,common_de,common_it,synonyms,gbif_key,wikidata_id,plantnet_id,image
monstera-deliciosa,Monstera deliciosa,Monstera,deliciosa,Araceae,Monstera,Swiss cheese plant,Fensterblatt,Monstera,,2868241,Q161077,,
monstera-adansonii,Monstera adansonii,Monstera,adansonii,Araceae,Monstera adansonii,Swiss cheese vine,Monstera adansonii,Monstera adansonii,,2868136,Q500991,,
ficus-lyrata,Ficus lyrata,Ficus,lyrata,Moraceae,Figuier lyre,Fiddle-leaf fig,Geigenfeige,Ficus lyrata,,5361899,Q1498748,,
ficus-elastica,Ficus elastica,Ficus,elastica,Moraceae,Caoutchouc,Rubber plant,Gummibaum,Ficus elastica,,7835333,Q160576,,
ficus-benjamina,Ficus benjamina,Ficus,benjamina,Moraceae,Figuier pleureur,Weeping fig,Birkenfeige,Ficus benjamina,,5361932,Q275160,,
epipremnum-aureum,Epipremnum aureum,Epipremnum,aureum,Araceae,Pothos,Golden pothos,Efeutute,Pothos,,2868323,Q161809,,
scindapsus-pictus,Scindapsus pictus,Scindapsus,pictus,Araceae,Scindapsus,Satin pothos,Gefleckte Efeutute,Scindapsus,,2873745,Q9334559,,
philodendron-hederaceum,Philodendron hederaceum,Philodendron,hederaceum,Araceae,Philodendron grimpant,Heartleaf philodendron,Kletter-Philodendron,Filodendro,,2871003,Q4484257,,
philodendron-bipinnatifidum,Philodendron bipinnatifidum,Philodendron,bipinnatifidum,Araceae,Philodendron selloum,Tree philodendron,Baumfreund,Filodendro selloum,,10965694,Q4353577,,
spathiphyllum-wallisii,Spathiphyllum wallisii,Spathiphyllum,wallisii,Araceae,Fleur de lune,Peace lily,Einblatt,Spatifillo,,2869680,Q761494,,
zamioculcas-zamiifolia,Zamioculcas zamiifolia,Zamioculcas,zamiifolia,Araceae,Plante ZZ,ZZ plant,Glücksfeder,Zamioculcas,,2869014,Q15312475,,
dracaena-trifasciata,Dracaena trifasciata,Dracaena,trifasciata,Asparagaceae,Langue de belle-mère,Snake plant,Bogenhanf,Sansevieria,Sansevieria trifasciata,11041822,Q65936984,,
dracaena-marginata,Dracaena marginata,Dracaena,marginata,Asparagaceae,Dragonnier de Madagascar,Dragon tree,Drachenbaum,Dracena marginata,,10818704,Q13539275,,
dracaena-fragrans,Dracaena fragrans,Dracaena,fragrans,Asparagaceae,Dracaena parfumé,Corn plant,Duftender Drachenbaum,Tronchetto della felicità,,5304583,Q133690,,
chlorophytum-comosum,Chlorophytum comosum,Chlorophytum,comosum,Asparagaceae,Plante araignée,Spider plant,Grünlilie,Falangio,,2774846,Q1164349,,
pilea-peperomioides,Pilea peperomioides,Pilea,peperomioides,Urticaceae,Plante à monnaie chinoise,Chinese money plant,Ufopflanze,Pianta delle monete,,5669632,Q311696,,
calathea-orbifolia,Calathea orbifolia,Calathea,orbifolia,Marantaceae,Calathea orbifolia,Calathea orbifolia,Calathea orbifolia,Calathea orbifolia,Goeppertia orbifolia,7476815,Q5018586,,
goeppertia-makoyana,Goeppertia makoyana,Goeppertia,makoyana,Marantaceae,Plante paon,Peacock plant,Pfauen-Korbmarante,Calathea makoyana,,7708211,Q50841683,,
maranta-leuconeura,Maranta leuconeura,Maranta,leuconeura,Marantaceae,Plante qui prie,Prayer plant,Pfeilwurz,Maranta,,2761337,Q6754829,,
alocasia-macrorrhizos,Alocasia macrorrhizos,Alocasia,macrorrhizos,Araceae,Oreille d'éléphant,Giant taro,Riesenblättriges Pfeilblatt,Alocasia,,5329904,Q1484310,,
alocasia-amazonica,Alocasia amazonica,Alocasia,amazonica,Araceae,Alocasia Polly,African mask plant,Alocasia Polly,Alocasia Polly,,5532250,,,
anthurium-andraeanum,Anthurium andraeanum,Anthurium,andraeanum,Araceae,Anthurium,Flamingo flower,Flamingoblume,Anturio,,2872695,Q2452846,,
aglaonema-commutatum,Aglaonema commutatum,Aglaonema,commutatum,Araceae,Aglaonema,Chinese evergreen,Kolbenfaden,Aglaonema,,2866467,Q11684614,,
dieffenbachia-seguine,Dieffenbachia seguine,Dieffenbachia,seguine,Araceae,Dieffenbachia,Dumb cane,Dieffenbachie,Dieffenbachia,,2869345,Q141806,,
syngonium-podophyllum,Syngonium podophyllum,Syngonium,podophyllum,Araceae,Syngonium,Arrowhead plant,Purpurtute,Singonio,,2867866,Q13403357,,
peperomia-obtusifolia,Peperomia obtusifolia,Peperomia,obtusifolia,Piperaceae,Pépéromia,Baby rubber plant,Zwergpfeffer,Peperomia,,3086423,Q7166271,,
peperomia-argyreia,Peperomia argyreia,Peperomia,argyreia,Piperaceae,Pépéromia pastèque,Watermelon peperomia,Wassermelonen-Peperomie,Peperomia anguria,,4189296,Q11167712,,
hoya-carnosa,Hoya carnosa,Hoya,carnosa,Apocynaceae,Fleur de porcelaine,Wax plant,Wachsblume,Fiore di cera,,8658195,Q134347,,
hoya-kerrii,Hoya kerrii,Hoya,kerrii,Apocynaceae,Hoya cœur,Sweetheart plant,Herzblatt-Wachsblume,Hoya cuore,,3573959,Q292176,,
tradescantia-zebrina,Tradescantia zebrina,Tradescantia,zebrina,Commelinaceae,Misère,Inch plant,Zebrakraut,Erba miseria,,2765359,Q169381,,
begonia-maculata,Begonia maculata,Begonia,maculata,Begoniaceae,Bégonia maculata,Polka dot begonia,Forellenbegonie,Begonia maculata,,7303475,Q2893846,,
begonia-rex,Begonia rex,Begonia,rex,Begoniaceae,Bégonia rex,Rex begonia,Blattbegonie,Begonia rex,,4156721,Q2893850,,
fittonia-albivenis,Fittonia albivenis,Fittonia,albivenis,Acanthaceae,Fittonia,Nerve plant,Fittonie,Fittonia,,5574508,Q144956,,
nephrolepis-exaltata,Nephrolepis exaltata,Nephrolepis,exaltata,Nephrolepidaceae,Fougère de Boston,Boston fern,Schwertfarn,Felce di Boston,,2650927,Q136883,,
asplenium-nidus,Asplenium nidus,Asplenium,nidus,Aspleniaceae,Fougère nid d'oiseau,Bird's nest fern,Nestfarn,Felce nido,,2650676,Q1736890,,
adiantum-raddianum,Adiantum raddianum,Adiantum,raddianum,Pteridaceae,Capillaire,Maidenhair fern,Frauenhaarfarn,Capelvenere,,2651826,Q2797160,,
platycerium-bifurcatum,Platycerium bifurcatum,Platycerium,bifurcatum,Polypodiaceae,Corne d'élan,Staghorn fern,Geweihfarn,Platycerium,,7126767,Q2170121,,
strelitzia-reginae,Strelitzia reginae,Strelitzia,reginae,Strelitziaceae,Oiseau de paradis,Bird of paradise,Paradiesvogelblume,Uccello del paradiso,,2763116,Q148904,,
strelitzia-nicolai,Strelitzia nicolai,Strelitzia,nicolai,Strelitziaceae,Oiseau de paradis blanc,Giant white bird of paradise,Baum-Strelitzie,Strelitzia nicolai,,2763112,Q149601,,
musa-acuminata,Musa acuminata,Musa,acuminata,Musaceae,Bananier,Banana plant,Bananenpflanze,Banano,,2762680,Q132970,,
yucca-gigantea,Yucca gigantea,Yucca,gigantea,Asparagaceae,Yucca,Spineless yucca,Yucca-Palme,Yucca,,2775716,Q15507520,,
beaucarnea-recurvata,Beaucarnea recurvata,Beaucarnea,recurvata,Asparagaceae,Pied d'éléphant,Ponytail palm,Elefantenfuß,Nolina,,2768035,Q510340,,
chamaedorea-elegans,Chamaedorea elegans,Chamaedorea,elegans,Arecaceae,Palmier nain,Parlour palm,Bergpalme,Chamaedorea,,2734661,Q660200,,
dypsis-lutescens,Dypsis lutescens,Dypsis,lutescens,Arecaceae,Aréca,Areca palm,Goldfruchtpalme,Areca,,2735935,Q1535705,,
howea-forsteriana,Howea forsteriana,Howea,forsteriana,Arecaceae,Kentia,Kentia palm,Kentia-Palme,Kentia,,7857942,Q146290,,
rhapis-excelsa,Rhapis excelsa,Rhapis,excelsa,Arecaceae,Palmier bambou,Lady palm,Steckenpalme,Rhapis,,2736747,Q164097,,
phoenix-roebelenii,Phoenix roebelenii,Phoenix,roebelenii,Arecaceae,Dattier nain,Pygmy date palm,Zwerg-Dattelpalme,Palma nana,,5293153,Q164113,,
schefflera-arboricola,Schefflera arboricola,Schefflera,arboricola,Araliaceae,Schefflera,Dwarf umbrella tree,Strahlenaralie,Schefflera,,8322892,,,
fatsia-japonica,Fatsia japonica,Fatsia,japonica,Araliaceae,Fatsia,Japanese aralia,Zimmeraralie,Aralia,,3039046,Q203569,,
hedera-helix,Hedera helix,Hedera,helix,Araliaceae,Lierre,English ivy,Efeu,Edera,,8351737,Q26354,,
codiaeum-variegatum,Codiaeum variegatum,Codiaeum,variegatum,Euphorbiaceae,Croton,Croton,Kroton,Croton,,3071476,Q1345646,,
pachira-aquatica,Pachira aquatica,Pachira,aquatica,Malvaceae,Arbre à monnaie,Money tree,Glückskastanie,Pachira,,3152235,Q310500,,
cordyline-fruticosa,Cordyline fruticosa,Cordyline,fruticosa,Asparagaceae,Cordyline,Ti plant,Keulenlilie,Cordyline,,2766278,Q2717614,,
aspidistra-elatior,Aspidistra elatior,Aspidistra,elatior,Asparagaceae,Aspidistra,Cast iron plant,Schusterpalme,Aspidistra,,2769937,Q3239567,,
saintpaulia-ionantha,Saintpaulia ionantha,Saintpaulia,ionantha,Gesneriaceae,Violette du Cap,African violet,Usambaraveilchen,Violetta africana,Streptocarpus ionanthus,10796900,Q165406,,
phalaenopsis-amabilis,Phalaenopsis amabilis,Phalaenopsis,amabilis,Orchidaceae,Orchidée papillon,Moth orchid,Schmetterlingsorchidee,Orchidea Phalaenopsis,,5311007,Q1069597,,
dendrobium-nobile,Dendrobium nobile,Dendrobium,nobile,Orchidaceae,Dendrobium,Noble dendrobium,Dendrobium,Dendrobium,,5317489,Q636713,,
cymbidium-hybridum,Cymbidium hybridum,Cymbidium,hybridum,Orchidaceae,Cymbidium,Boat orchid,Kahnorchidee,Cymbidium,,,,,
tillandsia-ionantha,Tillandsia ionantha,Tillandsia,ionantha,Bromeliaceae,Fille de l'air,Air plant,Tillandsie,Tillandsia,,2695006,Q1937140,,
guzmania-lingulata,Guzmania lingulata,Guzmania,lingulata,Bromeliaceae,Guzmania,Scarlet star,Guzmanie,Guzmania,,2699095,Q2710056,,
aechmea-fasciata,Aechmea fasciata,Aechmea,fasciata,Bromeliaceae,Aechmea,Urn plant,Lanzenrosette,Aechmea,,2698346,Q974721,,
cyclamen-persicum,Cyclamen persicum,Cyclamen,persicum,Primulaceae,Cyclamen,Florist's cyclamen,Alpenveilchen,Ciclamino,,3169317,Q150055,,
euphorbia-pulcherrima,Euphorbia pulcherrima,Euphorbia,pulcherrima,Euphorbiaceae,Poinsettia,Poinsettia,Weihnachtsstern,Stella di Natale,,3066465,Q208253,,
schlumbergera-truncata,Schlumbergera truncata,Schlumbergera,truncata,Cactaceae,Cactus de Noël,Christmas cactus,Weihnachtskaktus,Cactus di Natale,,5383983,Q312047,,
oxalis-triangularis,Oxalis triangularis,Oxalis,triangularis,Oxalidaceae,Trèfle pourpre,Purple shamrock,Dreieckiger Glücksklee,Oxalis,,7156971,Q935848,,
ctenanthe-burle-marxii,Ctenanthe burle-marxii,Ctenanthe,burle-marxii,Marantaceae,Ctenanthe,Fishbone prayer plant,Ctenanthe,Ctenanthe,,2762406,Q15326022,,
stromanthe-sanguinea,Stromanthe sanguinea,Stromanthe,sanguinea,Marantaceae,Stromanthe,Triostar stromanthe,Stromanthe,Stromanthe,,2761259,Q15251677,,
cissus-rhombifolia,Cissus rhombifolia,Cissus,rhombifolia,Vitaceae,Vigne d'appartement,Grape ivy,Klimme,Cissus,,7760485,Q50828534,,
coffea-arabica,Coffea arabica,Coffea,arabica,Rubiaceae,Caféier,Coffee plant,Kaffeepflanze,Pianta del caffè,,2895345,Q47685,,
polyscias-fruticosa,Polyscias fruticosa,Polyscias,fruticosa,Araliaceae,Polyscias,Ming aralia,Fiederaralie,Polyscias,,3035652,Q5903279,,
ceropegia-woodii,Ceropegia woodii,Ceropegia,woodii,Apocynaceae,Chaîne des cœurs,String of hearts,Leuchterblume,Catena di cuori,,3572767,Q148960,,
sansevieria-cylindrica,Sansevieria cylindrica,Sansevieria,cylindrica,Asparagaceae,Sansevieria cylindrique,Cylindrical snake plant,Zylindrischer Bogenhanf,Sansevieria cilindrica,,10961470,Q149735,,
aloe-vera,Aloe vera,Aloe,vera,Asphodelaceae,Aloe vera,Aloe vera,Echte Aloe,Aloe vera,,2777724,Q80079,,
crassula-ovata,Crassula ovata,Crassula,ovata,Crassulaceae,Arbre de jade,Jade plant,Geldbaum,Albero di giada,,5362063,Q157299,,
echeveria-elegans,Echeveria elegans,Echeveria,elegans,Crassulaceae,Echeveria,Mexican snowball,Echeverie,Echeveria,,8315197,Q2783756,,
haworthiopsis-attenuata,Haworthiopsis attenuata,Haworthiopsis,attenuata,Asphodelaceae,Haworthia zébrée,Zebra haworthia,Zebra-Haworthie,Haworthia zebra,,9388529,Q64524505,,
sedum-morganianum,Sedum morganianum,Sedum,morganianum,Crassulaceae,Queue de bourrique,Burro's tail,Affenschwanz,Coda d'asino,,5690408,Q2245759,,
kalanchoe-blossfeldiana,Kalanchoe blossfeldiana,Kalanchoe,blossfeldiana,Crassulaceae,Kalanchoé,Flaming Katy,Flammendes Käthchen,Kalanchoe,,2985944,Q132145,,
kalanchoe-daigremontiana,Kalanchoe daigremontiana,Kalanchoe,daigremontiana,Crassulaceae,Kalanchoé de Daigremont,Mother of thousands,Brutblatt,Kalanchoe daigremontiana,,2985936,Q311176,,
sempervivum-tectorum,Sempervivum tectorum,Sempervivum,tectorum,Crassulaceae,Joubarbe,Houseleek,Dach-Hauswurz,Semprevivo,,2985949,Q161724,,
curio-rowleyanus,Curio rowleyanus,Curio,rowleyanus,Asteraceae,Collier de perles,String of pearls,Erbsenpflanze,Collana di perle,,3149649,Q50840601,,
gasteria-carinata,Gasteria carinata,Gasteria,carinata,Asphodelaceae,Gasteria,Gasteria,Gasterie,Gasteria,,2778567,Q154223,,
agave-americana,Agave americana,Agave,americana,Asparagaceae,Agave,Century plant,Amerikanische Agave,Agave,,2767031,Q161115,,
portulacaria-afra,Portulacaria afra,Portulacaria,afra,Didiereaceae,Arbre à éléphant,Elephant bush,Speckbaum,Portulacaria,,3084777,Q2481534,,
euphorbia-trigona,Euphorbia trigona,Euphorbia,trigona,Euphorbiaceae,Euphorbe candélabre,African milk tree,Dreikantige Wolfsmilch,Euphorbia trigona,,3067098,Q1257890,,
euphorbia-milii,Euphorbia milii,Euphorbia,milii,Euphorbiaceae,Épine du Christ,Crown of thorns,Christusdorn,Corona di spine,,3067157,Q148829,,
opuntia-ficus-indica,Opuntia ficus-indica,Opuntia,ficus-indica,Cactaceae,Figuier de Barbarie,Prickly pear,Feigenkaktus,Fico d'India,,5384064,Q144412,,
echinocactus-grusonii,Echinocactus grusonii,Echinocactus,grusonii,Cactaceae,Coussin de belle-mère,Golden barrel cactus,Schwiegermuttersessel,Cuscino della suocera,Kroenleinia grusonii,10911827,Q131270,,
mammillaria-hahniana,Mammillaria hahniana,Mammillaria,hahniana,Cactaceae,Mammillaria,Old lady cactus,Mammillarie,Mammillaria,,7280027,Q144980,,
cereus-repandus,Cereus repandus,Cereus,repandus,Cactaceae,Cierge péruvien,Peruvian apple cactus,Säulenkaktus,Cereus,,8429062,Q310887,,
epiphyllum-oxypetalum,Epiphyllum oxypetalum,Epiphyllum,oxypetalum,Cactaceae,Reine de la nuit,Queen of the night,Königin der Nacht,Regina della notte,,5384031,Q311230,,
rhipsalis-baccifera,Rhipsalis baccifera,Rhipsalis,baccifera,Cactaceae,Cactus gui,Mistletoe cactus,Rutenkaktus,Rhipsalis,,3084036,Q136525,,
lithops-lesliei,Lithops lesliei,Lithops,lesliei,Aizoaceae,Plante caillou,Living stone,Lebender Stein,Pianta sasso,,7329207,Q5977176,,
aeonium-arboreum,Aeonium arboreum,Aeonium,arboreum,Crassulaceae,Aeonium,Tree aeonium,Aeonium,Aeonium,,2985682,Q138279,,
graptopetalum-paraguayense,Graptopetalum paraguayense,Graptopetalum,paraguayense,Crassulaceae,Plante fantôme,Ghost plant,Geisterpflanze,Pianta fantasma,,7334731,Q3574180,,
ocimum-basilicum,Ocimum basilicum,Ocimum,basilicum,Lamiaceae,Basilic,Basil,Basilikum,Basilico,,2927096,Q38859,,
mentha-spicata,Mentha spicata,Mentha,spicata,Lamiaceae,Menthe verte,Spearmint,Grüne Minze,Menta,,2927175,Q160114,,
mentha-x-piperita,Mentha × piperita,Mentha,piperita,Lamiaceae,Menthe poivrée,Peppermint,Pfefferminze,Menta piperita,,8707933,,,
petroselinum-crispum,Petroselinum crispum,Petroselinum,crispum,Apiaceae,Persil,Parsley,Petersilie,Prezzemolo,,7828157,Q25284,,
coriandrum-sativum,Coriandrum sativum,Coriandrum,sativum,Apiaceae,Coriandre,Coriander,Koriander,Coriandolo,,3034871,Q41611,,
allium-schoenoprasum,Allium schoenoprasum,Allium,schoenoprasum,Amaryllidaceae,Ciboulette,Chives,Schnittlauch,Erba cipollina,,2855860,Q51148,,
thymus-vulgaris,Thymus vulgaris,Thymus,vulgaris,Lamiaceae,Thym,Thyme,Thymian,Timo,,5341442,Q148668,,
salvia-rosmarinus,Salvia rosmarinus,Salvia,rosmarinus,Lamiaceae,Romarin,Rosemary,Rosmarin,Rosmarino,,10902460,Q102240169,,
salvia-officinalis,Salvia officinalis,Salvia,officinalis,Lamiaceae,Sauge,Sage,Salbei,Salvia,,2927004,Q1111359,,
origanum-vulgare,Origanum vulgare,Origanum,vulgare,Lamiaceae,Origan,Oregano,Oregano,Origano,,2926612,Q134283,,
origanum-majorana,Origanum majorana,Origanum,majorana,Lamiaceae,Marjolaine,Marjoram,Majoran,Maggiorana,,2926615,Q22694,,
anethum-graveolens,Anethum graveolens,Anethum,graveolens,Apiaceae,Aneth,Dill,Dill,Aneto,,3034646,Q26686,,
artemisia-dracunculus,Artemisia dracunculus,Artemisia,dracunculus,Asteraceae,Estragon,Tarragon,Estragon,Dragoncello,,3121581,Q155814,,
melissa-officinalis,Melissa officinalis,Melissa,officinalis,Lamiaceae,Mélisse,Lemon balm,Zitronenmelisse,Melissa,,5341501,Q148396,,
lavandula-angustifolia,Lavandula angustifolia,Lavandula,angustifolia,Lamiaceae,Lavande,Lavender,Lavendel,Lavanda,,2927305,Q42081,,
laurus-nobilis,Laurus nobilis,Laurus,nobilis,Lauraceae,Laurier-sauce,Bay laurel,Lorbeer,Alloro,,3034015,Q26006,,
cymbopogon-citratus,Cymbopogon citratus,Cymbopogon,citratus,Poaceae,Citronnelle,Lemongrass,Zitronengras,Citronella,,2705275,Q33913,,
stevia-rebaudiana,Stevia rebaudiana,Stevia,rebaudiana,Asteraceae,Stévia,Stevia,Stevia,Stevia,,3125557,Q7213452,,
matricaria-chamomilla,Matricaria chamomilla,Matricaria,chamomilla,Asteraceae,Camomille,Chamomile,Kamille,Camomilla,,8370958,Q28437,,
satureja-hortensis,Satureja hortensis,Satureja,hortensis,Lamiaceae,Sarriette,Summer savory,Bohnenkraut,Santoreggia,,2926885,Q157283,,
pelargonium-graveolens,Pelargonium graveolens,Pelargonium,graveolens,Geraniaceae,Géranium rosat,Rose geranium,Rosengeranie,Geranio odoroso,,2891608,Q164306,,
solanum-lycopersicum,Solanum lycopersicum,Solanum,lycopersicum,Solanaceae,Tomate,Tomato,Tomate,Pomodoro,,2930137,Q23501,,
capsicum-annuum,Capsicum annuum,Capsicum,annuum,Solanaceae,Poivron / piment,Pepper,Paprika,Peperone,,2932944,Q1380,,
solanum-melongena,Solanum melongena,Solanum,melongena,Solanaceae,Aubergine,Aubergine,Aubergine,Melanzana,,2930617,L1375748-S1,,
solanum-tuberosum,Solanum tuberosum,Solanum,tuberosum,Solanaceae,Pomme de terre,Potato,Kartoffel,Patata,,2930262,Q10998,,
cucurbita-pepo,Cucurbita pepo,Cucurbita,pepo,Cucurbitaceae,Courgette,Courgette,Zucchini,Zucchina,,2874508,Q7229863,,
cucurbita-maxima,Cucurbita maxima,Cucurbita,maxima,Cucurbitaceae,Potiron,Winter squash,Riesenkürbis,Zucca,,2874515,Q161180,,
cucumis-sativus,Cucumis sativus,Cucumis,sativus,Cucurbitaceae,Concombre,Cucumber,Gurke,Cetriolo,,2874569,L1371458-S1,,
cucumis-melo,Cucumis melo,Cucumis,melo,Cucurbitaceae,Melon,Melon,Melone,Melone,,2874570,Q81602,,
citrullus-lanatus,Citrullus lanatus,Citrullus,lanatus,Cucurbitaceae,Pastèque,Watermelon,Wassermelone,Anguria,,2874621,Q17507129,,
lactuca-sativa,Lactuca sativa,Lactuca,sativa,Asteraceae,Laitue,Lettuce,Salat,Lattuga,,7403263,Q83193,,
spinacia-oleracea,Spinacia oleracea,Spinacia,oleracea,Amaranthaceae,Épinard,Spinach,Spinat,Spinacio,,3083647,L1371245-S1,,
eruca-vesicaria,Eruca vesicaria,Eruca,vesicaria,Brassicaceae,Roquette,Rocket,Rucola,Rucola,,5375920,Q5395935,,
daucus-carota,Daucus carota,Daucus,carota,Apiaceae,Carotte,Carrot,Karotte,Carota,,3034742,Q30056,,
raphanus-sativus,Raphanus sativus,Raphanus,sativus,Brassicaceae,Radis,Radish,Radieschen,Ravanello,,7678610,L1371347-S1,,
beta-vulgaris,Beta vulgaris,Beta,vulgaris,Amaranthaceae,Betterave / blette,Beetroot / chard,Rote Bete / Mangold,Barbabietola / bietola,,8971274,Q165191,,
allium-cepa,Allium cepa,Allium,cepa,Amaryllidaceae,Oignon,Onion,Zwiebel,Cipolla,,2857697,Q23485,,
allium-sativum,Allium sativum,Allium,sativum,Amaryllidaceae,Ail,Garlic,Knoblauch,Aglio,,2856681,Q23400,,
allium-porrum,Allium porrum,Allium,porrum,Amaryllidaceae,Poireau,Leek,Lauch,Porro,Allium ampeloprasum,2856037,Q21870138,,
phaseolus-vulgaris,Phaseolus vulgaris,Phaseolus,vulgaris,Fabaceae,Haricot,Common bean,Gartenbohne,Fagiolo,,5350452,Q42339,,
pisum-sativum,Pisum sativum,Pisum,sativum,Fabaceae,Petit pois,Pea,Erbse,Pisello,,5347846,Q25237,,
vicia-faba,Vicia faba,Vicia,faba,Fabaceae,Fève,Broad bean,Ackerbohne,Fava,,2974832,Q131342,,
brassica-oleracea,Brassica oleracea,Brassica,oleracea,Brassicaceae,Chou,Cabbage,Kohl,Cavolo,,3042845,Q146212,,
brassica-rapa,Brassica rapa,Brassica,rapa,Brassicaceae,Navet,Turnip,Rübe,Rapa,,7903057,Q3384,,
zea-mays,Zea mays,Zea,mays,Poaceae,Maïs,Sweetcorn,Mais,Mais,,5290052,Q11575,,
apium-graveolens,Apium graveolens,Apium,graveolens,Apiaceae,Céleri,Celery,Sellerie,Sedano,,5371879,Q28298,,
foeniculum-vulgare,Foeniculum vulgare,Foeniculum,vulgare,Apiaceae,Fenouil,Fennel,Fenchel,Finocchio,,3034922,Q43511,,
cynara-cardunculus,Cynara cardunculus,Cynara,cardunculus,Asteraceae,Artichaut,Artichoke,Artischocke,Carciofo,,3112364,Q7186137,,
asparagus-officinalis,Asparagus officinalis,Asparagus,officinalis,Asparagaceae,Asperge,Asparagus,Spargel,Asparago,,2768885,Q28367,,
rheum-rhabarbarum,Rheum rhabarbarum,Rheum,rhabarbarum,Polygonaceae,Rhubarbe,Rhubarb,Rhabarber,Rabarbaro,,2888867,Q7535,,
fragaria-x-ananassa,Fragaria × ananassa,Fragaria,ananassa,Rosaceae,Fraisier,Strawberry,Erdbeere,Fragola,,3029912,Q13158,,
physalis-peruviana,Physalis peruviana,Physalis,peruviana,Solanaceae,Physalis,Cape gooseberry,Andenbeere,Alchechengi,,5341784,Q165227,,
capsicum-chinense,Capsicum chinense,Capsicum,chinense,Solanaceae,Piment habanero,Habanero pepper,Habanero,Peperoncino habanero,,2932942,Q311071,,
citrus-x-limon,Citrus × limon,Citrus,limon,Rutaceae,Citronnier,Lemon tree,Zitronenbaum,Limone,,7647136,Q500,,
citrus-x-sinensis,Citrus × sinensis,Citrus,sinensis,Rutaceae,Oranger,Orange tree,Orangenbaum,Arancio,,8077391,,,
citrus-reticulata,Citrus reticulata,Citrus,reticulata,Rutaceae,Mandarinier,Mandarin tree,Mandarinenbaum,Mandarino,,3190172,Q125337,,
citrus-japonica,Citrus japonica,Citrus,japonica,Rutaceae,Kumquat,Kumquat,Kumquat,Kumquat,,3831801,Q124344319,,
citrus-hystrix,Citrus hystrix,Citrus,hystrix,Rutaceae,Combava,Kaffir lime,Kaffernlimette,Combava,,6433679,Q465934,,
olea-europaea,Olea europaea,Olea,europaea,Oleaceae,Olivier,Olive tree,Olivenbaum,Olivo,,5415040,Q37083,,
ficus-carica,Ficus carica,Ficus,carica,Moraceae,Figuier,Fig tree,Feigenbaum,Fico,,5361909,Q36146,,
malus-domestica,Malus domestica,Malus,domestica,Rosaceae,Pommier,Apple tree,Apfelbaum,Melo,,3001244,Q18674606,,
pyrus-communis,Pyrus communis,Pyrus,communis,Rosaceae,Poirier,Pear tree,Birnbaum,Pero,,5362573,Q146281,,
prunus-avium,Prunus avium,Prunus,avium,Rosaceae,Cerisier,Cherry tree,Kirschbaum,Ciliegio,,3020791,Q165137,,
prunus-domestica,Prunus domestica,Prunus,domestica,Rosaceae,Prunier,Plum tree,Pflaumenbaum,Susino,,7931731,Q44120,,
prunus-persica,Prunus persica,Prunus,persica,Rosaceae,Pêcher,Peach tree,Pfirsichbaum,Pesco,,8149923,Q13189,,
prunus-armeniaca,Prunus armeniaca,Prunus,armeniaca,Rosaceae,Abricotier,Apricot tree,Aprikosenbaum,Albicocco,,7818643,Q37453,,
prunus-dulcis,Prunus dulcis,Prunus,dulcis,Rosaceae,Amandier,Almond tree,Mandelbaum,Mandorlo,Prunus amygdalus,3020980,Q39918,,
vitis-vinifera,Vitis vinifera,Vitis,vinifera,Vitaceae,Vigne,Grapevine,Weinrebe,Vite,,5372392,Q30046,,
rubus-idaeus,Rubus idaeus,Rubus,idaeus,Rosaceae,Framboisier,Raspberry,Himbeere,Lampone,,2993094,Q12252383,,
rubus-fruticosus,Rubus fruticosus,Rubus,fruticosus,Rosaceae,Mûrier (ronce),Blackberry,Brombeere,Mora,,8436459,Q13541716,,
ribes-rubrum,Ribes rubrum,Ribes,rubrum,Grossulariaceae,Groseillier,Redcurrant,Rote Johannisbeere,Ribes rosso,,2986097,Q146661,,
ribes-nigrum,Ribes nigrum,Ribes,nigrum,Grossulariaceae,Cassis,Blackcurrant,Schwarze Johannisbeere,Ribes nero,,2986192,Q146604,,
ribes-uva-crispa,Ribes uva-crispa,Ribes,uva-crispa,Grossulariaceae,Groseillier à maquereau,Gooseberry,Stachelbeere,Uva spina,,2986185,Q41503,,
vaccinium-corymbosum,Vaccinium corymbosum,Vaccinium,corymbosum,Ericaceae,Myrtillier,Blueberry,Heidelbeere,Mirtillo,,2882849,Q468695,,
actinidia-deliciosa,Actinidia deliciosa,Actinidia,deliciosa,Actinidiaceae,Kiwi,Kiwi,Kiwi,Kiwi,,6550091,Q343300,,
punica-granatum,Punica granatum,Punica,granatum,Lythraceae,Grenadier,Pomegranate,Granatapfel,Melograno,,5420901,Q13188,,
diospyros-kaki,Diospyros kaki,Diospyros,kaki,Ebenaceae,Plaqueminier (kaki),Persimmon,Kakibaum,Cachi,,3032984,Q158482,,
persea-americana,Persea americana,Persea,americana,Lauraceae,Avocatier,Avocado,Avocado,Avocado,,3034046,Q37153,,
mangifera-indica,Mangifera indica,Mangifera,indica,Anacardiaceae,Manguier,Mango,Mango,Mango,,3190638,L1365075-S1,,
passiflora-edulis,Passiflora edulis,Passiflora,edulis,Passifloraceae,Fruit de la passion,Passion fruit,Maracuja,Frutto della passione,,2874190,Q156790,,
corylus-avellana,Corylus avellana,Corylus,avellana,Betulaceae,Noisetier,Hazel,Haselnuss,Nocciolo,,2875979,Q124969,,
juglans-regia,Juglans regia,Juglans,regia,Juglandaceae,Noyer,Walnut,Walnuss,Noce,,3054368,Q46871,,
cydonia-oblonga,Cydonia oblonga,Cydonia,oblonga,Rosaceae,Cognassier,Quince,Quitte,Cotogno,,5362215,Q43300,,
eriobotrya-japonica,Eriobotrya japonica,Eriobotrya,japonica,Rosaceae,Néflier du Japon,Loquat,Japanische Wollmispel,Nespolo,,10786206,Q41505,,
rosa-x-hybrida,Rosa × hybrida,Rosa,hybrida,Rosaceae,Rosier,Rose,Rose,Rosa,,,,,
pelargonium-x-hortorum,Pelargonium × hortorum,Pelargonium,hortorum,Geraniaceae,Géranium,Zonal geranium,Geranie,Geranio,,2891604,,,
tulipa-gesneriana,Tulipa gesneriana,Tulipa,gesneriana,Liliaceae,Tulipe,Tulip,Tulpe,Tulipano,,5299675,Q163060,,
narcissus-pseudonarcissus,Narcissus pseudonarcissus,Narcissus,pseudonarcissus,Amaryllidaceae,Jonquille,Daffodil,Narzisse,Narciso,,2858244,Q27498,,
hyacinthus-orientalis,Hyacinthus orientalis,Hyacinthus,orientalis,Asparagaceae,Jacinthe,Hyacinth,Hyazinthe,Giacinto,,2772666,Q157428,,
crocus-vernus,Crocus vernus,Crocus,vernus,Iridaceae,Crocus,Crocus,Krokus,Croco,,2747567,Q165077,,
dahlia-pinnata,Dahlia pinnata,Dahlia,pinnata,Asteraceae,Dahlia,Dahlia,Dahlie,Dalia,,5387142,Q1549236,,
helianthus-annuus,Helianthus annuus,Helianthus,annuus,Asteraceae,Tournesol,Sunflower,Sonnenblume,Girasole,,9206251,Q171497,,
tagetes-patula,Tagetes patula,Tagetes,patula,Asteraceae,Œillet d'Inde,French marigold,Studentenblume,Tagete,,3088488,Q644934,,
calendula-officinalis,Calendula officinalis,Calendula,officinalis,Asteraceae,Souci,Pot marigold,Ringelblume,Calendula,,5391480,Q145930,,
zinnia-elegans,Zinnia elegans,Zinnia,elegans,Asteraceae,Zinnia,Zinnia,Zinnie,Zinnia,,3111754,Q15245321,,
cosmos-bipinnatus,Cosmos bipinnatus,Cosmos,bipinnatus,Asteraceae,Cosmos,Cosmos,Schmuckkörbchen,Cosmea,,3098912,Q575748,,
petunia-x-atkinsiana,Petunia × atkinsiana,Petunia,atkinsiana,Solanaceae,Pétunia,Petunia,Petunie,Petunia,,2928859,,,
impatiens-walleriana,Impatiens walleriana,Impatiens,walleriana,Balsaminaceae,Impatiens,Busy Lizzie,Fleißiges Lieschen,Impatiens,,2891772,Q654064,,
begonia-x-semperflorens-cultorum,Begonia × semperflorens-cultorum,Begonia,semperflorens-cultorum,Begoniaceae,Bégonia des jardins,Wax begonia,Eisbegonie,Begonia semperflorens,,9657969,Q843363,,
viola-x-wittrockiana,Viola × wittrockiana,Viola,wittrockiana,Violaceae,Pensée,Pansy,Stiefmütterchen,Viola del pensiero,,5331389,,,
primula-vulgaris,Primula vulgaris,Primula,vulgaris,Primulaceae,Primevère,Primrose,Primel,Primula,,5414335,Q159537,,
dianthus-caryophyllus,Dianthus caryophyllus,Dianthus,caryophyllus,Caryophyllaceae,Œillet,Carnation,Nelke,Garofano,,3085420,Q158984,,
lilium-candidum,Lilium candidum,Lilium,candidum,Liliaceae,Lis,Madonna lily,Madonnenlilie,Giglio,,2753090,Q159811,,
paeonia-lactiflora,Paeonia lactiflora,Paeonia,lactiflora,Paeoniaceae,Pivoine,Peony,Pfingstrose,Peonia,,3083486,Q163076,,
iris-germanica,Iris germanica,Iris,germanica,Iridaceae,Iris,Bearded iris,Schwertlilie,Iris,,5298069,,,
hemerocallis-fulva,Hemerocallis fulva,Hemerocallis,fulva,Asphodelaceae,Hémérocalle,Daylily,Taglilie,Emerocallide,,2781074,Q1424440,,
echinacea-purpurea,Echinacea purpurea,Echinacea,purpurea,Asteraceae,Échinacée,Coneflower,Sonnenhut,Echinacea,,3150935,Q272661,,
rudbeckia-hirta,Rudbeckia hirta,Rudbeckia,hirta,Asteraceae,Rudbeckia,Black-eyed Susan,Rudbeckie,Rudbeckia,,3114225,Q2532820,,
salvia-nemorosa,Salvia nemorosa,Salvia,nemorosa,Lamiaceae,Sauge des bois,Woodland sage,Steppen-Salbei,Salvia nemorosa,,2927028,Q159121,,
delphinium-elatum,Delphinium elatum,Delphinium,elatum,Ranunculaceae,Pied-d'alouette,Delphinium,Rittersporn,Delphinium,,3033757,Q164246,,
digitalis-purpurea,Digitalis purpurea,Digitalis,purpurea,Plantaginaceae,Digitale,Foxglove,Fingerhut,Digitale,,5414995,Q157555,,
lupinus-polyphyllus,Lupinus polyphyllus,Lupinus,polyphyllus,Fabaceae,Lupin,Lupin,Lupine,Lupino,,2964355,Q159737,,
alcea-rosea,Alcea rosea,Alcea,rosea,Malvaceae,Rose trémière,Hollyhock,Stockrose,Malvone,,5406789,Q27682,,
hydrangea-macrophylla,Hydrangea macrophylla,Hydrangea,macrophylla,Hydrangeaceae,Hortensia,Hydrangea,Hortensie,Ortensia,,2985994,Q159219,,
chrysanthemum-x-morifolium,Chrysanthemum × morifolium,Chrysanthemum,morifolium,Asteraceae,Chrysanthème,Chrysanthemum,Chrysantheme,Crisantemo,,3150767,,,
gerbera-jamesonii,Gerbera jamesonii,Gerbera,jamesonii,Asteraceae,Gerbera,Gerbera,Gerbera,Gerbera,,7969761,Q746928,,
antirrhinum-majus,Antirrhinum majus,Antirrhinum,majus,Plantaginaceae,Muflier,Snapdragon,Löwenmäulchen,Bocca di leone,,3172001,Q156843,,
lathyrus-odoratus,Lathyrus odoratus,Lathyrus,odoratus,Fabaceae,Pois de senteur,Sweet pea,Duftwicke,Pisello odoroso,,5356514,Q163944,,
ipomoea-purpurea,Ipomoea purpurea,Ipomoea,purpurea,Convolvulaceae,Ipomée,Morning glory,Prunkwinde,Ipomea,,2928576,Q1630964,,
tropaeolum-majus,Tropaeolum majus,Tropaeolum,majus,Tropaeolaceae,Capucine,Nasturtium,Kapuzinerkresse,Nasturzio,,2889934,Q156288,,
nigella-damascena,Nigella damascena,Nigella,damascena,Ranunculaceae,Nigelle de Damas,Love-in-a-mist,Jungfer im Grünen,Damigella,,5371702,Q158338,,
papaver-rhoeas,Papaver rhoeas,Papaver,rhoeas,Papaveraceae,Coquelicot,Common poppy,Klatschmohn,Papavero,,2888443,Q130201,,
centaurea-cyanus,Centaurea cyanus,Centaurea,cyanus,Asteraceae,Bleuet,Cornflower,Kornblume,Fiordaliso,,3089561,Q156921,,
bellis-perennis,Bellis perennis,Bellis,perennis,Asteraceae,Pâquerette,Daisy,Gänseblümchen,Margheritina,,3117424,Q26158,,
leucanthemum-vulgare,Leucanthemum vulgare,Leucanthemum,vulgare,Asteraceae,Marguerite,Oxeye daisy,Margerite,Margherita,,8848598,Q27164,,
convallaria-majalis,Convallaria majalis,Convallaria,majalis,Asparagaceae,Muguet,Lily of the valley,Maiglöckchen,Mughetto,,7459480,Q101711,,
hosta-plantaginea,Hosta plantaginea,Hosta,plantaginea,Asparagaceae,Hosta,Plantain lily,Funkie,Hosta,,2771287,Q11222293,,
agapanthus-africanus,Agapanthus africanus,Agapanthus,africanus,Amaryllidaceae,Agapanthe,African lily,Schmucklilie,Agapanto,,2854740,Q161256,,
bougainvillea-glabra,Bougainvillea glabra,Bougainvillea,glabra,Nyctaginaceae,Bougainvillier,Bougainvillea,Bougainvillea,Bouganville,,5384862,Q159984,,
jasminum-officinale,Jasminum officinale,Jasminum,officinale,Oleaceae,Jasmin,Common jasmine,Echter Jasmin,Gelsomino,,3172261,Q515610,,
clematis-viticella,Clematis viticella,Clematis,viticella,Ranunculaceae,Clématite,Clematis,Waldrebe,Clematide,,3033518,Q159364,,
wisteria-sinensis,Wisteria sinensis,Wisteria,sinensis,Fabaceae,Glycine,Chinese wisteria,Blauregen,Glicine,,8149049,Q159116,,
fuchsia-magellanica,Fuchsia magellanica,Fuchsia,magellanica,Onagraceae,Fuchsia,Hardy fuchsia,Fuchsie,Fucsia,,5938224,Q164101,,
hibiscus-rosa-sinensis,Hibiscus rosa-sinensis,Hibiscus,rosa-sinensis,Malvaceae,Hibiscus,Chinese hibiscus,Hibiskus,Ibisco,,3152559,,,
nerium-oleander,Nerium oleander,Nerium,oleander,Apocynaceae,Laurier-rose,Oleander,Oleander,Oleandro,,3169756,Q155833,,
camellia-japonica,Camellia japonica,Camellia,japonica,Theaceae,Camélia,Camellia,Kamelie,Camelia,,3189636,Q160121,,
gardenia-jasminoides,Gardenia jasminoides,Gardenia,jasminoides,Rubiaceae,Gardénia,Gardenia,Gardenie,Gardenia,,5335125,Q1072101,,
rhododendron-simsii,Rhododendron simsii,Rhododendron,simsii,Ericaceae,Azalée,Azalea,Azalee,Azalea,,7327627,Q5914721,,
acer-palmatum,Acer palmatum,Acer,palmatum,Sapindaceae,Érable du Japon,Japanese maple,Fächer-Ahorn,Acero giapponese,,3189882,Q269224,,
buxus-sempervirens,Buxus sempervirens,Buxus,sempervirens,Buxaceae,Buis,Box,Buchsbaum,Bosso,,2984671,Q27344,,
lavandula-stoechas,Lavandula stoechas,Lavandula,stoechas,Lamiaceae,Lavande papillon,French lavender,Schopf-Lavendel,Lavanda selvatica,,2927303,Q1342976,,
prunus-laurocerasus,Prunus laurocerasus,Prunus,laurocerasus,Rosaceae,Laurier-cerise,Cherry laurel,Kirschlorbeer,Lauroceraso,,3021496,Q157508,,
photinia-x-fraseri,Photinia × fraseri,Photinia,fraseri,Rosaceae,Photinia,Photinia,Glanzmispel,Fotinia,,5363854,Q30913716,,
thuja-occidentalis,Thuja occidentalis,Thuja,occidentalis,Cupressaceae,Thuya,White cedar,Lebensbaum,Tuia,,2684178,Q147468,,
cupressus-sempervirens,Cupressus sempervirens,Cupressus,sempervirens,Cupressaceae,Cyprès de Provence,Italian cypress,Mittelmeer-Zypresse,Cipresso,,2684030,Q147513,,
pinus-mugo,Pinus mugo,Pinus,mugo,Pinaceae,Pin de montagne,Mountain pine,Bergkiefer,Pino mugo,,5285385,Q147475,,
picea-abies,Picea abies,Picea,abies,Pinaceae,Épicéa,Norway spruce,Fichte,Abete rosso,,5284884,Q145992,,
abies-nordmanniana,Abies nordmanniana,Abies,nordmanniana,Pinaceae,Sapin de Nordmann,Nordmann fir,Nordmanntanne,Abete di Nordmann,,2685552,Q148920,,
betula-pendula,Betula pendula,Betula,pendula,Betulaceae,Bouleau,Silver birch,Hängebirke,Betulla,,5331916,Q156895,,
quercus-robur,Quercus robur,Quercus,robur,Fagaceae,Chêne pédonculé,English oak,Stieleiche,Farnia,,2878688,Q165145,,
fagus-sylvatica,Fagus sylvatica,Fagus,sylvatica,Fagaceae,Hêtre,Beech,Rotbuche,Faggio,,2882316,Q146149,,
tilia-cordata,Tilia cordata,Tilia,cordata,Malvaceae,Tilleul,Small-leaved lime,Winterlinde,Tiglio,,3152047,Q158746,,
salix-babylonica,Salix babylonica,Salix,babylonica,Salicaceae,Saule pleureur,Weeping willow,Trauerweide,Salice piangente,,5372639,Q156307,,
magnolia-x-soulangeana,Magnolia × soulangeana,Magnolia,soulangeana,Magnoliaceae,Magnolia,Saucer magnolia,Tulpen-Magnolie,Magnolia,,7925303,,,
prunus-serrulata,Prunus serrulata,Prunus,serrulata,Rosaceae,Cerisier du Japon,Japanese cherry,Japanische Zierkirsche,Ciliegio giapponese,,3022609,Q165321,,
syringa-vulgaris,Syringa vulgaris,Syringa,vulgaris,Oleaceae,Lilas,Lilac,Flieder,Lillà,,5415039,Q6565319,,
forsythia-x-intermedia,Forsythia × intermedia,Forsythia,intermedia,Oleaceae,Forsythia,Forsythia,Forsythie,Forsizia,,5415054,,,
viburnum-tinus,Viburnum tinus,Viburnum,tinus,Adoxaceae,Laurier-tin,Laurustinus,Lorbeer-Schneeball,Viburno,,2888585,Q1321268,,
ilex-aquifolium,Ilex aquifolium,Ilex,aquifolium,Aquifoliaceae,Houx,Holly,Stechpalme,Agrifoglio,,5414222,Q192190,,
ligustrum-vulgare,Ligustrum vulgare,Ligustrum,vulgare,Oleaceae,Troène,Privet,Liguster,Ligustro,,3172300,Q1848856,,
cornus-alba,Cornus alba,Cornus,alba,Cornaceae,Cornouiller blanc,Red-barked dogwood,Tatarischer Hartriegel,Corniolo,,8365953,Q158228,,
sambucus-nigra,Sambucus nigra,Sambucus,nigra,Adoxaceae,Sureau,Elder,Holunder,Sambuco,,2888728,Q22701,,
trachycarpus-fortunei,Trachycarpus fortunei,Trachycarpus,fortunei,Arecaceae,Palmier chanvre,Windmill palm,Hanfpalme,Palma di Fortune,,2739071,Q158383,,
chamaerops-humilis,Chamaerops humilis,Chamaerops,humilis,Arecaceae,Palmier nain,Mediterranean fan palm,Zwergpalme,Palma nana,,2736625,Q161747,,
phyllostachys-aurea,Phyllostachys aurea,Phyllostachys,aurea,Poaceae,Bambou doré,Golden bamboo,Goldbambus,Bambù dorato,,5290167,Q1536008,,
fargesia-murielae,Fargesia murielae,Fargesia,murielae,Poaceae,Bambou non traçant,Umbrella bamboo,Gartenbambus,Bambù Fargesia,,5676092,Q675020,,
ginkgo-biloba,Ginkgo biloba,Ginkgo,biloba,Ginkgoaceae,Ginkgo,Ginkgo,Ginkgo,Ginkgo,,2687885,Q43284,,
eucalyptus-gunnii,Eucalyptus gunnii,Eucalyptus,gunnii,Myrtaceae,Eucalyptus,Cider gum,Eukalyptus,Eucalipto,,3176283,Q163788,,
arbutus-unedo,Arbutus unedo,Arbutus,unedo,Ericaceae,Arbousier,Strawberry tree,Erdbeerbaum,Corbezzolo,,2882803,Q329046,,
cotinus-coggygria,Cotinus coggygria,Cotinus,coggygria,Anacardiaceae,Arbre à perruques,Smoke tree,Perückenstrauch,Albero della nebbia,,3190522,Q161406,,
hamamelis-x-intermedia,Hamamelis × intermedia,Hamamelis,intermedia,Hamamelidaceae,Hamamélis,Witch hazel,Zaubernuss,Amamelide,,3702531,,,
skimmia-japonica,Skimmia japonica,Skimmia,japonica,Rutaceae,Skimmia,Japanese skimmia,Skimmie,Skimmia,,7740617,Q159463,,
pieris-japonica,Pieris japonica,Pieris,japonica,Ericaceae,Andromède du Japon,Japanese andromeda,Lavendelheide,Pieris,,2882631,Q2333372,,
nandina-domestica,Nandina domestica,Nandina,domestica,Berberidaceae,Bambou sacré,Heavenly bamboo,Himmelsbambus,Bambù sacro,,5371712,Q1153858,,
callistemon-citrinus,Callistemon citrinus,Callistemon,citrinus,Myrtaceae,Rince-bouteille,Bottlebrush,Zylinderputzer,Callistemon,,3173413,Q1028271,,
ficus-microcarpa,Ficus microcarpa,Ficus,microcarpa,Moraceae,Ficus ginseng (bonsaï),Ginseng ficus (bonsai),Ginseng-Feige (Bonsai),Ficus ginseng (bonsai),,7467639,Q714180,,
juniperus-procumbens,Juniperus procumbens,Juniperus,procumbens,Cupressaceae,Genévrier rampant (bonsaï),Japanese garden juniper (bonsai),Kriech-Wacholder (Bonsai),Ginepro (bonsai),,2684586,Q658749,,
ulmus-parvifolia,Ulmus parvifolia,Ulmus,parvifolia,Ulmaceae,Orme de Chine (bonsaï),Chinese elm (bonsai),Chinesische Ulme (Bonsai),Olmo cinese (bonsai),,5361869,Q1074099,,
leontopodium-nivale,Leontopodium nivale,Leontopodium,nivale,Asteraceae,Edelweiss,Edelweiss,Alpen-Edelweiß,Stella alpina,,3140685,Q178265,,
gentiana-lutea,Gentiana lutea,Gentiana,lutea,Gentianaceae,Gentiane jaune,Great yellow gentian,Gelber Enzian,Genziana maggiore,,3170040,Q158572,,
gentiana-acaulis,Gentiana acaulis,Gentiana,acaulis,Gentianaceae,Gentiane acaule,Stemless gentian,Silikat-Glocken-Enzian,Genziana di Koch,,6366597,Q163785,,
soldanella-alpina,Soldanella alpina,Soldanella,alpina,Primulaceae,Soldanelle des Alpes,Alpine snowbell,Alpen-Troddelblume,Soldanella alpina,,7923515,Q159373,,
silene-acaulis,Silene acaulis,Silene,acaulis,Caryophyllaceae,Silène acaule,Moss campion,Stängelloses Leimkraut,Silene a cuscinetto,,5384754,Q1339103,,
saxifraga-paniculata,Saxifraga paniculata,Saxifraga,paniculata,Saxifragaceae,Saxifrage paniculée,Encrusted saxifrage,Trauben-Steinbrech,Sassifraga alpina,,3032837,Q159367,,
rhododendron-ferrugineum,Rhododendron ferrugineum,Rhododendron,ferrugineum,Ericaceae,Rhododendron ferrugineux,Alpenrose,Rostblättrige Alpenrose,Rododendro rosso,,2883073,Q1341190,,
pulsatilla-vulgaris,Pulsatilla vulgaris,Pulsatilla,vulgaris,Ranunculaceae,Anémone pulsatille,Pasqueflower,Gewöhnliche Küchenschelle,Pulsatilla comune,,3033621,Q148623,,
anemone-nemorosa,Anemone nemorosa,Anemone,nemorosa,Ranunculaceae,Anémone des bois,Wood anemone,Buschwindröschen,Anemone dei boschi,,3033263,Q161056,,
galanthus-nivalis,Galanthus nivalis,Galanthus,nivalis,Amaryllidaceae,Perce-neige,Snowdrop,Schneeglöckchen,Bucaneve,,2855356,Q109995,,
primula-veris,Primula veris,Primula,veris,Primulaceae,Coucou,Cowslip,Echte Schlüsselblume,Primula odorosa,,8377689,Q157552,,
viola-odorata,Viola odorata,Viola,odorata,Violaceae,Violette odorante,Sweet violet,Duft-Veilchen,Violetta,,5331181,Q108684,,
myosotis-sylvatica,Myosotis sylvatica,Myosotis,sylvatica,Boraginaceae,Myosotis des bois,Wood forget-me-not,Wald-Vergissmeinnicht,Nontiscordardimé,,5341175,Q149464,,
campanula-rotundifolia,Campanula rotundifolia,Campanula,rotundifolia,Campanulaceae,Campanule à feuilles rondes,Harebell,Rundblättrige Glockenblume,Campanula soldanella,,5410907,Q27989,,
aquilegia-vulgaris,Aquilegia vulgaris,Aquilegia,vulgaris,Ranunculaceae,Ancolie commune,Common columbine,Gemeine Akelei,Aquilegia comune,,3033191,Q148929,,
achillea-millefolium,Achillea millefolium,Achillea,millefolium,Asteraceae,Achillée millefeuille,Yarrow,Gewöhnliche Schafgarbe,Achillea millefoglie,,3120060,Q25408,,
hypericum-perforatum,Hypericum perforatum,Hypericum,perforatum,Hypericaceae,Millepertuis,St John's wort,Echtes Johanniskraut,Iperico,,3189486,Q158289,,
taraxacum-officinale,Taraxacum officinale,Taraxacum,officinale,Asteraceae,Pissenlit,Dandelion,Löwenzahn,Tarassaco,,5394163,Q131219,,
calluna-vulgaris,Calluna vulgaris,Calluna,vulgaris,Ericaceae,Bruyère commune,Heather,Besenheide,Brugo,,2882482,Q26615,,
erica-carnea,Erica carnea,Erica,carnea,Ericaceae,Bruyère des neiges,Winter heath,Schneeheide,Erica carnea,,5682465,Q248958,,
vaccinium-myrtillus,Vaccinium myrtillus,Vaccinium,myrtillus,Ericaceae,Myrtille,Bilberry,Heidelbeere,Mirtillo nero,,2882833,Q5413585,,
fragaria-vesca,Fragaria vesca,Fragaria,vesca,Rosaceae,Fraisier des bois,Wild strawberry,Wald-Erdbeere,Fragolina di bosco,,3029817,Q146684,,
clematis-vitalba,Clematis vitalba,Clematis,vitalba,Ranunculaceae,Clématite des haies,Old man's beard,Gewöhnliche Waldrebe,Vitalba,,3033558,Q160100,,
nymphaea-alba,Nymphaea alba,Nymphaea,alba,Nymphaeaceae,Nénuphar blanc,White water lily,Weiße Seerose,Ninfea bianca,,2882437,Q147030,,
abelmoschus-esculentus,Abelmoschus esculentus,Abelmoschus,esculentus,Malvaceae,gombo,lady's finger,Okra,Gombo,,3152707,Q80531,,
abies-alba,Abies alba,Abies,alba,Pinaceae,Sapin Blanc,Silver Fir,Weiß-Tanne,Abete bianco,,2685484,Q146992,,
abies-grandis,Abies grandis,Abies,grandis,Pinaceae,Sapin de Vancouver,Grand Fir,Küsten-Tanne,Abete di Vancouver,,2685361,Q147434,,
abrus-precatorius,Abrus precatorius,Abrus,precatorius,Fabaceae,abrus à chapelet,crab's eye vine,Paternostererbse,Abro,,5348711,Q190887,,
acer-campestre,Acer campestre,Acer,campestre,Sapindaceae,Érable champêtre,field maple,Feldahorn,Acero campestre,,3189863,Q158785,,
acer-monspessulanum,Acer monspessulanum,Acer,monspessulanum,Sapindaceae,Érable de Montpellier,Montpellier Maple,Französischer Ahorn,Aceri minori,,7262958,Q161388,,
acer-opalus,Acer opalus,Acer,opalus,Sapindaceae,Érable à feuilles d'obier,Italian maple,Schneeball-Ahorn,Acero opalo,,7100278,Q163822,,
acer-platanoides,Acer platanoides,Acer,platanoides,Sapindaceae,érable plane,Norway Maple,Spitzahorn,acero riccio,,3189846,Q26745,,
acer-pseudoplatanus,Acer pseudoplatanus,Acer,pseudoplatanus,Sapindaceae,érable sycomore,sycamore,Bergahorn,acero di monte,,3189870,Q156944,,
acer-saccharum,Acer saccharum,Acer,saccharum,Sapindaceae,érable à sucre,sugar maple,Zucker-Ahorn,Acero canadese,,3189859,Q214733,,
acmella-oleracea,Acmella oleracea,Acmella,oleracea,Asteraceae,Brèdes mafane,jambu,Jambu,Fiore di Sechuan,,5386764,Q2097498,,
aconitum-napellus,Aconitum napellus,Aconitum,napellus,Ranunculaceae,Aconit napel,aconite,Blauer Eisenhut,Aconito napello,,3033665,Q159218,,
acorus-calamus,Acorus calamus,Acorus,calamus,Acoraceae,Acore odorant,calamus aromaticus,Kalmus,Calamo,,2873769,Q158008,,
adiantum-capillus-veneris,Adiantum capillus-veneris,Adiantum,capillus-veneris,Pteridaceae,Capillaire de Montpellier,common maidenhair fern,Frauenhaarfarn,Adianthum Capillus Veneris,,2651816,Q4678994,,
adonis-aestivalis,Adonis aestivalis,Adonis,aestivalis,Ranunculaceae,Adonis d'été,Anonimus tuntuntun,Sommer-Adonisröschen,Adonide estiva,,5371707,Q148926,,
adonis-vernalis,Adonis vernalis,Adonis,vernalis,Ranunculaceae,Adonis de printemps,spring pheasant's eye,Frühlings-Adonisröschen,Adonide primaverile,,5371711,Q147648,,
aegagropila-linnaei,Aegagropila linnaei,Aegagropila,linnaei,Cladophoraceae,Marimo,Marimo,Algenkugel,Alga a Palla,,5272847,Q149096,,
agrimonia-eupatoria,Agrimonia eupatoria,Agrimonia,eupatoria,Rosaceae,Aigremoine eupatoire,medicinal agrimony,Gemeiner Odermennig,Agrimonio,,3001956,Q156865,,
ailanthus-altissima,Ailanthus altissima,Ailanthus,altissima,Simaroubaceae,Ailante,Ailanthus glandulosa Desf.,Götterbaum,Ailanto,,3190653,Q159570,,
albizia-julibrissin,Albizia julibrissin,Albizia,julibrissin,Fabaceae,Feuilleea julibrissin,pink siris tree,Seidenbaum,Acacia di Costantinopoli,,2972983,Q750307,,
alkekengi-officinarum,Alkekengi officinarum,Alkekengi,officinarum,Solanaceae,Amour en cage,winter cherry,Lampionblume,Alchechegio,,3797084,Q161780,,
alliaria-petiolata,Alliaria petiolata,Alliaria,petiolata,Brassicaceae,alliaire,Garlic Mustard,Knoblauchsrauke,Allaria,,5376075,Q160097,,
allium-ascalonicum,Allium ascalonicum,Allium,ascalonicum,Amaryllidaceae,échalote,shallot,Schalotte,scalogno,,2856558,Q193498,,
allium-fistulosum,Allium fistulosum,Allium,fistulosum,Amaryllidaceae,ciboule,Welsh onion,Winterzwiebel,cipolla d'inverno,,2856504,Q27938,,
allium-ursinum,Allium ursinum,Allium,ursinum,Amaryllidaceae,ail des ours,ramsons,Bärlauch,Aglio orsino,,2857601,Q130882,,
alnus-glutinosa,Alnus glutinosa,Alnus,glutinosa,Betulaceae,aulne glutineux,alder,Schwarz-Erle,Ontano nero,,2876213,Q156904,,
aloysia-citrodora,Aloysia citrodora,Aloysia,citrodora,Verbenaceae,Verveine citronnelle,lemon verbena,Zitronenstrauch,Erba luigia,,5667503,Q206532,,
anemonastrum-narcissiflorum,Anemonastrum narcissiflorum,Anemonastrum,narcissiflorum,Ranunculaceae,Anémone à feuilles de narcisse,narcissus anemone,Narzissen-Windröschen,Anemone a fior di Narciso,,8870733,Q104253351,,
annona-muricata,Annona muricata,Annona,muricata,Annonaceae,Corossolier,soursop,Stachelannone,Graviola,,5407273,Q1709343,,
anthriscus-cerefolium,Anthriscus cerefolium,Anthriscus,cerefolium,Apiaceae,cerfeuil commun,garden chervil,Echter Kerbel,cerfoglio,,5371746,Q218462,,
anthyllis-vulneraria,Anthyllis vulneraria,Anthyllis,vulneraria,Fabaceae,Anthyllide vulnéraire,kidney vetch,Echter Wundklee,Antillide vulneraria,,5352367,Q126256,,
arabidopsis-thaliana,Arabidopsis thaliana,Arabidopsis,thaliana,Brassicaceae,arabette de thalius,mouse-ear cress,Acker-Schmalwand,Arabetta comune,,3052436,Q158695,,
arabis-glabra,Arabis glabra,Arabis,glabra,Brassicaceae,arabette glabre,Tower mustard,Turmkraut,Arabetta glabrescente,,5376000,Q158993,,
arctium-lappa,Arctium lappa,Arctium,lappa,Asteraceae,grande bardane,gobo,Große Klette,Lappa major,,7353729,Q26932,,
arctium-minus,Arctium minus,Arctium,minus,Asteraceae,Petite bardane,button-bur,Kleine Klette,Bardana minore,,5393103,Q20996,,
arctostaphylos-uva-ursi,Arctostaphylos uva-ursi,Arctostaphylos,uva-ursi,Ericaceae,Raisin d'ours,bearberry,Echte Bärentraube,uva ursina,,2882580,Q208032,,
areca-catechu,Areca catechu,Areca,catechu,Arecaceae,Palmier à bétel,Areca-nut palm,Betelnusspalme,Noce di betel,,2736531,Q156969,,
armoracia-rusticana,Armoracia rusticana,Armoracia,rusticana,Brassicaceae,raifort,horseradish,Meerrettich,barbaforte,,3041022,Q26545,,
arrhenatherum-elatius,Arrhenatherum elatius,Arrhenatherum,elatius,Poaceae,Fromental,False Oat-grass,Gewöhnlicher Glatthafer,Erba altissima,,2704505,Q159815,,
artocarpus-heterophyllus,Artocarpus heterophyllus,Artocarpus,heterophyllus,Moraceae,jacquier,jackfruit,Jackfrucht,Jackfruit,,2984565,Q45757,,
arum-italicum,Arum italicum,Arum,italicum,Araceae,Arum d'Italie,Italian Arum,Italienischer Aronstab,Gigaro,,5330661,Q30968,,
arum-maculatum,Arum maculatum,Arum,maculatum,Araceae,gouet tacheté,Snakeshead,Gefleckter Aronstab,Gigaro scuro,,5330580,Q836366,,
asimina-triloba,Asimina triloba,Asimina,triloba,Annonaceae,asiminier trilobé,pawpaw,Dreilappige Papau,Paw paw,,3158040,Q948827,,
aspalathus-linearis,Aspalathus linearis,Aspalathus,linearis,Fabaceae,rooibos,rooibos,Rooibos,rooibos,,5348220,Q272181,,
atriplex-hortensis,Atriplex hortensis,Atriplex,hortensis,Amaranthaceae,Arroche des jardins,Arrach,Gartenmelde,atreplice degli orti,,3083761,Q158505,,
atriplex-rosea,Atriplex rosea,Atriplex,rosea,Amaranthaceae,Arroche rosée,red orache,Rosen-Melde,Atriplice rosea,,3083745,Q159765,,
atropa-bella-donna,Atropa bella-donna,Atropa,bella-donna,Solanaceae,belladone,belladonna,Schwarze Tollkirsche,Belladonna,,3802655,Q156091,,
azadirachta-indica,Azadirachta indica,Azadirachta,indica,Meliaceae,Margousier,neem tree,Niembaum,Neem,,3190474,Q170461,,
ballota-nigra,Ballota nigra,Ballota,nigra,Lamiaceae,Ballote,Black Horehound,Schwarznessel,Marrubio selvatico,,2926894,Q157878,,
berberis-vulgaris,Berberis vulgaris,Berberis,vulgaris,Berberidaceae,Épine-vinette,common barberry,Berberitze,Crespino comune,,3033894,Q158563,,
bertholletia-excelsa,Bertholletia excelsa,Bertholletia,excelsa,Lecythidaceae,Châtaignier du Brésil,Brazil-nut Tree,Paranussbaum,Noce del Brasile,,3083180,Q81671,,
bidens-tripartita,Bidens tripartita,Bidens,tripartita,Asteraceae,Bident trifoliolé,leafy-bracted beggarticks,Dreiteiliger Zweizahn,Forbicina comune,,5391862,Q673334,,
bixa-orellana,Bixa orellana,Bixa,orellana,Bixaceae,Roucou,Achiote,Annattostrauch,Achiote,,2874863,Q147701,,
borago-officinalis,Borago officinalis,Borago,officinalis,Boraginaceae,Bourrache,borage,Borretsch,Borragine,,2926110,Q147075,,
brassica-napus,Brassica napus,Brassica,napus,Brassicaceae,colza,rape,Raps,colza,,3042636,Q177932,,
bunium-bulbocastanum,Bunium bulbocastanum,Bunium,bulbocastanum,Apiaceae,Châtaigne de terre,Earthnut,Gewöhnlicher Knollenkümmel,Bulbocastano,,3034501,Q252331,,
caesalpinia-echinata,Caesalpinia echinata,Caesalpinia,echinata,Fabaceae,Bois de Pernambouc,Brazilwood,Brasilholz,Pau brasil,,9119360,Q216469,,
cajanus-cajan,Cajanus cajan,Cajanus,cajan,Fabaceae,pois d'Angole ( Cajanus cajan),pigeonpea,Straucherbse,Caiano,,7587087,Q632559,,
calocedrus-decurrens,Calocedrus decurrens,Calocedrus,decurrens,Cupressaceae,Calocèdre,bastard cedar,Weihrauchzeder,cedro dell'incenso,,2683936,Q1399164,,
caltha-palustris,Caltha palustris,Caltha,palustris,Ranunculaceae,Populage des marais,Kingcup,Sumpfdotterblume,Calta palustre,,5371685,Q147192,,
camellia-sinensis,Camellia sinensis,Camellia,sinensis,Theaceae,théier,tea,Tee,Albero del tè,,3189635,Q101815,,
capparis-spinosa,Capparis spinosa,Capparis,spinosa,Capparaceae,Câprier,caper bush,Echter Kapernstrauch,cappero,,6370689,Q156251,,
capsella-bursa-pastoris,Capsella bursa-pastoris,Capsella,bursa-pastoris,Brassicaceae,bourse-à-pasteur commune,Shepherd's purse,Gewöhnliches Hirtentäschel,Borsa del pastore,,5375388,Q27264,,
cardamine-enneaphyllos,Cardamine enneaphyllos,Cardamine,enneaphyllos,Brassicaceae,Cardamine à neuf folioles,Drooping bittercress,Quirlblättrige Zahnwurz,Dentaria a 9 foglie,,3046224,Q854941,,
carica-papaya,Carica papaya,Carica,papaya,Caricaceae,Papayer,papaya,Papaya,Papaya,,2874484,L1371252-S1,,
carpinus-betulus,Carpinus betulus,Carpinus,betulus,Betulaceae,charme commun,European hornbeam,Hainbuche,Carpino bianco,,2875818,Q158776,,
carthamus-tinctorius,Carthamus tinctorius,Carthamus,tinctorius,Asteraceae,Carthame des teinturiers,Safflower,Färberdistel,Cartamo,,3138327,Q156625,,
carum-carvi,Carum carvi,Carum,carvi,Apiaceae,Carvi,caraway,Echter Kümmel,carvi,,3034714,Q26811,,
castanea-sativa,Castanea sativa,Castanea,sativa,Fagaceae,châtaignier commun,Spanish chestnut,Edelkastanie,castagno,,5333294,Q22699,,
catha-edulis,Catha edulis,Catha,edulis,Celastraceae,Khat,chat,Kathstrauch,Kat,,7979745,Q207642,,
cedrus-deodara,Cedrus deodara,Cedrus,deodara,Pinaceae,Cèdre de l'Himalaya,Deodar Cedar,Himalaya-Zeder,Cedro dell'Himalaya,,5284698,Q146935,,
ceiba-pentandra,Ceiba pentandra,Ceiba,pentandra,Malvaceae,Fromager,Kapok,Kapokbaum,Albero del kapok,,5406697,Q138617,,
centaurea-jacea,Centaurea jacea,Centaurea,jacea,Asteraceae,Centaurée jacée,brown knapweed,Wiesen-Flockenblume,Fiordaliso stoppione,,3128547,Q1130177,,
centaurea-montana,Centaurea montana,Centaurea,montana,Asteraceae,Barbeau des montagnes,Perennial Cornflower,Berg-Flockenblume,Fiordaliso montano,,9023462,Q819191,,
centaurea-solstitialis,Centaurea solstitialis,Centaurea,solstitialis,Asteraceae,Centaurée du solstice,yellow star-thistle,Sonnenwend-Flockenblume,Floravia,,3128888,Q2068262,,
centella-asiatica,Centella asiatica,Centella,asiatica,Apiaceae,Antanan,Asiatic pennywort,Indischer Wassernabel,Erba della tigre e dell'elefante,,3034128,Q324714,,
centranthus-ruber,Centranthus ruber,Centranthus,ruber,Caprifoliaceae,Centranthe rouge,Red Valerian,Rote Spornblume,Valeriana Rossa,,2888740,Q158231,,
cephalanthera-longifolia,Cephalanthera longifolia,Cephalanthera,longifolia,Orchidaceae,Céphalanthère à feuilles étroites,Sword-leaved helleborine,Langblättriges Waldvöglein,Cefalantera maggiore,,2795869,Q157427,,
ceratonia-siliqua,Ceratonia siliqua,Ceratonia,siliqua,Fabaceae,caroubier,carob tree,Johannisbrotbaum,carrubo,,5356354,Q68763,,
ceratophyllum-demersum,Ceratophyllum demersum,Ceratophyllum,demersum,Ceratophyllaceae,Cornifle immergé,hornwort,Raues Hornblatt,Ceratofillo,,2882398,Q157385,,
chamaenerion-angustifolium,Chamaenerion angustifolium,Chamaenerion,angustifolium,Onagraceae,Épilobe à feuilles étroites,blitzweed,Schmalblättriges Weidenröschen,camenèrio,,6428353,Q160104,,
chelidonium-majus,Chelidonium majus,Chelidonium,majus,Papaveraceae,Chélidoine,Swallowwort,Schöllkraut,Celidonia,,5334186,Q156807,,
chenopodium-album,Chenopodium album,Chenopodium,album,Amaranthaceae,Ansérine blanche,fat hen,Weißer Gänsefuß,Farinello comune,,3083838,Q158610,,
chenopodium-polyspermum,Chenopodium polyspermum,Chenopodium,polyspermum,Amaranthaceae,Chénopode à graines nombreuses,all-seed,Chénopode polysperme,Farinello polisporo,,8273130,Q159109,,
chenopodium-quinoa,Chenopodium quinoa,Chenopodium,quinoa,Amaranthaceae,quinoa,Quinua,Quinoa,Quinoa,,3083935,Q139925,,
chenopodium-rubrum,Chenopodium rubrum,Chenopodium,rubrum,Amaranthaceae,ansérine rouge,Alkali blite,Roter Gänsefuß,Chenopodio rosso,Oxybasis rubra,7725469,Q1477103,,
chloris-chloris,Chloris chloris,Chloris,chloris,Poaceae,verdier d'Europe,European Greenfinch,Grünfink,verdone,,11212714,Q27075785,,
chondrus-crispus,Chondrus crispus,Chondrus,crispus,Gigartinaceae,carragheen,Irish moss,Knorpeltang,Carragheen,,5279115,Q4963539,,
chrysosplenium-alternifolium,Chrysosplenium alternifolium,Chrysosplenium,alternifolium,Saxifragaceae,dorine à feuilles alternes,alternate-leaf golden saxifrage,Wechselblättriges Milzkraut,Erba-milza comune,,7339315,Q159699,,
cicer-arietinum,Cicer arietinum,Cicer,arietinum,Fabaceae,pois chiche,chickpea,Kichererbse,Cecio,,2947311,Q81375,,
cinnamomum-camphora,Cinnamomum camphora,Cinnamomum,camphora,Lauraceae,camphrier,camphor laurel,Kampferbaum,albero della canfora,,3033991,Q158722,,
citrus-maxima,Citrus maxima,Citrus,maxima,Rutaceae,Pamplemousse vrai,pomelo,Pampelmuse,Pomelo,,3190160,Q80024,,
citrus-unshiu,Citrus unshiu,Citrus,unshiu,Rutaceae,mandarine satsuma,satsuma,Satsuma,Myacawa,Citrus reticulata,3190172,Q875262,,
cladium-mariscus,Cladium mariscus,Cladium,mariscus,Cyperaceae,Cladiaie,Fen Sedge,Binsenschneide,Falasco,,2731327,Q158918,,
coix-lacryma-jobi,Coix lacryma-jobi,Coix,lacryma-jobi,Poaceae,Adlaï,Job's tears,Hiobsträne,Adlai,,2706301,Q827098,,
colchicum-autumnale,Colchicum autumnale,Colchicum,autumnale,Colchicaceae,Colchique d'automne,autumn crocus,Herbst-Zeitlose,Colchino,,2739622,Q152553,,
colocasia-esculenta,Colocasia esculenta,Colocasia,esculenta,Araceae,Colocase,coco yam,Taro,Taro,,5330776,Q227997,,
commiphora-wightii,Commiphora wightii,Commiphora,wightii,Burseraceae,Gugul,guggul,Guggul,Gugul,,3992808,Q901803,,
convolvulus-arvensis,Convolvulus arvensis,Convolvulus,arvensis,Convolvulaceae,Liseron des champs,common bindweed,Ackerwinde,Convolvolo,,2928390,Q111346,,
cornus-sanguinea,Cornus sanguinea,Cornus,sanguinea,Cornaceae,Cornouiller sanguin,dogwood,Roter Hartriegel,Sanguinella,,3082234,Q161416,,
crataegus-azarolus,Crataegus azarolus,Crataegus,azarolus,Rosaceae,Azarolier,azarole,Azaroldorn,Azzaruolo,,3013739,Q793606,,
crataegus-monogyna,Crataegus monogyna,Crataegus,monogyna,Rosaceae,Aubépine monogyne,Hawthorn,Eingriffeliger Weißdorn,Biancospino,,9220780,Q161511,,
crithmum-maritimum,Crithmum maritimum,Crithmum,maritimum,Apiaceae,Criste marine,rock samphire,Meerfenchel,Finocchio marino,,3632234,Q1136311,,
cucurbita-moschata,Cucurbita moschata,Cucurbita,moschata,Cucurbitaceae,courge musquée,Butternut Pumpkin,Moschus-Kürbis,Zucca trombetta,,7393329,Q160571,,
cuminum-cyminum,Cuminum cyminum,Cuminum,cyminum,Apiaceae,cumin,cumin,Kreuzkümmel,Cumino,,3034775,Q132624,,
cupressus-macrocarpa,Cupressus macrocarpa,Cupressus,macrocarpa,Cupressaceae,Cyprès de Lambert,Monterey Cypress,Monterey-Zypresse,Cipresso di Monterey,Hesperocyparis macrocarpa,2684070,Q1137183,,
curcuma-longa,Curcuma longa,Curcuma,longa,Zingiberaceae,Curcumin,common turmeric,Kurkuma,Turmeric,,2757624,L1370439-S1,,
cynodon-dactylon,Cynodon dactylon,Cynodon,dactylon,Poaceae,Chiendent pied de poule,Bermudagrass,Hundszahngras,Gramigna,,6109637,Q208705,,
cyperus-esculentus,Cyperus esculentus,Cyperus,esculentus,Cyperaceae,Souchet comestible,almendra de tierra,Erdmandel,Zigolo dolce,,2716226,Q1165724,,
cyperus-papyrus,Cyperus papyrus,Cyperus,papyrus,Cyperaceae,Papyrus,CyperusPapyrus,Echter Papyrus,Papiro,,2716311,Q158808,,
cytisus-scoparius,Cytisus scoparius,Cytisus,scoparius,Fabaceae,Genêt à balais,broom,Besenginster,Ginestra dei carbonai,,5354656,Q145781,,
dactylis-glomerata,Dactylis glomerata,Dactylis,glomerata,Poaceae,Dactyle pelotonné,Cock's-foot,Gewöhnliches Knäuelgras,Pannocchina,,2705308,Q161735,,
daphne-cneorum,Daphne cneorum,Daphne,cneorum,Thymelaeaceae,daphné camélée,Rose Daphne,Rosmarin-Seidelbast,Cneoro,,7150059,Q158141,,
daphne-mezereum,Daphne mezereum,Daphne,mezereum,Thymelaeaceae,bois-joli,Mezereon,Echter Seidelbast,Dafne mezereo,,5420852,Q165166,,
datura-stramonium,Datura stramonium,Datura,stramonium,Solanaceae,stramoine,jimsonweed,Gemeiner Stechapfel,Stramonio,,2928751,Q30959,,
delonix-regia,Delonix regia,Delonix,regia,Fabaceae,Flamboyant,flamboyant,Flammenbaum,Poinciana regia,,2956176,Q238486,,
dictamnus-albus,Dictamnus albus,Dictamnus,albus,Rutaceae,Dictame blanc,Burning Bush,Diptam,Dittamo,,5421338,Q157755,,
dracaena-draco,Dracaena draco,Dracaena,draco,Asparagaceae,Dragonnier des Canaries,dragontree,Drachenbäume,Albero del drago,,5304469,Q157952,,
ecballium-elaterium,Ecballium elaterium,Ecballium,elaterium,Cucurbitaceae,Concombre d'âne,Squirting cucumber,Spritzgurke,Cocomero asinino,,2874680,Q157877,,
echinochloa-crus-galli,Echinochloa crus-galli,Echinochloa,crus-galli,Poaceae,pied-de-coq,cockspur,Hühnerhirse,Giavone,,2702808,Q163527,,
echinops-sphaerocephalus,Echinops sphaerocephalus,Echinops,sphaerocephalus,Asteraceae,Oursin à têtes rondes,glandular globe-thistle,Drüsenblättrige Kugeldistel,cardo-pallottola maggiore,,5392883,Q930849,,
eleutherococcus-senticosus,Eleutherococcus senticosus,Eleutherococcus,senticosus,Araliaceae,Eleuthérocoque,devil's bush,Borstige Taigawurzel,Eleuterococco,,3035369,Q894245,,
elymus-repens,Elymus repens,Elymus,repens,Poaceae,chiendent commun,couch grass,Kriech-Quecke,Elytrigia repens,,5290299,Q276262,,
epipactis-palustris,Epipactis palustris,Epipactis,palustris,Orchidaceae,Épipactis des marais,marsh helleborine,Sumpf-Stendelwurz,Elleborina palustre,,5319226,Q161124,,
equisetum-arvense,Equisetum arvense,Equisetum,arvense,Equisetaceae,Prêle des champs,horsetail,Acker-Schachtelhalm,Coda cavallina dei campi,,7924597,Q107592,,
eranthis-hyemalis,Eranthis hyemalis,Eranthis,hyemalis,Ranunculaceae,eranthe dhiver,winter aconite,Winterling,Piè di gallo,,3033227,Q161553,,
eryngium-maritimum,Eryngium maritimum,Eryngium,maritimum,Apiaceae,Chardon bleu,Sea-holly,Stranddistel,Eringio marino,,3034391,Q21110,,
euonymus-europaeus,Euonymus europaeus,Euonymus,europaeus,Celastraceae,Fusain d'Europe,spindle,Gewöhnlicher Spindelstrauch,fusaggine,,3169131,Q161379,,
euterpe-oleracea,Euterpe oleracea,Euterpe,oleracea,Arecaceae,Acai,açaí,Acai,Açai,,5293398,Q33943,,
fagopyrum-esculentum,Fagopyrum esculentum,Fagopyrum,esculentum,Polygonaceae,sarrasin,buckwheat plant,echter Buchweizen,Grano Saraceno,,2889373,Q132734,,
ferula-assa-foetida,Ferula assa-foetida,Ferula,assa-foetida,Apiaceae,Peucedanum hooshe,Hing,Asant,Assa fetida,,8113074,Q111185,,
ficaria-verna,Ficaria verna,Ficaria,verna,Ranunculaceae,Ficaire,Lesser Celandine,Scharbockskraut,Ranuncolo favagello,,9094061,Q157557,,
filipendula-ulmaria,Filipendula ulmaria,Filipendula,ulmaria,Rosaceae,Reine des prés,Meadowsweet,Echtes Mädesüß,Olmaria,,2987999,Q147176,,
frangula-alnus,Frangula alnus,Frangula,alnus,Rhamnaceae,Bourdaine,Alder Buckthorn,Faulbaum,Frangola,,3039454,Q146136,,
fraxinus-excelsior,Fraxinus excelsior,Fraxinus,excelsior,Oleaceae,Frêne élevé,ash,Gemeine Esche,Frassino maggiore,,3172358,Q156907,,
galega-officinalis,Galega officinalis,Galega,officinalis,Fabaceae,Galéga officinal,professor-weed,Geißraute,erba ruta delle capre,,2975667,Q157287,,
galium-aparine,Galium aparine,Galium,aparine,Rubiaceae,gaillet gratteron,Goosegrass,Kletten-Labkraut,Attaccamano,,2913548,Q161581,,
galium-mollugo,Galium mollugo,Galium,mollugo,Rubiaceae,Caille-lait blanc,false baby's breath,Wiesen-Labkraut,Caglio tirolese,,9039392,Q159744,,
galium-verum,Galium verum,Galium,verum,Rubiaceae,Caille-lait jaune,Lady's Bedstraw,Echtes Labkraut,Caglio vero,,9063248,Q156854,,
gentiana-verna,Gentiana verna,Gentiana,verna,Gentianaceae,Gentiane de printemps,spring gentian,Frühlings-Enzian,Genzianella di primavera,,8232412,Q159389,,
geranium-robertianum,Geranium robertianum,Geranium,robertianum,Geraniaceae,Géranium Herbe à Robert,herb-robert,Ruprechtskraut,Erba Roberta,,2890668,Q160096,,
glechoma-hederacea,Glechoma hederacea,Glechoma,hederacea,Lamiaceae,lierre terrestre,gill,Gundermann,Ellera terrestre comune,,2926557,Q162544,,
gleditsia-triacanthos,Gleditsia triacanthos,Gleditsia,triacanthos,Fabaceae,Févier d'Amérique,thornless honey locust,Amerikanische Gleditschie,Spino di Giuda,,2959443,Q157650,,
glycine-max,Glycine max,Glycine,max,Fabaceae,soja,soybean,Sojabohne,soia,,5359660,Q11006,,
helianthus-tuberosus,Helianthus tuberosus,Helianthus,tuberosus,Asteraceae,topinambour,jerusalem artichoke,Topinambur,topinambur,,3119175,Q146190,,
helichrysum-italicum,Helichrysum italicum,Helichrysum,italicum,Asteraceae,Helichrysum italicum italicum,curry plant,Italienische Strohblume,Elicriso,,3131614,Q1587861,,
helleborus-niger,Helleborus niger,Helleborus,niger,Ranunculaceae,Rose de Noel,black hellebore,Schneerose,Elleboro nero,,3033107,Q147834,,
hepatica-nobilis,Hepatica nobilis,Hepatica,nobilis,Ranunculaceae,anémone d'Amérique,liverwort,Leberblümchen,Erba della trinità,,5371699,Q161050,,
heracleum-mantegazzianum,Heracleum mantegazzianum,Heracleum,mantegazzianum,Apiaceae,Berce des prés,wild rhubarb,Riesen-Bärenklau,Panace di Mantegazzi,,3034825,Q826602,,
heracleum-sphondylium,Heracleum sphondylium,Heracleum,sphondylium,Apiaceae,Berce commune,hogweed,Wiesen-Bärenklau,Panace,,3034830,Q752675,,
hibiscus-sabdariffa,Hibiscus sabdariffa,Hibiscus,sabdariffa,Malvaceae,Roselle,roselle,Roselle,carcadè,,3152582,Q319390,,
hippocrepis-comosa,Hippocrepis comosa,Hippocrepis,comosa,Fabaceae,Fer à cheval,horse shoe vetch,Gewöhnlicher Hufeisenklee,Sferracavallo comune,,5353750,Q158369,,
hordeum-murinum,Hordeum murinum,Hordeum,murinum,Poaceae,Orge des rats,mouse barley,Mäuse-Gerste,Orzo murino,,7886346,Q161674,,
hordeum-vulgare,Hordeum vulgare,Hordeum,vulgare,Poaceae,orge commune,common barley,Gerste,Orzo,,2706056,Q11577,,
ilex-paraguariensis,Ilex paraguariensis,Ilex,paraguariensis,Aquifoliaceae,Thé du Brésil,yerba mate,Mate-Strauch,Yerba mate,,5414252,Q117068,,
inula-salicina,Inula salicina,Inula,salicina,Asteraceae,Inule à feuilles de saule,irish fleabane,Weidenblättriger Alant,Enula aspra,,8229935,Q1516461,,
ipomoea-batatas,Ipomoea batatas,Ipomoea,batatas,Convolvulaceae,patate douce,sweet potato,Süßkartoffel,patata raffreddata,,2928551,L1371250-S1,,
iris-pseudacorus,Iris pseudacorus,Iris,pseudacorus,Iridaceae,Iris d'eau,Yellow Iris,Sumpf-Schwertlilie,Giaggiolo acquatico,,5298231,Q21173,,
isatis-tinctoria,Isatis tinctoria,Isatis,tinctoria,Brassicaceae,Pastel des teinturiers,woad,Färberwaid,Isathis tinctoria,,5374118,Q212547,,
jatropha-curcas,Jatropha curcas,Jatropha,curcas,Euphorbiaceae,Bagani,Barbados nut,Purgiernuss,Giatrofa,,3072953,Q74644,,
juncus-bufonius,Juncus bufonius,Juncus,bufonius,Juncaceae,jonc des crapauds,lakeshore bulrush,Kröten-Binse,Juncus bufonius s. str.,,6413649,Q159152,,
kroenleinia-grusonii,Kroenleinia grusonii,Kroenleinia,grusonii,Cactaceae,Ballon d'Or,Golden barrel cactus,Goldkugelkaktus,Cuscino della suocera,,10911827,Q42751825,,
lablab-purpureus,Lablab purpureus,Lablab,purpureus,Fabaceae,Antaque,Hyacinth bean,Helmbohne,dolico egiziano,,2952236,Q1077410,,
lamium-galeobdolon,Lamium galeobdolon,Lamium,galeobdolon,Lamiaceae,Lamier jaune,Lamiastrum galeobdolon,Gewöhnliche Goldnessel,Falsa ortica gialla,,2927324,Q159749,,
lamium-purpureum,Lamium purpureum,Lamium,purpureum,Lamiaceae,lamier pourpre,Red Dead-nettle,Purpurrote Taubnessel,Falsa ortica porporina,,2926682,Q157619,,
lathyrus-vernus,Lathyrus vernus,Lathyrus,vernus,Fabaceae,Gesse printanière,spring pea,Frühlings-Platterbse,Cicerchia primaticcia,,5356704,Q157490,,
lawsonia-inermis,Lawsonia inermis,Lawsonia,inermis,Lythraceae,henné,henna,Hennastrauch,Henné,,5420912,Q182448,,
leptospermum-scoparium,Leptospermum scoparium,Leptospermum,scoparium,Myrtaceae,Manuka,tea tree,Südseemyrte,Manuka,,3181762,Q1520028,,
leucojum-vernum,Leucojum vernum,Leucojum,vernum,Amaryllidaceae,Nivéole de printemps,spring snowflake,Frühlings-Knotenblume,Campanellino di primavera,,2860409,Q161530,,
levisticum-officinale,Levisticum officinale,Levisticum,officinale,Apiaceae,Livèche,wild celery,Liebstöckel,Levistico,,5371772,Q27615,,
lilium-bulbiferum,Lilium bulbiferum,Lilium,bulbiferum,Liliaceae,Lis bulbifère,fire lily,Feuer-Lilie,giglio rosso,,2753079,Q163766,,
linum-usitatissimum,Linum usitatissimum,Linum,usitatissimum,Linaceae,lin cultivé,common flax,Gemeiner Lein,Lino,,2873861,Q45108,,
liparis-loeselii,Liparis loeselii,Liparis,loeselii,Orchidaceae,Liparis de Loesel,bog twayblade,Sumpf-Glanzkraut,Liparide,,5323092,Q157893,,
liquidambar-styraciflua,Liquidambar styraciflua,Liquidambar,styraciflua,Altingiaceae,Copalme d'amérique,alligatorwood,Amerikanischer Amberbaum,Storace americano,,3152824,Q469652,,
lolium-multiflorum,Lolium multiflorum,Lolium,multiflorum,Poaceae,Ray-grass d'Italie,Italian Rye Grass,Welsches Weidelgras,Loiessa,,4129708,Q157883,,
lonicera-caprifolium,Lonicera caprifolium,Lonicera,caprifolium,Caprifoliaceae,chèvrefeuille des Jardins,honeyberry,Gartengeißblatt,Caprifoglio comune,,5334227,Q158538,,
lonicera-xylosteum,Lonicera xylosteum,Lonicera,xylosteum,Caprifoliaceae,camérisier,dwarf honeysuckle,Rote Heckenkirsche,Caprifoglio peloso,,5334259,Q162760,,
lycopodium-clavatum,Lycopodium clavatum,Lycopodium,clavatum,Lycopodiaceae,Lycopode officinal,Stag's-horn Clubmoss,Keulen-Bärlapp,Licopodio,,2688393,Q466426,,
lysimachia-arvensis,Lysimachia arvensis,Lysimachia,arvensis,Primulaceae,Mouron rouge,scarlet pimpernel,Acker-Gauchheil,Mordigallina,,8184903,Q21327968,,
lysimachia-nummularia,Lysimachia nummularia,Lysimachia,nummularia,Primulaceae,Lysimaque nummulaire,creeping jenny,Pfennigkraut,Erba monetaria,,3169379,Q147305,,
maclura-pomifera,Maclura pomifera,Maclura,pomifera,Moraceae,oranger des osages,Bois d'Arc,Milchorangenbaum,Gelso degli Osagi,,2984580,Q1066106,,
macrochloa-tenacissima,Macrochloa tenacissima,Macrochloa,tenacissima,Poaceae,alfa,esparto grass,Halfagras,Alfa,,4127897,Q831011,,
manihot-esculenta,Manihot esculenta,Manihot,esculenta,Euphorbiaceae,manioc,cassava,Maniok,manioca,,3060998,Q83124,,
manilkara-zapota,Manilkara zapota,Manilkara,zapota,Sapotaceae,sapotillier,sapodilla,Breiapfelbaum,sapodilla,,2885158,Q14959,,
marrubium-vulgare,Marrubium vulgare,Marrubium,vulgare,Lamiaceae,Marrube blanc,horehound,Gewöhnlicher Andorn,Marrubio,,2927069,Q157631,,
matthiola-incana,Matthiola incana,Matthiola,incana,Brassicaceae,grande giroflée,tenweeks stock,Garten-Levkoje,Violacciocca,,5377378,Q30063,,
melia-azedarach,Melia azedarach,Melia,azedarach,Meliaceae,Azédarach,pride of India,Zedrachbaum,Albero dei paternostri,,5914287,Q162171,,
melilotus-officinalis,Melilotus officinalis,Melilotus,officinalis,Fabaceae,Mélilot officinal,Common Melilot,Gelber Steinklee,Meliloto,,8193111,Q161160,,
mentha-arvensis,Mentha arvensis,Mentha,arvensis,Lamiaceae,Menthe des champs,corn mint,Acker-Minze,Menta dei campi,,2927192,Q160585,,
menyanthes-trifoliata,Menyanthes trifoliata,Menyanthes,trifoliata,Menyanthaceae,Menyanthe,Bogbean,Fieberklee,Trifoglio d'acqua,,5341511,Q156153,,
mespilus-germanica,Mespilus germanica,Mespilus,germanica,Rosaceae,néflier,medlar,Mispel,Nespolo comune,,3031774,Q146186,,
musa-textilis,Musa textilis,Musa,textilis,Musaceae,Abaca,Abaca,Abacá,Abaca,,2762907,Q161097,,
muscari-comosum,Muscari comosum,Muscari,comosum,Asparagaceae,Muscari à toupet,tassel grape hyacinth,Schopfige Traubenhyazinthe,Cipollaccio,,2769204,Q163946,,
myrrhis-odorata,Myrrhis odorata,Myrrhis,odorata,Apiaceae,Cerfeuil d'Espagne,cicely,Süßdolde,Finocchiella,,3034681,Q1137175,,
nasturtium-officinale,Nasturtium officinale,Nasturtium,officinale,Brassicaceae,cresson de fontaine,watercress,Echte Brunnenkresse,crescione d'acqua,,7701037,Q150452,,
nuphar-lutea,Nuphar lutea,Nuphar,lutea,Nymphaeaceae,Nénuphar jaune,yellow cowlily,Gelbe Teichrose,Nannufero,,7551339,Q146406,,
nymphoides-peltata,Nymphoides peltata,Nymphoides,peltata,Menyanthaceae,Faux nénuphar,Fringed Water-lily,Europäische Seekanne,Limnantemio,,8810827,Q159743,,
oenanthe-aquatica,Oenanthe aquatica,Oenanthe,aquatica,Apiaceae,Œnanthe aquatique,fine leafed water dropwort,Großer Wasserfenchel,Fellandrio,,5371888,Q1549096,,
oenanthe-javanica,Oenanthe javanica,Oenanthe,javanica,Apiaceae,Pokok Selom,Minari,Minari,Minari,,5371886,Q905974,,
oenothera-biennis,Oenothera biennis,Oenothera,biennis,Onagraceae,Onagre bisannuelle,Evening primrose,Gemeine Nachtkerze,Enotera,,3188924,Q157353,,
ononis-spinosa,Ononis spinosa,Ononis,spinosa,Fabaceae,Bugrane épineuse,restharrow,Dornige Hauhechel,Ononide,,2977149,Q160102,,
onopordum-acanthium,Onopordum acanthium,Onopordum,acanthium,Asteraceae,Chardon aux ânes,Cotton Thistle,Eselsdistel,Cardo asinino,,3094900,Q30166,,
ophioglossum-vulgatum,Ophioglossum vulgatum,Ophioglossum,vulgatum,Ophioglossaceae,Ophioglosse des Alpes,Adder's-tongue,Gewöhnliche Natternzunge,Ofioglosso comune,,2650133,Q847497,,
osmanthus-fragrans,Osmanthus fragrans,Osmanthus,fragrans,Oleaceae,Olivier odorant,Fragrant Olive,Süße Duftblüte,Osmanti,,3172278,Q1209922,,
oxalis-acetosella,Oxalis acetosella,Oxalis,acetosella,Oxalidaceae,Oxalide petite oseille,Wood-sorrel,Waldsauerklee,Acetosella,,8211958,Q158576,,
papaver-somniferum,Papaver somniferum,Papaver,somniferum,Papaveraceae,pavot somnifère,Opium Poppy,Schlafmohn,papavero da oppio,,2888439,Q131584,,
parietaria-officinalis,Parietaria officinalis,Parietaria,officinalis,Urticaceae,Pariétaire officinale,eastern pellitory-of-the-wall,Aufrechtes Glaskraut,Erba vento,,5361803,Q158578,,
persicaria-lapathifolia,Persicaria lapathifolia,Persicaria,lapathifolia,Polygonaceae,Renouée à feuilles d'oseille,curlytop knotweed,Ampfer-Knöterich,poligono nodoso,,2889262,Q159076,,
phaseolus-coccineus,Phaseolus coccineus,Phaseolus,coccineus,Fabaceae,Haricot d'Espagne,snap bean,Feuerbohne,Fagiolo Corona,,5350466,Q159753,,
phragmites-australis,Phragmites australis,Phragmites,australis,Poaceae,Canne à balai,common reed,Schilfrohr,Cannuccia di palude,,5290149,Q28557,,
picea-orientalis,Picea orientalis,Picea,orientalis,Pinaceae,Épicéa d'Orient,Caucasian Spruce,Kaukasus-Fichte,Peccio del Caucaso,,5284794,Q1145286,,
picea-pungens,Picea pungens,Picea,pungens,Pinaceae,Épicéa bleu,Colorado blue spruce,Stech-Fichte,Peccio del Colorado,,5284871,Q146025,,
pimenta-dioica,Pimenta dioica,Pimenta,dioica,Myrtaceae,Piment de la Jamaïque,allspice,Pimentpflanze,Pepe della Giamaica,,3186061,Q158468,,
pinguicula-vulgaris,Pinguicula vulgaris,Pinguicula,vulgaris,Lentibulariaceae,Grassette commune,common butterwort,Gemeines Fettkraut,Pinguicola,,5415065,Q161658,,
pinus-pinaster,Pinus pinaster,Pinus,pinaster,Pinaceae,Pin des landes,maritime pine,See-Kiefer,Pinastro,,5285565,Q271582,,
pinus-pinea,Pinus pinea,Pinus,pinea,Pinaceae,Pin parasol,Stone Pine,Pinie,pino,,5285165,Q106094,,
pinus-strobus,Pinus strobus,Pinus,strobus,Pinaceae,pin blanc,eastern white pine,Weymouthskiefer,Pino bianco orientale,,5284982,Q157230,,
pistacia-vera,Pistacia vera,Pistacia,vera,Anacardiaceae,pistachier,pistachio,Pistazie,pistacchio,,3190585,Q36071,,
plantago-lanceolata,Plantago lanceolata,Plantago,lanceolata,Plantaginaceae,Plantain lancéolé,Ribwort Plantain,Spitzwegerich,piantaggine lanciuola,,8208358,Q157408,,
plantago-major,Plantago major,Plantago,major,Plantaginaceae,Grand plantain,Greater Plantain,Breitwegerich,piantaggine maggiore,,3189767,Q157154,,
plantago-maritima,Plantago maritima,Plantago,maritima,Plantaginaceae,Plantain maritime,goose tongue,Strand-Wegerich,Plantago maritima agg.,,3189755,Q21126,,
platanthera-chlorantha,Platanthera chlorantha,Platanthera,chlorantha,Orchidaceae,Platanthère à fleurs verdâtres,Greater Butterfly-orchid,Grünliche Waldhyazinthe,Platantera verdastra,,2797913,Q157889,,
platanus-occidentalis,Platanus occidentalis,Platanus,occidentalis,Platanaceae,Platane d'Occident,buttonwood,Amerikanische Platane,Platano americano,,3152820,Q157739,,
polygonum-aviculare,Polygonum aviculare,Polygonum,aviculare,Polygonaceae,Renouée des oiseaux,knotgrass,Vogelknöterich,Correggiola,,7821030,Q242573,,
polypodium-vulgare,Polypodium vulgare,Polypodium,vulgare,Polypodiaceae,Polypode commun,common polypody,Gewöhnlicher Tüpfelfarn,Falsa liquirizia,,5274951,Q743883,,
populus-tremula,Populus tremula,Populus,tremula,Salicaceae,Tremble,aspen,Espe,Pioppo tremulo,,3040249,Q146110,,
portulaca-oleracea,Portulaca oleracea,Portulaca,oleracea,Portulacaceae,Porcelane,Moss Rose,Portulak,Porcellana comune,,3084719,Q158015,,
potentilla-erecta,Potentilla erecta,Potentilla,erecta,Rosaceae,Tormentille,tormentil,Blutwurz,Cinquefoglia tormentilla,,5365576,Q160098,,
potentilla-indica,Potentilla indica,Potentilla,indica,Rosaceae,Duchesnée,False strawberry,Scheinerdbeere,Falsa fragola,,5365717,Q162878,,
prunus-cerasifera,Prunus cerasifera,Prunus,cerasifera,Rosaceae,myrobolan,cherry plum,Kirschpflaume,Amolo,,3021730,Q146951,,
prunus-cerasus,Prunus cerasus,Prunus,cerasus,Rosaceae,Cerisier acide,sour cherry,Sauerkirsche,Ciliegio acido,,3021922,Q131517,,
prunus-mahaleb,Prunus mahaleb,Prunus,mahaleb,Rosaceae,Bois de sainte Lucie,St Lucie Cherry,Steinweichsel,ciliegio canino,,3022789,Q161920,,
prunus-mume,Prunus mume,Prunus,mume,Rosaceae,abricotier du Japon,Japanese apricot,Ume,Albicocco del Giappone,,3021046,Q157763,,
prunus-padus,Prunus padus,Prunus,padus,Rosaceae,cerisier à grappes,Bird Cherry,Gewöhnliche Traubenkirsche,Pado,,3021037,Q165424,,
prunus-spinosa,Prunus spinosa,Prunus,spinosa,Rosaceae,Prunellier,blackthorn,Schlehdorn,Prugnolo,,3023221,Q129018,,
pseudolarix-amabilis,Pseudolarix amabilis,Pseudolarix,amabilis,Pinaceae,Mélèze doré de Chine,Golden larch,Goldlärche,Pseudolarice,,2686287,Q1458175,,
pseudotsuga-menziesii,Pseudotsuga menziesii,Pseudotsuga,menziesii,Pinaceae,Pin d'Oregon,Douglas fir,Gewöhnliche Douglasie,Abete di Douglas,,2685796,Q156687,,
psidium-guajava,Psidium guajava,Psidium,guajava,Myrtaceae,goyavier,lemon guava,Echte Guave,Psidio,,5420380,Q166843,,
pyrus-pyrifolia,Pyrus pyrifolia,Pyrus,pyrifolia,Rosaceae,Nashi,apple pear,Nashi,Nashi,,5362786,Q838963,,
quercus-rubra,Quercus rubra,Quercus,rubra,Fagaceae,Chêne rouge d'Amérique,northern red oak,Roteiche,Quercia rossa,,2880539,Q147525,,
ranunculus-auricomus,Ranunculus auricomus,Ranunculus,auricomus,Ranunculaceae,Renoncule tête d'or,goldilocks buttercup,Gold-Hahnenfuß,Ranuncolo botton d'oro,,9100915,Q1151656,,
ranunculus-sceleratus,Ranunculus sceleratus,Ranunculus,sceleratus,Ranunculaceae,Renoncule scélérate,blister buttercup,Gift-Hahnenfuß,Ranuncolo di palude,,3033374,Q1339284,,
rhamnus-cathartica,Rhamnus cathartica,Rhamnus,cathartica,Rhamnaceae,Nerprun cathartique,common buckthorn,Purgier-Kreuzdorn,Spino cervino,,3039491,Q147861,,
rhinanthus-minor,Rhinanthus minor,Rhinanthus,minor,Orobanchaceae,Cocriste vrai,cockscomb,Kleiner Klappertopf,Rhianthus minor,,3172043,Q147181,,
rhus-coriaria,Rhus coriaria,Rhus,coriaria,Anacardiaceae,vinaigrier,Sicilian sumac,Gewürzsumach,Sommaco,,3190563,Q159546,,
ricinus-communis,Ricinus communis,Ricinus,communis,Euphorbiaceae,ricin commun,castor bean,Rizinus,Ricino,,5380041,Q155867,,
rubus-chamaemorus,Rubus chamaemorus,Rubus,chamaemorus,Rosaceae,plaquebière,baked apple berry,Moltebeere,rovo artico,,2998290,Q160092,,
rumex-acetosa,Rumex acetosa,Rumex,acetosa,Polygonaceae,Oseille commune,Sorrel,Wiesen-Sauerampfer,acetosa di pecora,,2888951,Q26297,,
rumex-crispus,Rumex crispus,Rumex,crispus,Polygonaceae,Oseille crépue,yellow dock,Krauser Ampfer,Lapazio,,8195144,Q157643,,
ruscus-aculeatus,Ruscus aculeatus,Ruscus,aculeatus,Asparagaceae,Buis piquant,butcher's broom,Stechender Mäusedorn,Bislingua,,2769766,Q161425,,
salix-caprea,Salix caprea,Salix,caprea,Salicaceae,Saule marsault,Goat Willow,Sal-Weide,Salcio di montagna,,5372952,Q159565,,
salix-viminalis,Salix viminalis,Salix,viminalis,Salicaceae,Saule des vanniers,common osier,Korb-Weide,Vinco,,5372933,Q158590,,
sambucus-ebulus,Sambucus ebulus,Sambucus,ebulus,Viburnaceae,Hièble,Dwarf Elder,Zwerg-Holunder,ebbio,,2888722,Q158515,,
sambucus-racemosa,Sambucus racemosa,Sambucus,racemosa,Viburnaceae,Sureau à grappes,red elderberry,Roter Holunder,sambuco rosso,,2888723,Q157276,,
schinus-molle,Schinus molle,Schinus,molle,Anacardiaceae,faux-poivrier odorant,Peruvian peppertree,Peruanischer Pfefferbaum,Albero del pepe,,3190642,Q855896,,
scleranthus-annuus,Scleranthus annuus,Scleranthus,annuus,Caryophyllaceae,Gnavelle annuelle,German knotgrass,Einjähriger Knäuel,Centigrani,,3085894,Q159192,,
scutellaria-galericulata,Scutellaria galericulata,Scutellaria,galericulata,Lamiaceae,Scutellaire à casque,skullcap,Sumpf-Helmkraut,Scutellaia comune,,2926759,Q158111,,
sechium-edule,Sechium edule,Sechium,edule,Cucurbitaceae,chayote,chayote,Chayote,Chayote,,2874612,Q319611,,
senecio-jacobaea,Senecio jacobaea,Senecio,jacobaea,Asteraceae,Senecon de Jacob,ragwort,Jakobs-Geißkraut,Senecione di San Giacomo,,8965572,Q1144724,,
sequoia-sempervirens,Sequoia sempervirens,Sequoia,sempervirens,Cupressaceae,Séquoia à feuilles d'if,coast redwood,Küstenmammutbaum,Sequoie,,2683909,Q150129,,
setaria-italica,Setaria italica,Setaria,italica,Poaceae,Petit mil,Italian millet,Kolbenhirse,Panico,,5289698,Q161211,,
silybum-marianum,Silybum marianum,Silybum,marianum,Asteraceae,chardon-Marie,milk thistle,Mariendistel,carciofi selvatici,,3145214,Q193798,,
sisymbrium-officinale,Sisymbrium officinale,Sisymbrium,officinale,Brassicaceae,Sisymbre officinal,Hedge mustard,Weg-Rauke,Erisimo,,3046890,Q157698,,
smilax-aspera,Smilax aspera,Smilax,aspera,Smilacaceae,Salsepareille,catbrier,Raue Stechwinde,Salsapariglia,,5295044,Q161119,,
solanum-dulcamara,Solanum dulcamara,Solanum,dulcamara,Solanaceae,Douce-amère,bittersweet,Bittersüßer Nachtschatten,Dulcamara,,2932737,Q147707,,
sonchus-asper,Sonchus asper,Sonchus,asper,Asteraceae,laiteron épineux,prickly sow-thistle,Raue Gänsedistel,Grespino spinoso,,3105782,Q1065570,,
sonchus-oleraceus,Sonchus oleraceus,Sonchus,oleraceus,Asteraceae,Laiteron commun,hare's colwort,Gemüse-Gänsedistel,Crespigno,,8228544,Q331676,,
sorbus-aucuparia,Sorbus aucuparia,Sorbus,aucuparia,Rosaceae,Sorbier des oiseleurs,rowan,Eberesche,sorbo degli uccellatori,,3012167,Q146198,,
sorbus-domestica,Sorbus domestica,Sorbus,domestica,Rosaceae,cormier,Service Tree,Speierling,Sorbo domestico,,3013215,Q159558,,
sorbus-torminalis,Sorbus torminalis,Sorbus,torminalis,Rosaceae,Alisier torminal,checkertree,Elsbeere,Sorbo ciavardello,,9410160,Q147459,,
sorghum-bicolor,Sorghum bicolor,Sorghum,bicolor,Poaceae,sorgho commun,milo,Sorghumhirse,Sorgo,,2705181,Q332062,,
sparganium-erectum,Sparganium erectum,Sparganium,erectum,Typhaceae,Rubanier d'eau,branched bur-reed,Ästiger Igelkolben,Biodo,,7679536,Q148734,,
staphylea-pinnata,Staphylea pinnata,Staphylea,pinnata,Staphyleaceae,arbre aux pistaches,Bladdernut,Gemeine Pimpernuss,lacrime di Giobbe,,3686235,Q158992,,
stellaria-media,Stellaria media,Stellaria,media,Caryophyllaceae,Stellaire intermédiaire,little mouse-ear chickweed,Gewöhnliche Vogelmiere,Bellichina,,5384604,Q158711,,
symphytum-officinale,Symphytum officinale,Symphytum,officinale,Boraginaceae,Confée,boneset,Echter Beinwell,Borrana,,7558421,Q157561,,
tanacetum-balsamita,Tanacetum balsamita,Tanacetum,balsamita,Asteraceae,Menthe-coq,Alecost or Balsam Herb,Frauenminze,Balsamita,,3118254,Q1451844,,
taxodium-distichum,Taxodium distichum,Taxodium,distichum,Cupressaceae,cipre,baldcypress,Echte Sumpfzypresse,Cipresso di palude,,2684191,Q148950,,
taxus-baccata,Taxus baccata,Taxus,baccata,Taxaceae,if,yew,Europäische Eibe,tasso,,5284517,Q179729,,
theobroma-grandiflorum,Theobroma grandiflorum,Theobroma,grandiflorum,Malvaceae,Cupuaçu,copoasu,Cupuaçu,Cupuaçu,,3152208,Q1144414,,
thlaspi-arvense,Thlaspi arvense,Thlaspi,arvense,Brassicaceae,Tabouret des champs,pennycress,Acker-Hellerkraut,Erba storna comune,,3052680,Q161867,,
thymus-serpyllum,Thymus serpyllum,Thymus,serpyllum,Lamiaceae,Serpolet,wild thyme,Sand-Thymian,Serpillo,,6409622,Q147251,,
trachelospermum-jasminoides,Trachelospermum jasminoides,Trachelospermum,jasminoides,Apocynaceae,Faux jasmin,confederate jasmine,Chinesischer Sternjasmin,Rhyncospermum,,3169713,Q1207043,,
trapa-natans,Trapa natans,Trapa,natans,Lythraceae,Mâcre nageante,Jesuit's nut,Wassernuss,Castagna d'acqua,,3188757,Q161110,,
trifolium-pratense,Trifolium pratense,Trifolium,pratense,Fabaceae,Trèfle des prés,red clover,Wiesen-Klee,Trifoglio dei prati,,8324121,Q156635,,
trifolium-repens,Trifolium repens,Trifolium,repens,Fabaceae,Trèfle blanc,White Clover,Weiß-Klee,trifoglio bianco,,5358748,Q148675,,
trigonella-foenum-graecum,Trigonella foenum-graecum,Trigonella,foenum-graecum,Fabaceae,Fenugrec,fenugreek,Bockshornklee,fieno greco,,5360475,Q133205,,
triticum-aestivum,Triticum aestivum,Triticum,aestivum,Poaceae,Blé tendre,common wheat,Weichweizen,grano tenero,,7795888,Q161098,,
triticum-dicoccum,Triticum dicoccum,Triticum,dicoccum,Poaceae,Amidonnier,Emmer,Emmer,farro,,8389446,Q167339,,
triticum-durum,Triticum durum,Triticum,durum,Poaceae,blé dur,durum wheat,Hartweizen,Frumento duro,,12225945,Q618324,,
triticum-spelta,Triticum spelta,Triticum,spelta,Poaceae,épeautre,spelt,Dinkel,farro grande,,2706403,Q158767,,
typha-latifolia,Typha latifolia,Typha,latifolia,Typhaceae,Massette à larges feuilles,bulrush,Breitblättriger Rohrkolben,Tifa,,5289423,Q147520,,
ulmus-glabra,Ulmus glabra,Ulmus,glabra,Ulmaceae,Orme de montagne,Wych Elm,Bergulme,Olmo montano,,5361866,Q147498,,
ulmus-laevis,Ulmus laevis,Ulmus,laevis,Ulmaceae,Orme lisse,European White Elm,Flatterulme,Olmo bianco,,7303616,Q147492,,
ulmus-minor,Ulmus minor,Ulmus,minor,Ulmaceae,orme champêtre,Small-leaved Elm,Feldulme,Olmo campestre,,5361865,Q147487,,
urtica-urens,Urtica urens,Urtica,urens,Urticaceae,Ortie brûlante,Small Nettle,Kleine Brennnessel,Ortica annua,,5361815,Q157175,,
vaccinium-vitis-idaea,Vaccinium vitis-idaea,Vaccinium,vitis-idaea,Ericaceae,airelle rouge,cowberry,Preiselbeere,mirtillo rosso,,2882835,Q93235,,
valeriana-officinalis,Valeriana officinalis,Valeriana,officinalis,Caprifoliaceae,valériane officinale,Common Valerian,Echter Baldrian,Erba dei Gatti,,2888763,Q157819,,
valerianella-locusta,Valerianella locusta,Valerianella,locusta,Caprifoliaceae,Mâche,corn salad,Gewöhnlicher Feldsalat,Songino,,2888778,Q158954,,
veratrum-album,Veratrum album,Veratrum,album,Melanthiaceae,Vérine,White False-helleborine,Weißer Germer,Veratro,,2742119,Q157547,,
verbascum-thapsus,Verbascum thapsus,Verbascum,thapsus,Scrophulariaceae,bouillon blanc à petites fleurs,Great Mullein,Kleinblütige Königskerze,verbasco,,3171949,Q160095,,
viburnum-opulus,Viburnum opulus,Viburnum,opulus,Viburnaceae,Viorne obier,guelder rose,Gewöhnlicher Schneeball,Oppio,,2888605,Q156928,,
vicia-sativa,Vicia sativa,Vicia,sativa,Fabaceae,Vesce commune,Common Vetch,Futterwicke,Veccia,,2975014,Q157071,,
vigna-angularis,Vigna angularis,Vigna,angularis,Fabaceae,Haricot azuki,adzuki bean,Adzukibohne,azuki,,2982508,Q380279,,
vigna-radiata,Vigna radiata,Vigna,radiata,Fabaceae,Haricot mungo,mung bean,Mungbohne,fagiolo indiano verde,,2982380,Q484447,,
vinca-minor,Vinca minor,Vinca,minor,Apocynaceae,Petite pervenche,periwinkle,Kleines Immergrün,Pervinca minore,,3169707,Q161777,,
viola-tricolor,Viola tricolor,Viola,tricolor,Violaceae,pensée sauvage,Wild Pansy,Wildes Stiefmütterchen,Pansé selvatico,,5331347,Q190326,,
viscum-album,Viscum album,Viscum,album,Viscaceae,gui des feuillus,Mistletoe,Weißbeerige Mistel,Vischio,,2889828,Q144940,,
wollemia-nobilis,Wollemia nobilis,Wollemia,nobilis,Araucariaceae,Pin de Wollemi,Wollemi pine,Wollemi-Pinie,Jurassic Pine,,2685085,Q190510,,
zingiber-officinale,Zingiber officinale,Zingiber,officinale,Zingiberaceae,gingembre,ginger,Ingwer,Zenzero,,2757280,Q35625,,
acer-saccharinum,Acer saccharinum,Acer,saccharinum,Sapindaceae,Érable argenté,soft maple,Silber-Ahorn,Acero saccarino,,3189837,Q158301,,
actaea-spicata,Actaea spicata,Actaea,spicata,Ranunculaceae,actée en épi,baneberry,Ähriges Christophskraut,Barba di capra,,5371473,Q157405,,
agastache-foeniculum,Agastache foeniculum,Agastache,foeniculum,Lamiaceae,Anis hysope,blue giant hyssop,Duftnessel,anice menta,,2926406,Q1264088,,
agrostemma-githago,Agrostemma githago,Agrostemma,githago,Caryophyllaceae,Nielle des blés,common corncockle,Kornrade,Gittaione,,3085368,Q147852,,
alnus-incana,Alnus incana,Alnus,incana,Betulaceae,Aulne blanc,grey alder,Grau-Erle,Ontano bianco,,9148577,Q157641,,
amelanchier-ovalis,Amelanchier ovalis,Amelanchier,ovalis,Rosaceae,Amélanchier à feuilles ovales,Snowy Mespilus,Gewöhnliche Felsenbirne,Pero corvino,,3023878,Q159560,,
annona-cherimola,Annona cherimola,Annona,cherimola,Annonaceae,Chérimolier,cherimoya,Chirimoya,Anona,,5407147,Q158986,,
anthemis-arvensis,Anthemis arvensis,Anthemis,arvensis,Asteraceae,Anthémis des champs,corn chamomile,Acker-Hundskamille,Camomilla bastarda,,3102781,Q20778,,
artocarpus-altilis,Artocarpus altilis,Artocarpus,altilis,Moraceae,arbre à pain,breadfruit,Brotfruchtbaum,albero del pane,,2984573,Q14677,,
campanula-glomerata,Campanula glomerata,Campanula,glomerata,Campanulaceae,campanule agglomérée,clustered bellflower,Knäuel-Glockenblume,campanula agglomerata,,5409933,Q158045,,
carnegiea-gigantea,Carnegiea gigantea,Carnegiea,gigantea,Cactaceae,saguaro,Saguaro,Riesenkaktus,Saguaro,,5384200,Q275573,,
cedrus-libani,Cedrus libani,Cedrus,libani,Pinaceae,cèdre du Liban,Lebanon Cedar,Libanon-Zeder,Cedro del Libano,,5284682,Q61105,,
citrus-x-aurantifolia,Citrus × aurantifolia,Citrus,aurantifolia,Rutaceae,Citronnier galet,Key lime,Echte Limette,limetta,,3190164,,,
cryptomeria-japonica,Cryptomeria japonica,Cryptomeria,japonica,Cupressaceae,cedre du Japon,Japanese cedar,Sicheltanne,Criptomeria,,5284237,Q147388,,
cypripedium-calceolus,Cypripedium calceolus,Cypripedium,calceolus,Orchidaceae,Sabot de Vénus,Ladyis slipper orchid,Gelber Frauenschuh,Scarpetta di Venere,,2820517,Q156124,,
digitalis-grandiflora,Digitalis grandiflora,Digitalis,grandiflora,Plantaginaceae,Digitale à grandes fleurs,Yellow Foxglove,Großblütiger Fingerhut,Digitale gialla grande,,5414992,Q157085,,
dionaea-muscipula,Dionaea muscipula,Dionaea,muscipula,Droseraceae,Dionée attrape-mouche,Venus flytrap,Venusfliegenfalle,Dionea,,5421410,Q155825,,
diphylleia-grayi,Diphylleia grayi,Diphylleia,grayi,Berberidaceae,D. grayi,D. grayi,D. grayi,D. grayi,,5634432,Q4156126,,
dryopteris-filix-mas,Dryopteris filix-mas,Dryopteris,filix-mas,Dryopteridaceae,fougère mâle,Male fern,Echter Wurmfarn,Felce maschio,,5275132,Q322994,,
elodea-canadensis,Elodea canadensis,Elodea,canadensis,Hydrocharitaceae,Élodée du Canada,Canadian waterweed,Kanadische Wasserpest,peste d'acqua,Anacharis canadensis,2865448,Q159760,,
epipactis-atrorubens,Epipactis atrorubens,Epipactis,atrorubens,Orchidaceae,Épipactis pourpre noirâtre,dark red helleborine,Braunrote Stendelwurz,Heleborina rojo oscuro,,5318958,Q33194,,
erodium-cicutarium,Erodium cicutarium,Erodium,cicutarium,Geraniaceae,bec-de-cigogne commun,Common Stork's-bill,Gewöhnlicher Reiherschnabel,Erba cicutaria,,9485490,Q157726,,
erythroxylum-coca,Erythroxylum coca,Erythroxylum,coca,Erythroxylaceae,coca,coca,Cocastrauch,Coca,,2873939,Q158018,,
ferula-communis,Ferula communis,Ferula,communis,Apiaceae,Férule commune,Giant Fennel,Riesenfenchel,Finocchiaccio,,8048981,Q150411,,
fraxinus-americana,Fraxinus americana,Fraxinus,americana,Oleaceae,frêne blanc,American Ash,Weiß-Esche,Frassino bianco americano,,3172327,Q1193369,,
galeopsis-ladanum,Galeopsis ladanum,Galeopsis,ladanum,Lamiaceae,Filasse batarde,Red hemp nettle,Breitblättriger Hohlzahn,Gallinaccia,,5341309,Q159728,,
garcinia-mangostana,Garcinia mangostana,Garcinia,mangostana,Clusiaceae,Mangoustanier,mangostan,Mangostane,Mangostano,,3189571,Q170662,,
geranium-columbinum,Geranium columbinum,Geranium,columbinum,Geraniaceae,Geranium des colombes,Dove's-foot,Stein-Storchschnabel,Geranio colombino,,2890603,Q159434,,
hamamelis-virginiana,Hamamelis virginiana,Hamamelis,virginiana,Hamamelidaceae,Hamamélis de Virginie,American witchhazel,Virginische Zaubernuss,Amamelide,,3152827,Q913129,,
humulus-lupulus,Humulus lupulus,Humulus,lupulus,Cannabaceae,houblon,hop,Echter Hopfen,Luppolo,,2984535,Q104212,,
hypericum-calycinum,Hypericum calycinum,Hypericum,calycinum,Hypericaceae,Millepertuis à grandes fleurs,Aaron's beard,Großkelchiges Johanniskraut,Iperico calicino,,3189497,Q159330,,
juncus-effusus,Juncus effusus,Juncus,effusus,Juncaceae,jonc épars,common rush,Flatter-Binse,Giunco comune,,2701311,Q161677,,
knautia-arvensis,Knautia arvensis,Knautia,arvensis,Caprifoliaceae,Knautie des champs,field scabious,Acker-Witwenblume,Ambretta,,2888808,Q27648,,
lathyrus-aphaca,Lathyrus aphaca,Lathyrus,aphaca,Fabaceae,Gesse aphaca,yellow pea,Ranken-Platterbse,Afaca,,5356649,Q158592,,
lilium-martagon,Lilium martagon,Lilium,martagon,Liliaceae,Martagon,Turk's cap lily,Türkenbund,Giglio martagone,,2753146,Q156363,,
lythrum-salicaria,Lythrum salicaria,Lythrum,salicaria,Lythraceae,Salicaire commune,Purple-loosestrife,Gewöhnlicher Blutweiderich,Salcerella,,3188736,Q157513,,
matthiola-longipetala,Matthiola longipetala,Matthiola,longipetala,Brassicaceae,giroflée odorante,night scented stock,Mattiola longipetala,Mattiola longipetala,,5377395,Q937724,,
pancratium-maritimum,Pancratium maritimum,Pancratium,maritimum,Amaryllidaceae,Lis maritime,sea-daffodil,Dünen-Trichternarzisse,Giglio delle sabbie,,2853283,Q1271785,,
parthenocissus-quinquefolia,Parthenocissus quinquefolia,Parthenocissus,quinquefolia,Vitaceae,vigne vierge à cinq folioles,Virginia creeper,Selbstkletternde Jungfernrebe,vite americana,,3039194,Q157968,,
phalaris-canariensis,Phalaris canariensis,Phalaris,canariensis,Poaceae,Alpiste,annual canarygrass,Kanariengras,Scagliola,,5289744,Q2086586,,
phoenix-dactylifera,Phoenix dactylifera,Phoenix,dactylifera,Arecaceae,Palmier dattier,date palm,Echte Dattelpalme,palma da datteri,,6109699,Q25292,,
pistacia-lentiscus,Pistacia lentiscus,Pistacia,lentiscus,Anacardiaceae,Arbre au mastic,Lentisk,Mastixstrauch,Lentisco,,3190583,Q159812,,
pistacia-terebinthus,Pistacia terebinthus,Pistacia,terebinthus,Anacardiaceae,Pistachier térébinthe,Cyprus turpentine,Terpentin-Pistazie,terebinto,,3190580,Q63045,,
potentilla-anglica,Potentilla anglica,Potentilla,anglica,Rosaceae,Potentilla anglica agg.,Potentilla anglica agg.,Niederliegendes Fingerkraut,Potentilla anglica agg.,,5365283,Q160481,,
ranunculus-acris,Ranunculus acris,Ranunculus,acris,Ranunculaceae,Renoncule âcre,common buttercup,Scharfer Hahnenfuß,Ranuncolo comune,,3033363,Q157563,,
ranunculus-aquatilis,Ranunculus aquatilis,Ranunculus,aquatilis,Ranunculaceae,Renoncule aquatique,common water-crowfoot,Gewöhnlicher Wasserhahnenfuß,Ranuncolo acquatico,,3033464,Q162818,,
ranunculus-flammula,Ranunculus flammula,Ranunculus,flammula,Ranunculaceae,Renoncule flammette,lesser spearwort,Brennender Hahnenfuß,Ranuncolo delle passere,,3033312,Q161737,,
rhinanthus-alectorolophus,Rhinanthus alectorolophus,Rhinanthus,alectorolophus,Orobanchaceae,Grand Rhinanthe,European yellow rattle,Zottiger Klappertopf,Cresta di gallo comune,,3172045,Q159437,,
sagittaria-sagittifolia,Sagittaria sagittifolia,Sagittaria,sagittifolia,Alismataceae,Sagittaire à feuilles en flèche,Arrowhead,Gewöhnliches Pfeilkraut,Erba saetta,,5328882,Q161565,,
salix-purpurea,Salix purpurea,Salix,purpurea,Salicaceae,osier pourpre,Purple Willow,Purpur-Weide,Salice rosso,,5372800,Q39708,,
salsola-soda,Salsola soda,Salsola,soda,Amaranthaceae,Soude commune,oppositeleaf Russian thistle,Kali inerme,Lischi,,8266023,Q2713171,,
scandix-pecten-veneris,Scandix pecten-veneris,Scandix,pecten-veneris,Apiaceae,Scandix peigne de Vénus,lady's comb,Venuskamm,acicula comune,,3034233,Q580360,,
sorbus-aria,Sorbus aria,Sorbus,aria,Rosaceae,Alisier blanc,chess-apple,Echte Mehlbeere,Sorbo montano,Aria edulis,8411755,Q157960,,
spiranthes-spiralis,Spiranthes spiralis,Spiranthes,spiralis,Orchidaceae,Spiranthe d'automne,Autumn Lady's-tresses,Herbst-Drehwurz,Viticcini autunnali,,2805322,Q159283,,
tectona-grandis,Tectona grandis,Tectona,grandis,Lamiaceae,Teck,teak tree,Teakbaum,teak,,2925649,Q156938,,
tragopogon-pratensis,Tragopogon pratensis,Tragopogon,pratensis,Asteraceae,Salsifis des prés,jack-go-to-bed-at-noon,Wiesen-Bocksbart,Barba di becco,,5386897,Q1345772,,
triplochiton-scleroxylon,Triplochiton scleroxylon,Triplochiton,scleroxylon,Malvaceae,abachi,obeche,Abachi,ayous,,3671814,Q137952,,
urtica-dioica,Urtica dioica,Urtica,dioica,Urticaceae,Grande ortie,common nettle,Große Brennnessel,Ortica,,7960979,Q155909,,
vigna-unguiculata,Vigna unguiculata,Vigna,unguiculata,Fabaceae,Voème,blackeyed pea,Augenbohne,fagiolo con l'occhio,,2982583,Q498940,,
withania-somnifera,Withania somnifera,Withania,somnifera,Solanaceae,Ashwagandha,winter cherry,Schlafbeere,Ashwagandha,,2928840,Q852660,,
abies-bracteata,Abies bracteata,Abies,bracteata,Pinaceae,Sapin de Sainte-Lucie,Bristlecone Fir,Grannen-Tanne,Abete dai coni bratteati,,2685479,Q1070125,,
abies-numidica,Abies numidica,Abies,numidica,Pinaceae,Sapin d'Algerie,Algerian Fir,Numidische Tanne,Abete di Algeria,,2685546,Q2004978,,
alnus-rubra,Alnus rubra,Alnus,rubra,Betulaceae,Aulne rouge,Oregon alder,Rot-Erle,Ontano rosso,,2876176,Q1818806,,
anacamptis-morio,Anacamptis morio,Anacamptis,morio,Orchidaceae,Damette,Green-winged Orchid,Kleines Knabenkraut,Giglio caprino,,2808565,Q161153,,
arctium-tomentosum,Arctium tomentosum,Arctium,tomentosum,Asteraceae,bardane tomenteuse,woolly burdock,Filz-Klette,Bardana lanuta,,5393080,Q854816,,
aruncus-dioicus,Aruncus dioicus,Aruncus,dioicus,Rosaceae,Barbe de bouc,bride's feathers,Wald-Geißbart,Barba di capra,,5362136,Q163763,,
aster-alpinus,Aster alpinus,Aster,alpinus,Asteraceae,Aster des Alpes,alpine aster,Alpen-Aster,Astro alpino,,5387396,Q1342885,,
astrantia-major,Astrantia major,Astrantia,major,Apiaceae,Grande astrance,great masterwort,Große Sterndolde,Astranzia maggiore,,3034915,Q158066,,
boophone-disticha,Boophone disticha,Boophone,disticha,Amaryllidaceae,Boophane disticha,Candelabra Flower,Boophane disticha,Boophane disticha,,2854664,Q893084,,
callitriche-stagnalis,Callitriche stagnalis,Callitriche,stagnalis,Plantaginaceae,callitriche des eaux stagnantes,commen water-starwort,Gemeiner Wasserstern,Gamberaja maggiore,,5372487,Q158449,,
carduus-nutans,Carduus nutans,Carduus,nutans,Asteraceae,Chardon penché,Musk Thistle,Nickende Distel,Cardo rosso,,8185959,Q1431280,,
cephalanthera-damasonium,Cephalanthera damasonium,Cephalanthera,damasonium,Orchidaceae,Céphalanthère de Damas,White helleborine,Weißes Waldvöglein,Cefalantera bianca,,2795952,Q158126,,
cephalanthera-rubra,Cephalanthera rubra,Cephalanthera,rubra,Orchidaceae,Céphalanthère rouge,red helleborine,Rotes Waldvöglein,Cefalantera rossa,,2795845,Q157431,,
cephalotus-follicularis,Cephalotus follicularis,Cephalotus,follicularis,Cephalotaceae,Céphalotacée,Albany pitcher plant,Zwergkrug,Cephalotaceae,,5576485,Q140898,,
chamaecyparis-lawsoniana,Chamaecyparis lawsoniana,Chamaecyparis,lawsoniana,Cupressaceae,Cyprès de Lawson,Lawson cypress,Lawsons Scheinzypresse,Cipresso di Lawson,,2683866,Q161360,,
citrus-x-bergamia,Citrus × bergamia,Citrus,bergamia,Rutaceae,bergamote,bergamot orange,Bergamotte,Bergamotti,,7647136,,,
crataegus-laevigata,Crataegus laevigata,Crataegus,laevigata,Rosaceae,aubépine à deux styles,midland hawthorn,Zweigriffeliger Weißdorn,Biancospino,,8252683,Q159553,,
cyclamen-purpurascens,Cyclamen purpurascens,Cyclamen,purpurascens,Primulaceae,Cyclamen d'Europe,European Cyclamen,Europäisches Alpenveilchen,Ciclamino delle Alpi,,3169315,Q149344,,
cymbalaria-muralis,Cymbalaria muralis,Cymbalaria,muralis,Plantaginaceae,Cymbalaire des murs,Ivy-leaved Toadflax,Zimbelkraut,Cimbalaria,,8200663,Q164270,,
dimocarpus-longan,Dimocarpus longan,Dimocarpus,longan,Sapindaceae,longanier,longan,Longan,longan,,3190008,Q193449,,
echinopsis-pachanoi,Echinopsis pachanoi,Echinopsis,pachanoi,Cactaceae,San Pedro,San Pedro,San-Pedro-Kaktus,San Pedro,,11093098,Q133426,,
elettaria-cardamomum,Elettaria cardamomum,Elettaria,cardamomum,Zingiberaceae,Cardamome aromatique,cardamom,Grüner Kardamom,cardamomo,,2759871,Q33466,,
epipactis-helleborine,Epipactis helleborine,Epipactis,helleborine,Orchidaceae,Épipactis à larges feuilles,Broad-leaved Helleborine,Breitblättrige Stendelwurz,Elleborina comune,,8998684,Q157426,,
epipogium-aphyllum,Epipogium aphyllum,Epipogium,aphyllum,Orchidaceae,Épipogon sans feuilles,Ghost orchid,Blattloser Widerbart,Epipogio,,2849252,Q158922,,
erigeron-annuus,Erigeron annuus,Erigeron,annuus,Asteraceae,Vergerette annuelle,eastern daisy fleabane,Feinstrahl,Cespica annua,,3117449,Q849411,,
eryngium-campestre,Eryngium campestre,Eryngium,campestre,Apiaceae,Panicaut champêtre,field holly,Feld-Mannstreu,Calcatreppola,,3034426,Q839771,,
euphrasia-rostkoviana,Euphrasia rostkoviana,Euphrasia,rostkoviana,Orobanchaceae,Casse lunettes,Common eyebright,Gemeiner Augentrost,Eufrasia comune,,7494089,Q157495,,
galactites-tomentosus,Galactites tomentosus,Galactites,tomentosus,Asteraceae,Chardon élégant,Purple milk thistle,Milchfleckdistel,Lupsia galactites,,3137579,Q146623,,
gymnadenia-conopsea,Gymnadenia conopsea,Gymnadenia,conopsea,Orchidaceae,Gymnadenie moucheron,fragrant orchid,Mücken-Händelwurz,Manina rosea,,7845022,Q157442,,
hevea-brasiliensis,Hevea brasiliensis,Hevea,brasiliensis,Euphorbiaceae,Hévéas,rubber tree,Kautschukbaum,Albero della gomma,,3071171,Q156538,,
hippophae-rhamnoides,Hippophae rhamnoides,Hippophae,rhamnoides,Elaeagnaceae,Argousier,Sea-buckthorn,Sanddorn,olivello spinoso,,3039285,Q165378,,
juglans-nigra,Juglans nigra,Juglans,nigra,Juglandaceae,Noyer noir,Black Walnut,Schwarznuss,Noce nero,,3054357,Q852572,,
juncus-articulatus,Juncus articulatus,Juncus,articulatus,Juncaceae,jonc à fruits luisants,Jointed Rush,Glieder-Binse,Giunco articolato,,2701261,Q159141,,
lemna-minor,Lemna minor,Lemna,minor,Araceae,Petite Lentille d'Eau,common duckweed,Kleine Wasserlinse,lenticchia d'acqua,,2867589,Q26875,,
lepidium-meyenii,Lepidium meyenii,Lepidium,meyenii,Brassicaceae,Maca,maca,Maca,maca,,5377042,Q795158,,
lepidium-sativum,Lepidium sativum,Lepidium,sativum,Brassicaceae,Cresson alénois,garden cress,Gartenkresse,crescione di giardino,,5376565,Q27033,,
lonicera-alpigena,Lonicera alpigena,Lonicera,alpigena,Caprifoliaceae,Chèvrefeuille des Alpes,alpine honeysuckle,Alpen-Heckenkirsche,Camecèraso,,6369729,Q159411,,
lonicera-implexa,Lonicera implexa,Lonicera,implexa,Caprifoliaceae,Chèvrefeuille des Baléares,Evergreen Honeysuckle,Windendes Geißblatt,Caprifoglio mediterraneo,,7272699,Q1537828,,
lupinus-albus,Lupinus albus,Lupinus,albus,Fabaceae,Lupin blanc,White Lupin,Altramuces,Lupino bianco,,2964167,Q161372,,
medicago-sativa,Medicago sativa,Medicago,sativa,Fabaceae,luzerne commune,Lucerne,Luzerne,Erba spagna,,9151957,Q156106,,
morus-alba,Morus alba,Morus,alba,Moraceae,mûrier blanc,White Mulberry,Weiße Maulbeere,moro bianco,,5361889,Q157307,,
nigella-sativa,Nigella sativa,Nigella,sativa,Ranunculaceae,Nigelle cultivée,black cumin,Echter Schwarzkümmel,Grano nero,,5371700,Q160575,,
ornithogalum-pyrenaicum,Ornithogalum pyrenaicum,Ornithogalum,pyrenaicum,Asparagaceae,Ornithogale des Pyrénées,Pyrenees star of Bethlehem,Pyrenäen-Milchstern,Vescarna,,2772902,Q2303755,,
panicum-miliaceum,Panicum miliaceum,Panicum,miliaceum,Poaceae,millet commun,broomcorn millet,Rispenhirse,miglio,,2705090,Q165196,,
phaseolus-lunatus,Phaseolus lunatus,Phaseolus,lunatus,Fabaceae,haricot de Lima,sieva bean,Limabohne,fagiolo di Lima,,5350438,Q1166136,,
physostigma-venenosum,Physostigma venenosum,Physostigma,venenosum,Fabaceae,Fève de Calabar,Calabar bean,Kalabarbohne,Fava del calabar,,2946860,Q1721924,,
pinus-heldreichii,Pinus heldreichii,Pinus,heldreichii,Pinaceae,Pin de Bosnie,Bosnian Pine,Schlangenhaut-Kiefer,Pino loricato,,5285247,Q460531,,
populus-canescens,Populus canescens,Populus,canescens,Salicaceae,peuplier grisard,Grey Poplar,Grau-Pappel,Pioppo canescente,,3040185,Q149553,,
potentilla-reptans,Potentilla reptans,Potentilla,reptans,Rosaceae,Herbe à cinq feuilles,cinquefoil,Kriechendes Fingerkraut,Cinquefoglia comune,,5367273,Q130224,,
pyrus-pyraster,Pyrus pyraster,Pyrus,pyraster,Rosaceae,Poirier sauvage,Common Pear,Wildbirne,Perastro,,5362445,Q149332,,
ranunculus-aconitifolius,Ranunculus aconitifolius,Ranunculus,aconitifolius,Ranunculaceae,Bouton d'argent,aconite-leaf buttercup,Eisenhutblättriger Hahnenfuß,Ranuncolo a foglie d'Aconito,,3928139,Q159015,,
ranunculus-fluitans,Ranunculus fluitans,Ranunculus,fluitans,Ranunculaceae,Renoncule des rivières,river water crowfoot,Flutender Wasserhahnenfuß,Ranuncolo fluitante,,7277865,Q158335,,
ranunculus-glacialis,Ranunculus glacialis,Ranunculus,glacialis,Ranunculaceae,Ranuncule des glaciers,Glacier buttercup,Gletscher-Hahnenfuß,Erba camozzera,,3033461,Q161508,,
rhododendron-tomentosum,Rhododendron tomentosum,Rhododendron,tomentosum,Ericaceae,Ledon des marais,northern Labrador tea,Porst,Ledum palustre,,6400569,Q247714,,
salix-alba,Salix alba,Salix,alba,Salicaceae,saule blanc,golden willow,Silber-Weide,Salice bianco,,5372513,Q156918,,
schoenoplectus-lacustris,Schoenoplectus lacustris,Schoenoplectus,lacustris,Cyperaceae,Scirpe aigu,Common Club-rush,Gewöhnliche Teichbinse,Lisca lacustre,,2710941,Q158956,,
sedum-acre,Sedum acre,Sedum,acre,Crassulaceae,Orpin âcre,biting stonecrop,Scharfer Mauerpfeffer,Borracina acre,,5362007,Q156823,,
senecio-ovatus,Senecio ovatus,Senecio,ovatus,Asteraceae,Séneçon de Fuchs,wood ragwort,Fuchssches Greiskraut,Senecione di Fuchs,,3107361,Q1472658,,
senecio-vulgaris,Senecio vulgaris,Senecio,vulgaris,Asteraceae,Séneçon commun,groundsel,Gewöhnliches Greiskraut,Senecione comune,,3108983,Q504256,,
sorbus-intermedia,Sorbus intermedia,Sorbus,intermedia,Rosaceae,sorbier intermédiaire,Swedish whitebeam,Schwedische Mehlbeere,sorbo intermedio,Scandosorbus intermedia,10071055,Q27980,,
styrax-officinalis,Styrax officinalis,Styrax,officinalis,Styracaceae,Aliboufier,storax,Echter Storaxbaum,mella bianca,,5371666,Q1281140,,
tanacetum-vulgare,Tanacetum vulgare,Tanacetum,vulgare,Asteraceae,Tanaisie commune,tansy,Rainfarn,Tanaceto,,3118274,Q27079,,
teucrium-botrys,Teucrium botrys,Teucrium,botrys,Lamiaceae,Germandrée Botryde,Cut-leaved germander,Trauben-Gamander,Camedrio secondo,,2926903,Q159060,,
abies-cephalonica,Abies cephalonica,Abies,cephalonica,Pinaceae,Sapin de Céphalonie,Greek Fir,Griechische Tanne,abete greco,,2685326,Q854892,,
adansonia-digitata,Adansonia digitata,Adansonia,digitata,Malvaceae,Baobab africain,African baobab,Afrikanischer Affenbrotbaum,Baobab,,5406695,Q158742,,
alnus-cordata,Alnus cordata,Alnus,cordata,Betulaceae,Aulne à feuilles en coeur,Italian Alder,Herzblättrige Erle,Ontano napoletano,,2876607,Q1543689,,
alpinia-officinarum,Alpinia officinarum,Alpinia,officinarum,Zingiberaceae,Petit galanga,lesser galangal,Echter Galgant,Galanga minore,,5302199,Q1281083,,
anthericum-liliago,Anthericum liliago,Anthericum,liliago,Asparagaceae,phalangère à fleurs de lis,St. Bernard’s lily,Traubige Graslilie,Liliagine,,2773902,Q159274,,
arabidopsis-arenosa,Arabidopsis arenosa,Arabidopsis,arenosa,Brassicaceae,Arabette des sables,sand rock-cress,Sand-Schaumkresse,Arabetta delle sabbie,,3052509,Q159787,,
asplenium-ruta-muraria,Asplenium ruta-muraria,Asplenium,ruta-muraria,Aspleniaceae,Rue des murailles,wall-rue,Mauerraute,Ruta di muro,,2650625,Q1125768,,
asplenium-septentrionale,Asplenium septentrionale,Asplenium,septentrionale,Aspleniaceae,Doradille du nord,forked spleenwort,Nordischer Streifenfarn,asplenio settentrionale,,2650720,Q1753134,,
cananga-odorata,Cananga odorata,Cananga,odorata,Annonaceae,Ylang-ylang,Ylang-ylang tree,Ylang-Ylang,Ylang ylang,,5407583,Q220963,,
carduus-tenuiflorus,Carduus tenuiflorus,Carduus,tenuiflorus,Asteraceae,Chardon à petits capitules,slender thistle,Dünnköpfige Distel,Cardo minore,,3114627,Q788370,,
carya-illinoinensis,Carya illinoinensis,Carya,illinoinensis,Juglandaceae,Pacanier,pecan,Pekannuss,pecan,,3054289,Q333877,,
centaurea-nigrescens,Centaurea nigrescens,Centaurea,nigrescens,Asteraceae,Centaurée noirâtre,Black knapweed,Schwärzliche Flockenblume,Fiordaliso nerastro,,3128228,Q627352,,
cercis-siliquastrum,Cercis siliquastrum,Cercis,siliquastrum,Fabaceae,Arbre de Judée,Judas-tree,Gewöhnlicher Judasbaum,Alberi di Giuda,,5353590,Q29488,,
cichorium-intybus,Cichorium intybus,Cichorium,intybus,Asteraceae,chicorée sauvage,common chicory,Gemeine Wegwarte,cicoria comune,,5392252,Q2544599,,
citrus-x-clementina,Citrus × clementina,Citrus,clementina,Rutaceae,clémentine,clementine,Clementine,clementina,,8077391,,,
colutea-arborescens,Colutea arborescens,Colutea,arborescens,Fabaceae,baguenaudier,Bladder senna,Gelber Blasenstrauch,Vescicaria,,7844167,Q158890,,
corydalis-cava,Corydalis cava,Corydalis,cava,Papaveraceae,Corydale creuse,hollowroot,Hohler Lerchensporn,Colombina cava,,5530881,Q161556,,
crepis-capillaris,Crepis capillaris,Crepis,capillaris,Asteraceae,crépis à tige capillaire,Smooth hawksbeard,Kleinköpfiger Pippau,radicchiella capillare,,5403304,Q1697820,,
crepis-paludosa,Crepis paludosa,Crepis,paludosa,Asteraceae,crépis des marais,marsh hawk's-beard,Sumpf-Pippau,Radichiella a pappo giallastro,,5403296,Q1484110,,
crepis-praemorsa,Crepis praemorsa,Crepis,praemorsa,Asteraceae,Crépide à rhizome,Leafless hawk's-beard,Abgebissener Pippau,radicchiella siberiana,,5403302,Q320208,,
cucumis-metuliferus,Cucumis metuliferus,Cucumis,metuliferus,Cucurbitaceae,Kiwano,African horned cucumber,Horngurke,Kiwano,,8350997,Q41318,,
cupressus-x-leylandii,Cupressus × leylandii,Cupressus,leylandii,Cupressaceae,Cyprès de Leyland,× Cupressocyparis leylandii,Leyland-Zypresse,× Cupressocyparis leylandii,,3611465,,,
dryopteris-carthusiana,Dryopteris carthusiana,Dryopteris,carthusiana,Dryopteridaceae,dryoptéris des chartreux,narrow buckler-fern,Gewöhnlicher Dornfarn,felce a scudo stretto,,5275149,Q523210,,
encephalartos-altensteinii,Encephalartos altensteinii,Encephalartos,altensteinii,Zamiaceae,Encephalartos altensteinii Lehm.,breadtree,Encephalartos altensteinii Lehm.,Encephalartos altensteinii Lehm.,,2683722,Q149321,,
equisetum-telmateia,Equisetum telmateia,Equisetum,telmateia,Equisetaceae,Grande Prêle,Great Horsetail,Riesen-Schachtelhalm,Equiseto massimo,,2687943,Q936546,,
equisetum-variegatum,Equisetum variegatum,Equisetum,variegatum,Equisetaceae,prêle panachée,variegated horsetail,Bunter Schachtelhalm,Equiseto variegato,,2687920,Q933847,,
eragrostis-tef,Eragrostis tef,Eragrostis,tef,Poaceae,Teff,teff,Teff,Teff,,2705325,Q843942,,
erythronium-dens-canis,Erythronium dens-canis,Erythronium,dens-canis,Liliaceae,Dent de chien,Dog's-tooth-violet,Hunds-Zahnlilie,Dente di cane,,2752849,Q159285,,
geranium-phaeum,Geranium phaeum,Geranium,phaeum,Geraniaceae,Géranium livide,black widow,Brauner Storchschnabel,Geranio stellato,,2891390,Q158542,,
glycyrrhiza-glabra,Glycyrrhiza glabra,Glycyrrhiza,glabra,Fabaceae,réglisse,liquorice,Echtes Süßholz,liquirizia,,2965732,Q257106,,
gnaphalium-uliginosum,Gnaphalium uliginosum,Gnaphalium,uliginosum,Asteraceae,Gnaphale des marais,Low cudweed,Sumpf-Ruhrkraut,Canapicchia palustre,,5390848,Q852950,,
goodyera-repens,Goodyera repens,Goodyera,repens,Orchidaceae,Goodyère rampante,creeping lady's-tresses,Kriechendes Netzblatt,Godiera,,2840931,Q157890,,
harpagophytum-procumbens,Harpagophytum procumbens,Harpagophytum,procumbens,Pedaliaceae,Harpagophyton,Devil's claw,Afrikanische Teufelskralle,Arpagofito,,3585335,Q386675,,
helianthemum-nummularium,Helianthemum nummularium,Helianthemum,nummularium,Cistaceae,Heliantheme commun,common rock-rose,Gelbes Sonnenröschen,Eliantemo maggiore,,8890062,Q164232,,
helleborus-viridis,Helleborus viridis,Helleborus,viridis,Ranunculaceae,Hellébore vert,lenten-rose,Grüne Nieswurz,Elleboro verde,,3033108,Q149328,,
hibiscus-cannabinus,Hibiscus cannabinus,Hibiscus,cannabinus,Malvaceae,Kenaf,brown Indianhemp,Kenaf,Kenaf,,3152547,Q1137540,,
hibiscus-syriacus,Hibiscus syriacus,Hibiscus,syriacus,Malvaceae,Ketmie,rose of Sharon,Straucheibisch,Ibisco cinese,,3152583,Q157756,,
himantoglossum-hircinum,Himantoglossum hircinum,Himantoglossum,hircinum,Orchidaceae,Loroglosse à odeur de bouc,Lizard orchid,Bocks-Riemenzunge,Barbone caprino,,5324951,Q159296,,
hylotelephium-telephium,Hylotelephium telephium,Hylotelephium,telephium,Crassulaceae,Orpin reprise,Orpine,Große Fetthenne,Borracina maggiore,,2985865,Q1327535,,
hypericum-humifusum,Hypericum humifusum,Hypericum,humifusum,Hypericaceae,millepertuis couché,trailing St John's-wort,Niederliegendes Johanniskraut,Iperico prostrato,,3189543,Q158376,,
laburnum-anagyroides,Laburnum anagyroides,Laburnum,anagyroides,Fabaceae,Cytise faux ébénier,Common Laburnum,Gemeiner Goldregen,Avorniello,,5356345,Q147939,,
lamium-album,Lamium album,Lamium,album,Lamiaceae,lamier blanc,White Dead-nettle,Ortie blanche,falsa ortica bianca,,2926683,Q157626,,
lavandula-dentata,Lavandula dentata,Lavandula,dentata,Lamiaceae,Lavande dentée,French lavender,Französischer Lavendel,Spigo-nardo,,7307829,Q1450735,,
lotus-corniculatus,Lotus corniculatus,Lotus,corniculatus,Fabaceae,Lotier corniculé,Bird's-foot Trefoil,Gewöhnlicher Hornklee,ginestrino,,5357013,Q29907,,
melaleuca-quinquenervia,Melaleuca quinquenervia,Melaleuca,quinquenervia,Myrtaceae,Niaouli,punktree,Myrtenheide,Niaouli,,5415832,Q1813408,,
mirabilis-jalapa,Mirabilis jalapa,Mirabilis,jalapa,Nyctaginaceae,Belle-de-nuit,four o'clock flower,Wunderblume,Bella di Notte,,3086240,Q13710,,
morus-nigra,Morus nigra,Morus,nigra,Moraceae,Mûrier noir,black mulberry,Schwarze Maulbeere,Moro,,5361888,Q161040,,
neottia-nidus-avis,Neottia nidus-avis,Neottia,nidus-avis,Orchidaceae,Néottie nid d'oiseau,Bird's-nest orchid,Vogel-Nestwurz,Nido d'Uccello,,2816176,Q157441,,
ophrys-sphegodes,Ophrys sphegodes,Ophrys,sphegodes,Orchidaceae,Ophrys araignée,Early spider-orchid,Große Spinnen-Ragwurz,Ofride verde-bruna,,2793334,Q161476,,
ostrya-carpinifolia,Ostrya carpinifolia,Ostrya,carpinifolia,Betulaceae,Charme-houblon,European Hop-hornbeam,Europäische Hopfenbuche,Carpino nero,,5332305,Q1367533,,
paeonia-mascula,Paeonia mascula,Paeonia,mascula,Paeoniaceae,Pivoine coralline,wild peony,Korallen-Pfingstrose,Peonia mascula,,7155281,Q161482,,
passiflora-caerulea,Passiflora caerulea,Passiflora,caerulea,Passifloraceae,Passiflore bleue,blue passionflower,Blaue Passionsblume,fiore della passione,,2874199,Q161120,,
pelargonium-x-citrosum,Pelargonium × citrosum,Pelargonium,citrosum,Geraniaceae,Pelargonium 'citrosum','citrosum',Zitronen-Pelargonie,Pelargonium 'citrosum',,7268509,,,
persicaria-maculosa,Persicaria maculosa,Persicaria,maculosa,Polygonaceae,Renouée persicaire,Redshank,Floh-Knöterich,Poligono persicaria,,6391194,Q161717,,
picris-hieracioides,Picris hieracioides,Picris,hieracioides,Asteraceae,Picride fausse épervière,hawkweed oxtongue,Gewöhnliches Bitterkraut,Aspraggine comune,,3093337,Q151439,,
pinus-aristata,Pinus aristata,Pinus,aristata,Pinaceae,Pin aristé,Rocky Mountains Bristlecone Pine,Grannen-Kiefer,Pino dai coni setolosi del Colorado,,5285256,Q936888,,
poa-pratensis,Poa pratensis,Poa,pratensis,Poaceae,Pâturin des prés,Smooth Meadow-grass,Wiesen-Rispengras,Erba fienarola,,2704178,Q147783,,
polygala-vulgaris,Polygala vulgaris,Polygala,vulgaris,Polygalaceae,polygala vulgaire,Common Milkwort,Gewöhnliche Kreuzblume,Poligala,,3191374,Q162905,,
populus-nigra,Populus nigra,Populus,nigra,Salicaceae,Peuplier noir,Black Poplar,Schwarz-Pappel,Pioppo nero,,3040227,Q147064,,
potamogeton-crispus,Potamogeton crispus,Potamogeton,crispus,Potamogetonaceae,Potamot crépu,Curled pondweed,Krauses Laichkraut,brasca increspata,,5301162,Q157863,,
potentilla-thuringiaca,Potentilla thuringiaca,Potentilla,thuringiaca,Rosaceae,Potentilla thuringiaca Bernh. ex Link,Potentilla thuringiaca Bernh. ex Link,Thüringisches Fingerkraut,Potentilla thuringiaca Bernh. ex Link,,7960595,Q162286,,
ranunculus-arvensis,Ranunculus arvensis,Ranunculus,arvensis,Ranunculaceae,Renoncule des champs,Corn buttercup,Acker-Hahnenfuß,Ranuncolo dei campi,,3033348,Q341560,,
ribes-alpinum,Ribes alpinum,Ribes,alpinum,Grossulariaceae,groseillier des alpes,alpine currant,Alpen-Johannisbeere,ribes alpino,,2986184,Q149260,,
rubus-phoenicolasius,Rubus phoenicolasius,Rubus,phoenicolasius,Rosaceae,framboisier du japon,wine raspberry,Japanische Weinbeere,uva giapponese,,2995149,Q1572544,,
solanum-nigrum,Solanum nigrum,Solanum,nigrum,Solanaceae,morelle noire,Black Nightshade,Schwarzer Nachtschatten,Erba morella,,9150405,Q146400,,
spiranthes-aestivalis,Spiranthes aestivalis,Spiranthes,aestivalis,Orchidaceae,spiranthe dété,Summer lady's-tresses,Sommer-Drehwurz,Viticcini estivi,,2805343,Q159277,,
styphnolobium-japonicum,Styphnolobium japonicum,Styphnolobium,japonicum,Fabaceae,Sophora du Japon,Japanese pagoda tree,Japanischer Schnurbaum,Sofora del Giappone,,2963569,Q288558,,
teucrium-scordium,Teucrium scordium,Teucrium,scordium,Lamiaceae,germandrée des marais,water germander,Knoblauch-Gamander,Camedrio scordio,,7945074,Q158832,,
thalictrum-aquilegiifolium,Thalictrum aquilegiifolium,Thalictrum,aquilegiifolium,Ranunculaceae,Pigamon à feuilles d'ancolie,French Meadow-rue,Akeleiblättrige Wiesenraute,Pigamo colombino,,6376340,Q157987,,
trollius-europaeus,Trollius europaeus,Trollius,europaeus,Ranunculaceae,Trolle d'Europe,Globeflower,Trollblume,Bottone d'oro,,3033289,Q161636,,
tussilago-farfara,Tussilago farfara,Tussilago,farfara,Asteraceae,Tussilage,coltsfoot,Huflattich,Farfaro,,3149879,Q26302,,
ziziphus-jujuba,Ziziphus jujuba,Ziziphus,jujuba,Rhamnaceae,Jujubier commun,jujube,Chinesische Jujube,Giuggiolo,,3039423,Q11181633,,
abies-pinsapo,Abies pinsapo,Abies,pinsapo,Pinaceae,Sapin d'Andalousie,Spanish Fir,Spanische Tanne,Abete di Spagna,,2685464,Q849381,,
acacia-dealbata,Acacia dealbata,Acacia,dealbata,Fabaceae,mimosa d'hiver,Silver Wattle,Silber-Akazie,mimosa,,2979474,Q757123,,
achillea-ageratum,Achillea ageratum,Achillea,ageratum,Asteraceae,Achillée à feuilles d’agératum,sweet-Nancy,Leberbalsam-Schafgarbe,millefoglio agerato,,3120391,Q285796,,
aconitum-variegatum,Aconitum variegatum,Aconitum,variegatum,Ranunculaceae,Aconit panaché,Manchurian monkshood,Bunter Eisenhut,Aconito screziato,,8090449,Q159064,,
anacardium-occidentale,Anacardium occidentale,Anacardium,occidentale,Anacardiaceae,anacardier,Cashew,Cashew,anacardi,,5421368,Q34007,,
asplenium-trichomanes,Asplenium trichomanes,Asplenium,trichomanes,Aspleniaceae,fausse capillaire,Maidenhair Spleenwort,Braunstieliger Streifenfarn,Asplenio,,8108066,Q902211,,
bidens-cernua,Bidens cernua,Bidens,cernua,Asteraceae,Bident penché,nodding bur-marigold,Nickender Zweizahn,Forbicina intera,,5391710,Q27501,,
boehmeria-nivea,Boehmeria nivea,Boehmeria,nivea,Urticaceae,ramie,ramie,Ramie,Ramiè,,2984359,Q750467,,
carex-flava,Carex flava,Carex,flava,Cyperaceae,Laîche Jaunâtre,Large Yellow-sedge,Gelb-Segge,Carex flava agg.,,2726880,Q917324,,
carthamus-lanatus,Carthamus lanatus,Carthamus,lanatus,Asteraceae,Carthame laineux,woolly distaff thistle,Wollige Färberdistel,Zafferanone selvatico,,3138230,Q2121623,,
centaurea-scabiosa,Centaurea scabiosa,Centaurea,scabiosa,Asteraceae,Centaurée scabieuse,greater knapweed,Skabiosen-Flockenblume,Fiordaliso vedovino,,8087525,Q1569852,,
cerastium-arvense,Cerastium arvense,Cerastium,arvense,Caryophyllaceae,Céraiste des champs,field chickweed,Acker-Hornkraut,Peverina dei campi,,3085433,Q1370878,,
cinclidotus-fontinaloides,Cinclidotus fontinaloides,Cinclidotus,fontinaloides,Pottiaceae,Cinclidotus fontinaloides P. Beauv.,Aquatic lattice moss,Brunnen-Gitterzahnmoos,Cinclidotus fontinaloides P. Beauv.,,2672822,Q1092255,,
citrus-jabara,Citrus jabara,Citrus,jabara,Rutaceae,Jabara,Jabara,Jabara,Jabara,,,Q21247775,,
clematis-flammula,Clematis flammula,Clematis,flammula,Ranunculaceae,Clématite flammette,fragrant clematis,Brennende Waldrebe,Clematide fiammella,,3921611,Q909197,,
crepis-foetida,Crepis foetida,Crepis,foetida,Asteraceae,barkhausie fétide,stinking hawksbeard,Stink-Pippau,radicchiella selvatica,,5403470,Q970997,,
digitaria-exilis,Digitaria exilis,Digitaria,exilis,Poaceae,Fonio,fonio,Foniohirse,Fonio,,5289953,Q1340738,,
echium-plantagineum,Echium plantagineum,Echium,plantagineum,Boraginaceae,Vipérine faux Plantain,Paterson's curse,Wegerichblättriger Natternkopf,Viperina piantaginea,,2925895,Q159280,,
elaeis-guineensis,Elaeis guineensis,Elaeis,guineensis,Arecaceae,palmier à huile,African Oil Palm,Ölpalme,Palma da olio,,2731882,Q165403,,
epipactis-muelleri,Epipactis muelleri,Epipactis,muelleri,Orchidaceae,Épipactis de Müller,Müllers´ Helleborine,Müllers Stendelwurz,Elleborina di Mueller,,5319022,Q159996,,
fumaria-vaillantii,Fumaria vaillantii,Fumaria,vaillantii,Papaveraceae,Fumeterre de Vaillant,earthsmoke,Blasser Erdrauch,Fumaria di Vaillant,,5334216,Q159770,,
geranium-pusillum,Geranium pusillum,Geranium,pusillum,Geraniaceae,Géranium fluet,Small-flowered Crane's-bill,Kleiner Storchschnabel,Geranio peloso,,2890212,Q159200,,
geranium-sanguineum,Geranium sanguineum,Geranium,sanguineum,Geraniaceae,Géranium sanguin,Bloody Crane's-bill,Blutroter Storchschnabel,Geranio sanguigno,,2890920,Q158387,,
geranium-sylvaticum,Geranium sylvaticum,Geranium,sylvaticum,Geraniaceae,Géranium des bois,Wood Crane's-bill,Wald-Storchschnabel,Geranio dei prati,,2891147,Q161644,,
glaucidium-palmarum,Glaucidium palmarum,Glaucidium,palmarum,Ranunculaceae,Chevêchette du Colima,Colima Pygmy Owl,Colima-Sperlingskauz,Civettina del Colima,,5579436,Q1108328,,
gymnadenia-nigra,Gymnadenia nigra,Gymnadenia,nigra,Orchidaceae,Nigritella nigra,Nigra orchid,Schwarzes Kohlröschen,Nigritella nera,,2840590,Q158951,,
gymnadenia-stiriaca,Gymnadenia stiriaca,Gymnadenia,stiriaca,Orchidaceae,Nigritella stiriaca,Nigritella stiriaca,Steirisches Kohlröschen,Nigritella stiriaca,,2840410,Q2341976,,
helleborus-foetidus,Helleborus foetidus,Helleborus,foetidus,Ranunculaceae,Hellébore fétide,Dungwort,Stinkende Nieswurz,Elleboro puzzolente,,6375040,Q149421,,
herminium-monorchis,Herminium monorchis,Herminium,monorchis,Orchidaceae,Orchis à un bulbe,Musk Orchid,Einknollige Honigorchis,Orchide ad un bulbo,,5310578,Q47055,,
hippuris-vulgaris,Hippuris vulgaris,Hippuris,vulgaris,Plantaginaceae,pesse deau,common mare's-tail,Tannenwedel,Coda di cavallo acquatica,,5372503,Q33115,,
hirschfeldia-incana,Hirschfeldia incana,Hirschfeldia,incana,Brassicaceae,roquette bâtarde,hoary mustard,Graukohl,Sinapu,,3050595,Q161477,,
hovenia-dulcis,Hovenia dulcis,Hovenia,dulcis,Rhamnaceae,Raisinier de Chine,Japanese raisin tree,Japanischer Rosinenbaum,Albero dell'uva passa,,3039410,Q1478203,,
hyoscyamus-niger,Hyoscyamus niger,Hyoscyamus,niger,Solanaceae,Jusquiame noire,henbane,Schwarzes Bilsenkraut,Giusquiamo nero,,2928978,Q161058,,
lathyrus-pratensis,Lathyrus pratensis,Lathyrus,pratensis,Fabaceae,Gesse des prés,Meadow vetchling,Wiesen-Platterbse,Cicerchia dei prati,,5356701,Q161639,,
leucanthemella-serotina,Leucanthemella serotina,Leucanthemella,serotina,Asteraceae,Leucanthémelle tardive,giant-daisy,Europäische Herbstmargerite,Leucantemella tardiva,,3088405,Q15548783,,
neottia-ovata,Neottia ovata,Neottia,ovata,Orchidaceae,Listère à feuilles ovales,Common Twayblade,Großes Zweiblatt,Listera maggiore,,2816250,Q15502088,,
oenanthe-pimpinelloides,Oenanthe pimpinelloides,Oenanthe,pimpinelloides,Apiaceae,Œnanthe faux boucage,corky-fruited water-dropwort,Bibernellepferdesaat,finocchio acquatico comune,,5371889,Q939506,,
palmaria-palmata,Palmaria palmata,Palmaria,palmata,Palmariaceae,Dulse,dulse,Lappentang,Dulse,,7843860,Q864648,,
paullinia-cupana,Paullinia cupana,Paullinia,cupana,Sapindaceae,plante de guarana,guarana plant,Guaraná,Guaranà,,3189949,Q209089,,
phoenix-canariensis,Phoenix canariensis,Phoenix,canariensis,Arecaceae,dattier des canaries,Lá palama aceitosa,Kanarische Dattelpalme,Palma delle Canarie,,7445284,Q27657,,
picea-mariana,Picea mariana,Picea,mariana,Pinaceae,épinette noire,black spruce,Schwarz-Fichte,peccio nero,,5284802,Q218425,,
picea-sitchensis,Picea sitchensis,Picea,sitchensis,Pinaceae,épinette de Sitka,Sitka spruce,Sitka-Fichte,Peccio di Sitka,,5284827,Q147426,,
piper-cubeba,Piper cubeba,Piper,cubeba,Piperaceae,cubèbe,Cubeb,Kubeben-Pfeffer,Cubebe,,7606629,Q161927,,
piper-methysticum,Piper methysticum,Piper,methysticum,Piperaceae,kava,kava,Rauschpfeffer,kava,,,Q161067,,
plantago-afra,Plantago afra,Plantago,afra,Plantaginaceae,herbes aux puces,Plantain,Flohsamen-Wegerich,Psillio,,7303104,Q789360,,
psophocarpus-tetragonolobus,Psophocarpus tetragonolobus,Psophocarpus,tetragonolobus,Fabaceae,Haricot ailé,Winged bean,Goabohne,fagiolo alato,,2944683,Q1468260,,
pulicaria-vulgaris,Pulicaria vulgaris,Pulicaria,vulgaris,Asteraceae,pulicaire annelle,small fleabane,Kleines Flohkraut,Incensaria fetida,,6443643,Q1993977,,
ranunculus-circinatus,Ranunculus circinatus,Ranunculus,circinatus,Ranunculaceae,renoncule divariquée,water-crowfoot,Spreizender Wasserhahnenfuß,Ranuncolo circinnato,,3033382,Q1431626,,
ranunculus-repens,Ranunculus repens,Ranunculus,repens,Ranunculaceae,Renoncule rampante,creeping buttercup,Kriechender Hahnenfuß,Ranuncolo strisciante,,3033339,Q213356,,
raphanus-raphanistrum,Raphanus raphanistrum,Raphanus,raphanistrum,Brassicaceae,ravenelle,wild radish,Acker-Rettich,Ravanello selvatico,,3040983,Q28017,,
sclerocarya-birrea,Sclerocarya birrea,Sclerocarya,birrea,Anacardiaceae,Marula,marula,Marula-Baum,Marula,,7160810,Q675778,,
secale-cereale,Secale cereale,Secale,cereale,Poaceae,seigle,rye,Roggen,segale,,2705966,Q12099,,
sedum-dasyphyllum,Sedum dasyphyllum,Sedum,dasyphyllum,Crassulaceae,Orpin à feuilles épaisses,thick-leaf stonecrop,Buckel-Fetthenne,borracina cinerea,,7172720,Q663060,,
sesamum-indicum,Sesamum indicum,Sesamum,indicum,Pedaliaceae,sésame,sesame,Sesam,Sesamo,,3172622,Q2763698,,
sideroxylon-grandiflorum,Sideroxylon grandiflorum,Sideroxylon,grandiflorum,Sapotaceae,Tambalacoque,dodo tree,Calvariabaum,Calvaria maior,,2887061,Q1027556,,
stachys-arvensis,Stachys arvensis,Stachys,arvensis,Lamiaceae,epiaire des champs,field woundwort,Acker-Ziest,stregona minore,,2927229,Q162811,,
stangeria-eriopus,Stangeria eriopus,Stangeria,eriopus,Zamiaceae,Cycas fougère,Natal grass cycad,Farnzykadee,Cicas de felce,,2683200,Q150991,,
synsepalum-dulcificum,Synsepalum dulcificum,Synsepalum,dulcificum,Sapotaceae,Fruit miracle,miracle fruit,Wunderbeere,Frutto miracoloso,,2886039,Q918795,,
ulmus-pumila,Ulmus pumila,Ulmus,pumila,Ulmaceae,Orme de Sibérie,Siberian elm,Sibirische Ulme,Olmo siberiano,,5361877,Q1079824,,
uncaria-tomentosa,Uncaria tomentosa,Uncaria,tomentosa,Rubiaceae,Liane du Pérou,Cat's Claw,Katzenkralle,Unghia di gatto,,5338267,Q1123391,,
veratrum-nigrum,Veratrum nigrum,Veratrum,nigrum,Melanthiaceae,Vératre noir,false hellebore,Schwarzer Germer,veratro nero,,2742096,Q158898,,
vinca-major,Vinca major,Vinca,major,Apocynaceae,Grande pervenche,Greater Periwinkle,Großes Immergrün,Pervinca maggiore,,3169708,Q161746,,
vincetoxicum-hirsutum,Vincetoxicum hirsutum,Vincetoxicum,hirsutum,Apocynaceae,Vincetoxicum hirsutum (Michx.) Britton (1894) non (Wall.) Kuntze (1891),Vincetoxicum hirsutum (Michx.) Britton (1894) non (Wall.) Kuntze (1891),Vincetoxicum hirsutum (Michx.) Britton (1894) non (Wall.) Kuntze (1891),Vincetoxicum hirsutum (Michx.) Britton (1894) non (Wall.) Kuntze (1891),,8315348,Q15380282,,
zelkova-carpinifolia,Zelkova carpinifolia,Zelkova,carpinifolia,Ulmaceae,Orme du Caucase,Caucasian zelkova,Kaukasische Zelkove,olmo del  Caucaso,,7467231,Q1737093,,
achillea-atrata,Achillea atrata,Achillea,atrata,Asteraceae,Achillée noirâtre,black yarrow,Schwarzrandige Schafgarbe,Millefoglio del calcare,,3120203,Q362318,,
alchemilla-alpina,Alchemilla alpina,Alchemilla,alpina,Rosaceae,Alchémille des Alpes,Alpine Lady's-mantle,Alpen-Frauenmantel,Peucrist,,3027648,Q162477,,
angraecum-sesquipedale,Angraecum sesquipedale,Angraecum,sesquipedale,Orchidaceae,Étoile de Madagascar,Darwin’s orchid,"\Stern von Madagaskar\""",Orchidea di Darwin,,2833751,Q133818,,
bromus-sterilis,Bromus sterilis,Bromus,sterilis,Poaceae,Brome stérile,Barren Brome,Taube Trespe,Bromo sterile,,2703647,Q159146,,
celtis-australis,Celtis australis,Celtis,australis,Cannabaceae,Micocoulier de Provence,Nettle Tree,Europäischer Zürgelbaum,bagolaro,,2984492,Q255375,,
centaurea-stoebe,Centaurea stoebe,Centaurea,stoebe,Asteraceae,centaurée du rhin,spotted knapweed,Rispen-Flockenblume,Centaurea dei prati steppici,,3127727,Q624368,,
chenopodium-opulifolium,Chenopodium opulifolium,Chenopodium,opulifolium,Amaranthaceae,Chénopode à feuilles d'obier,Grey Goosefoot,Schneeballblättriger Gänsefuß,Farinello con foglie di viburno,,3083903,Q1272103,,
chenopodium-strictum,Chenopodium strictum,Chenopodium,strictum,Amaranthaceae,Chénopode dressé,Striped Goosefoot,Gestreifter Gänsefuß,Farinello eretto,,3083838,Q1519630,,
cirsium-heterophyllum,Cirsium heterophyllum,Cirsium,heterophyllum,Asteraceae,Cirse à feuilles variables,Melancholy Thistle,Verschiedenblättrige Kratzdistel,Cardo tagliente,,3113745,Q1446001,,
citrus-hassaku,Citrus hassaku,Citrus,hassaku,Rutaceae,Hassaku,Hassaku orange,Hassaku,Hassaku,,3190157,Q130172,,
citrus-x-tangelo,Citrus × tangelo,Citrus,tangelo,Rutaceae,Citrus X tangelo,tangelo,Minneola,Mapo,,8077391,,,
corydalis-lutea,Corydalis lutea,Corydalis,lutea,Papaveraceae,Corydale jaune,Yellow Corydalis,Gelber Lerchensporn,Colombina gialla,,2888513,Q159014,,
corypha-umbraculifera,Corypha umbraculifera,Corypha,umbraculifera,Arecaceae,Tallipot,Talipot palm,Talipot-Palme,Palma talipot,,5293281,Q856001,,
crataegus-rhipidophylla,Crataegus rhipidophylla,Crataegus,rhipidophylla,Rosaceae,Épine à feuilles en éventail,Calycine Hawthorn,Großkelchiger Weißdorn,Biancospino con foglie a ventaglio,,9047268,Q159086,,
cynara-scolymus,Cynara scolymus,Cynara,scolymus,Asteraceae,artichaut,artichoke plant,Artischocke,Carciofo,,3112361,Q134609,,
desmodium-elegans,Desmodium elegans,Desmodium,elegans,Fabaceae,Desmidium elegans,Desmidium elegans,Desmidium elegans,Desmidium elegans,Sohmaea elegans,,Q10926667,,
echinops-ritro,Echinops ritro,Echinops,ritro,Asteraceae,Azurite,Southern Globe Thistle,Ruthenische Kugeldistel,Cardo-pallottola coccodrillo,,5392950,Q1542494,,
encephalartos-friderici-guilielmi,Encephalartos friderici-guilielmi,Encephalartos,friderici-guilielmi,Zamiaceae,Ancien de la montagne,White-haired cycad,Altere der Berge,Il vecchio delle montagne,,2683743,Q150978,,
encephalartos-senticosus,Encephalartos senticosus,Encephalartos,senticosus,Zamiaceae,Cycas de Jozini,Jozini cycad,Jozinizikadee,Cicas di Jozini,,2683749,Q1339985,,
encephalartos-villosus,Encephalartos villosus,Encephalartos,villosus,Zamiaceae,Cycas de pauvre,Ground Cycad,Zykadee der Arme,Cicas di povero,,2683794,Q144446,,
entandrophragma-cylindricum,Entandrophragma cylindricum,Entandrophragma,cylindricum,Meliaceae,Sapelli,Sapele,Sapeli,sapele,,3850935,Q286236,,
epilobium-palustre,Epilobium palustre,Epilobium,palustre,Onagraceae,epilobe des marais,marsh willowherb,Sumpf-Weidenröschen,Epilobio palustre,,3189080,Q158157,,
epipactis-purpurata,Epipactis purpurata,Epipactis,purpurata,Orchidaceae,Épipactis violacé,Violet Helleborine,Violette Stendelwurz,Elleborina purpurea,,5318906,Q159293,,
gagea-glacialis,Gagea glacialis,Gagea,glacialis,Liliaceae,Gagea glacialis K. Koch,Gagea glacialis K. Koch,Gagea glacialis K. Koch,Gagea glacialis K. Koch,,5299923,Q15544109,,
galium-album,Galium album,Galium,album,Rubiaceae,Gaillet blanc,white bedstraw,Weißes Labkraut,Caglio bianco,,2913931,Q160265,,
glaucium-flavum,Glaucium flavum,Glaucium,flavum,Papaveraceae,glaucienne jaune,Yellow Horned Poppy,Gelber Hornmohn,Papavero giallo,,5334190,Q157916,,
gnaphalium-sylvaticum,Gnaphalium sylvaticum,Gnaphalium,sylvaticum,Asteraceae,gnaphale des bois,heath cudweed,Wald-Ruhrkraut,Canapicchia comune,,7995437,Q1848151,,
gymnadenia-austriaca,Gymnadenia austriaca,Gymnadenia,austriaca,Orchidaceae,Nigritella nigra subsp. austriaca,Nigritella austriaca,Österreichisches Kohlröschen,Nigritella nigra austriaca,,2840564,Q306652,,
hieracium-aurantiacum,Hieracium aurantiacum,Hieracium,aurantiacum,Asteraceae,epervière orangée,orange hawkweed,Orangerotes Habichtskraut,Sparviere aranciato,,7222674,Q159107,,
himantoglossum-adriaticum,Himantoglossum adriaticum,Himantoglossum,adriaticum,Orchidaceae,Himantoglosse adriatique,Adriatic lizard orchid,Adria-Riemenzunge,Barbone adriatico,,5324944,Q367295,,
hyssopus-officinalis,Hyssopus officinalis,Hyssopus,officinalis,Lamiaceae,Hysope,hyssop,Ysop,issopo officinale,,5341387,Q137931,,
jacobaea-maritima,Jacobaea maritima,Jacobaea,maritima,Asteraceae,Cinéraire maritime,dusty miller,Weißfilziges Greiskraut,Senecione cinerario,,5388595,Q13217438,,
larix-decidua,Larix decidua,Larix,decidua,Pinaceae,Mélèze d'Europe,European larch,Europäische Lärche,Larice comune,,2686212,Q146048,,
leontodon-autumnalis,Leontodon autumnalis,Leontodon,autumnalis,Asteraceae,léontodon dautomne,fall dandelion,Herbst-Löwenzahn,Dente di leone ramoso,,8058115,Q717067,,
lophira-alata,Lophira alata,Lophira,alata,Ochnaceae,Azobé,Azobe,Bongosi,Azobè,,3695610,Q135192,,
mitragyna-speciosa,Mitragyna speciosa,Mitragyna,speciosa,Rubiaceae,Kratom,kratom,Kratom,Kratom,,7461054,Q139698,,
neotinea-tridentata,Neotinea tridentata,Neotinea,tridentata,Orchidaceae,Orchis dentelé,Tridentata orchid,Dreizähniges Knabenkraut,Orchide a tre denti,,2812392,Q15474500,,
neptunia-oleracea,Neptunia oleracea,Neptunia,oleracea,Fabaceae,neptunie potagère,Water Mimosa,Wassermimose,mimosa d'acqua,,5353534,Q456165,,
oenanthe-albifrons,Oenanthe albifrons,Oenanthe,albifrons,Apiaceae,Traquet à front blanc,White-fronted Black Chat,Weißstirn-Steinschmätzer,Sassicolo nero frontebianca,,11420223,Q27075700,,
oenanthe-dubia,Oenanthe dubia,Oenanthe,dubia,Apiaceae,Traquet sombre,Sombre Rock Chat,Dunkelschmätzer,Codinero scuro,,5540247,Q17131784,,
oenanthe-picata,Oenanthe picata,Oenanthe,picata,Apiaceae,Traquet variable,Variable Wheatear,Elstersteinschmätzer,Monachella variabile,,3034809,Q2668319,,
ophrys-tenthredinifera,Ophrys tenthredinifera,Ophrys,tenthredinifera,Orchidaceae,Ophrys guêpe,Sawfly orchid,Wespen-Ragwurz,Ofride fior di Vespa,,2793126,Q931138,,
panax-ginseng,Panax ginseng,Panax,ginseng,Araliaceae,ginseng,Chinese ginseng,Ginseng,Ginseng,,5372262,Q182881,,
persicaria-minor,Persicaria minor,Persicaria,minor,Polygonaceae,Persicaire mineure,small water-pepper,Kleiner Knöterich,Poligono minore,,6391150,Q1717986,,
phlomis-fruticosa,Phlomis fruticosa,Phlomis,fruticosa,Lamiaceae,Sauge de Jérusalem,Jerusalem sage,Strauchiges Brandkraut,Salvione giallo,,2927452,Q1322796,,
picea-rubens,Picea rubens,Picea,rubens,Pinaceae,Épinette rouge,Red Spruce,Amerikanische Rot-Fichte,Peccio rosso,,5284717,Q469151,,
platanthera-bifolia,Platanthera bifolia,Platanthera,bifolia,Orchidaceae,Platanthère à deux feuilles,lesser butterfly-orchid,Zweiblättrige Waldhyazinthe,Platantera comune,,9213153,Q157433,,
poa-palustris,Poa palustris,Poa,palustris,Poaceae,Pâturin des marais,fowl bluegrass,Sumpf-Rispengras,Fienarola delle paludi,,2704261,Q161286,,
pterocarya-fraxinifolia,Pterocarya fraxinifolia,Pterocarya,fraxinifolia,Juglandaceae,Ptérocaryer du Caucase,Caucasian wingnut,Kaukasische Flügelnuss,Noce del Caucaso,,8288647,Q121749,,
pyracantha-coccinea,Pyracantha coccinea,Pyracantha,coccinea,Rosaceae,buisson ardent,Scarlet firethorn,Mittelmeer-Feuerdorn,Agazzino,,2988188,Q159269,,
ranunculus-bulbosus,Ranunculus bulbosus,Ranunculus,bulbosus,Ranunculaceae,renoncule bulbeuse,bulbous buttercup,Knolliger Hahnenfuß,Ranuncolo bulboso,,3033329,Q939633,,
ranunculus-peltatus,Ranunculus peltatus,Ranunculus,peltatus,Ranunculaceae,renoncule peltée,pond water-crowfoot,Schild-Wasserhahnenfuß,Ranuncolo peltato,,8365713,Q2064748,,
rhamnus-alaternus,Rhamnus alaternus,Rhamnus,alaternus,Rhamnaceae,Nerprun alaterne,Mediterranean Buckthorn,Stechpalmen-Kreuzdorn,Alaterno,,6371424,Q721200,,
rosa-x-noisetteana,Rosa × noisetteana,Rosa,noisetteana,Rosaceae,rosier de Noisette,Rosa ×noisettaeana,Noisette-Rose,Noisetterosor,,4938455,,,
serapias-parviflora,Serapias parviflora,Serapias,parviflora,Orchidaceae,Sérapias à petites fleurs,Small-flowered serapias,Kleinblütiger Zungenstendel,Serapide minor,,5314849,Q1314770,,
serapias-vomeracea,Serapias vomeracea,Serapias,vomeracea,Orchidaceae,Sérapias à labelle allongé,Long-lipped Serapias,Pflugschar-Zungenstendel,Serapias vomeracea vomeracea,,5314764,Q1472728,,
tabernanthe-iboga,Tabernanthe iboga,Tabernanthe,iboga,Apocynaceae,Iboga,Iboga,Iboga,Iboga,,3621082,Q132677,,
tamarindus-indica,Tamarindus indica,Tamarindus,indica,Fabaceae,Tamarinier,tamarind,Tamarindenbaum,Tamarindo,,2975768,Q80235,,
thalictrum-flavum,Thalictrum flavum,Thalictrum,flavum,Ranunculaceae,pigamon jaune,Common Meadow-rue,Gelbe Wiesenraute,Pigamo giallo,,7509607,Q162764,,
tordylium-apulum,Tordylium apulum,Tordylium,apulum,Apiaceae,Tordyle des Pouilles,Mediterranean hartwort,Apulischer Zirmet,ombrellino pugliese,,3034902,Q622341,,
vigna-umbellata,Vigna umbellata,Vigna,umbellata,Fabaceae,Haricot riz,rice bean,Reisbohne,fagiolo riso,,2982753,Q1368391,,
adonis-tianschanica,Adonis tianschanica,Adonis,tianschanica,Ranunculaceae,Adonis tianschanica ex,Adonis tianschanica ex,Adonis tianschanica ex,Adonis tianschanica ex,,8159015,Q10939425,,
alnus-viridis,Alnus viridis,Alnus,viridis,Betulaceae,Aulne vert,green alder,Grünerle,Ontano verde,,8175012,Q163978,,
amorphophallus-titanum,Amorphophallus titanum,Amorphophallus,titanum,Araceae,Amorphophallus titanum ex,Amorphophallus titanum ex,Titanenwurz,Amorphophallus titanum ex,,2871508,Q431224,,
apoplanesia-paniculata,Apoplanesia paniculata,Apoplanesia,paniculata,Fabaceae,Apoplanesia paniculata C. Presl,Apoplanesia paniculata C. Presl,Apoplanesia paniculata C. Presl,Apoplanesia paniculata C. Presl,,2959549,Q5701606,,
astianthus-viminalis,Astianthus viminalis,Astianthus,viminalis,Bignoniaceae,Astianthus viminalis Baill.,Astianthus viminalis Baill.,Astianthus viminalis (Kunth) Baill.,Astianthus viminalis Baill.,,4091338,Q15578375,,
begonia-baramensis,Begonia baramensis,Begonia,baramensis,Begoniaceae,Begonia baramensis Merr.,Begonia baramensis Merr.,Begonia baramensis Merr.,Begonia baramensis Merr.,,4158232,Q15329175,,
begonia-handroi,Begonia handroi,Begonia,handroi,Begoniaceae,Begonia handroi Brade,Begonia handroi Brade,Begonia handroi Brade,Begonia handroi Brade,,4157427,Q15329693,,
bellevalia-tabriziana,Bellevalia tabriziana,Bellevalia,tabriziana,Asparagaceae,Bellevalia tabriziana Turrill,Bellevalia tabriziana Turrill,Bellevalia tabriziana Turrill,Bellevalia tabriziana Turrill,,2771936,Q15502574,,
brachychiton-multicaulis,Brachychiton multicaulis,Brachychiton,multicaulis,Malvaceae,Brachychiton multicaulis Guymer,Brachychiton multicaulis Guymer,Brachychiton multicaulis Guymer,Brachychiton multicaulis Guymer,,3671295,Q15358833,,
brachyglottis-christensenii,Brachyglottis christensenii,Brachyglottis,christensenii,Asteraceae,Brachyglottis ×christensenii,Brachyglottis ×christensenii,Brachyglottis ×christensenii,Brachyglottis ×christensenii,,3138431,Q15549503,,
briza-maxima,Briza maxima,Briza,maxima,Poaceae,Grande brize,big quakinggrass,Großes Zittergras,sonaglino maggiore,,2702792,Q140178,,
calamus-axillaris,Calamus axillaris,Calamus,axillaris,Arecaceae,C.  axillaris,C.  axillaris,C.  axillaris,C.  axillaris,,5294520,Q12702117,,
calamus-blumei,Calamus blumei,Calamus,blumei,Arecaceae,C. blumei,C. blumei,C. blumei,C. blumei,,5294024,Q15459964,,
calamus-caesius,Calamus caesius,Calamus,caesius,Arecaceae,C.  caesius,C.  caesius,C.  caesius,C.  caesius,,5294333,Q15459306,,
calamus-insignis,Calamus insignis,Calamus,insignis,Arecaceae,C. insignis,C. insignis,C. insignis,C. insignis,,5294263,Q15460796,,
calamus-javensis,Calamus javensis,Calamus,javensis,Arecaceae,C.  javensis,C.  javensis,C.  javensis,C.  javensis,,5294282,Q12702107,,
calamus-luridus,Calamus luridus,Calamus,luridus,Arecaceae,C.  luridus,C.  luridus,C.  luridus,C.  luridus,,5294003,Q15460873,,
calamus-ornatus,Calamus ornatus,Calamus,ornatus,Arecaceae,C. ornatus,C. ornatus,C. ornatus,C. ornatus,,5294402,Q15460692,,
calamus-oxleyanus,Calamus oxleyanus,Calamus,oxleyanus,Arecaceae,C.  oxleyanus,C.  oxleyanus,C.  oxleyanus,C.  oxleyanus,,5294426,Q12702112,,
calamus-scipionum,Calamus scipionum,Calamus,scipionum,Arecaceae,C.  scipionum,C.  scipionum,C.  scipionum,C.  scipionum,,5294504,Q15461237,,
calamus-tenuis,Calamus tenuis,Calamus,tenuis,Arecaceae,C.  tenuis,C.  tenuis,C.  tenuis,C.  tenuis,,5294018,Q5018507,,
calamus-viminalis,Calamus viminalis,Calamus,viminalis,Arecaceae,C. viminalis,C. viminalis,C. viminalis,C. viminalis,,5294114,Q10901207,,
calendula-arvensis,Calendula arvensis,Calendula,arvensis,Asteraceae,Souci des champs,field marigold,Acker-Ringelblume,Fiorrancio selvatico,,9182765,Q149561,,
castilla-ulei,Castilla ulei,Castilla,ulei,Moraceae,Castilloa ulei,caucho rubber,Castilloa ulei,Castilloa ulei,,2984559,Q15472039,,
catananche-caerulea,Catananche caerulea,Catananche,caerulea,Asteraceae,Cupidone bleue,Cupid's dart,Blaue Rasselblume,Cupidone azzurro,,3134867,Q514545,,
cerinthe-major,Cerinthe major,Cerinthe,major,Boraginaceae,grand mélinet,honeywort,Große Wachsblume,Erba vajola,,2926108,Q3665114,,
chamaenerion-crassifolium,Chamaenerion crassifolium,Chamaenerion,crassifolium,Onagraceae,Chamaenerion сrassifolium,Chamaenerion сrassifolium,Chamaenerion сrassifolium,Chamaenerion сrassifolium,,3666422,Q91407669,,
citrus-myrtifolia,Citrus myrtifolia,Citrus,myrtifolia,Rutaceae,Chinotto,myrtle-leaved orange tree,Chinotto (Frucht),Chinotto di Savona,,8077391,Q1074438,,
citrus-platymamma,Citrus platymamma,Citrus,platymamma,Rutaceae,byeonggyul,byeonggyul,byeonggyul,byeonggyul,,9574607,Q21247842,,
corydalis-osmastonii,Corydalis osmastonii,Corydalis,osmastonii,Papaveraceae,Corydalis osmastonii Fedde,Corydalis osmastonii Fedde,Corydalis osmastonii Fedde,Corydalis osmastonii Fedde,,9509505,Q15336164,,
crataegus-dsungarica,Crataegus dsungarica,Crataegus,dsungarica,Rosaceae,Crataegus ×dsungarica,Crataegus ×dsungarica,Crataegus ×dsungarica,Crataegus ×dsungarica,,3016085,Q4095565,,
crataegus-permixta,Crataegus permixta,Crataegus,permixta,Rosaceae,Crataegus ×permixta,Crataegus ×permixta,Crataegus ×permixta,Crataegus ×permixta,,3013404,Q55840284,,
curcuma-angustifolia,Curcuma angustifolia,Curcuma,angustifolia,Zingiberaceae,Curcuma angustifolia Roxb.,East Indian arrowroot,Curcuma angustifolia Roxb.,Curcuma angustifolia Roxb.,,2757542,Q3596013,,
cyathea-dryopteroides,Cyathea dryopteroides,Cyathea,dryopteroides,Cyatheaceae,Cyathea ×dryopteroides,Cyathea ×dryopteroides,Cyathea ×dryopteroides,Cyathea ×dryopteroides,,5274900,Q5197630,,
cybistax-antisyphilitica,Cybistax antisyphilitica,Cybistax,antisyphilitica,Bignoniaceae,Yangua tinctoria,Yangua tinctoria,Yangua tinctoria,Yangua tinctoria,,7298689,Q15548776,,
dicranolepis-pulcherrima,Dicranolepis pulcherrima,Dicranolepis,pulcherrima,Thymelaeaceae,Dicranolepis pulcherrima Gilg,Dicranolepis pulcherrima Gilg,Dicranolepis pulcherrima Gilg,Dicranolepis pulcherrima Gilg,,5524120,Q17581678,,
diplazium-lherminieri,Diplazium lherminieri,Diplazium,lherminieri,Athyriaceae,Diplazium l'herminieri,L'herminier's twinsorus fern,Diplazium l'herminieri,Diplazium l'herminieri,,7997246,Q17046504,,
doronicum-austriacum,Doronicum austriacum,Doronicum,austriacum,Asteraceae,doronic d'Autriche,Austrian leopard's bane,Österreichische Gämswurz,Doronico austriaco,,7389416,Q303325,,
dryopteris-tavelii,Dryopteris tavelii,Dryopteris,tavelii,Dryopteridaceae,Dryopteris ×tavelii,Dryopteris ×tavelii,Dryopteris ×tavelii,Dryopteris ×tavelii,,7506120,Q17092055,,
elymus-riparius,Elymus riparius,Elymus,riparius,Poaceae,Elymus riparius Wiegand,riverbank wildrye,Elymus riparius Wiegand,Elymus riparius Wiegand,,5290259,Q15511066,,
epipactis-leptochila,Epipactis leptochila,Epipactis,leptochila,Orchidaceae,Épipactis à labelle étroit,Narrow-lipped helleborine,Schmallippige Stendelwurz,Elleborina a labello sottile,,5319049,Q159349,,
epipactis-microphylla,Epipactis microphylla,Epipactis,microphylla,Orchidaceae,Epipactis à petites feuille,Small-leaved Helleborine,Kleinblättrige Stendelwurz,Elleborina minore,,5318948,Q158829,,
epipactis-ohwii,Epipactis ohwii,Epipactis,ohwii,Orchidaceae,Épipactis à larges feuilles,Broad-leaved Helleborine,Breitblättrige Stendelwurz,Elleborina comune,,5319205,Q10914831,,
ficus-benghalensis,Ficus benghalensis,Ficus,benghalensis,Moraceae,,,,,,5361919,Q1405636,,
ficus-pumila,Ficus pumila,Ficus,pumila,Moraceae,,Creeping Fig,,Fico rampicante,,5361930,Q2360517,,
ficus-maclellandii,Ficus maclellandii,Ficus,maclellandii,Moraceae,,,,,,7262766,Q5446618,,
epipremnum-pinnatum,Epipremnum pinnatum,Epipremnum,pinnatum,Araceae,,Dragon tail,,,,2868272,Q549727,,
philodendron-erubescens,Philodendron erubescens,Philodendron,erubescens,Araceae,,,,,,2871297,Q4484253,,
rhaphidophora-tetrasperma,Rhaphidophora tetrasperma,Rhaphidophora,tetrasperma,Araceae,,,,,,5329745,Q11834848,,
dracaena-sanderiana,Dracaena sanderiana,Dracaena,sanderiana,Asparagaceae,Lucky Bamboo,Ribbon Plant,Lucky Bamboo,,,7431653,Q27686509,,
dracaena-reflexa,Dracaena reflexa,Dracaena,reflexa,Asparagaceae,bois de chandelle,,,,,5304436,Q135016,,
anthurium-clarinervium,Anthurium clarinervium,Anthurium,clarinervium,Araceae,,,,,,2872501,Q15318639,,
peperomia-caperata,Peperomia caperata,Peperomia,caperata,Piperaceae,,,,,,4186167,Q7166267,,
alocasia-zebrina,Alocasia zebrina,Alocasia,zebrina,Araceae,,,,,,11344748,Q15314868,,
tradescantia-pallida,Tradescantia pallida,Tradescantia,pallida,Commelinaceae,,wandering Jew,Mexikanische Dreimasterblume,,,2765221,Q1563504,,
euphorbia-tirucalli,Euphorbia tirucalli,Euphorbia,tirucalli,Euphorbiaceae,,,,,,3069353,Q883685,,
opuntia-microdasys,Opuntia microdasys,Opuntia,microdasys,Cactaceae,,angel's-wings,,,,7283961,Q310523,,
gymnocalycium-mihanovichii,Gymnocalycium mihanovichii,Gymnocalycium,mihanovichii,Cactaceae,,,,,,7282762,Q137994,,
cycas-revoluta,Cycas revoluta,Cycas,revoluta,Cycadaceae,Cycas du Japon,Sago palm,,,,2683217,Q161517,,
livistona-chinensis,Livistona chinensis,Livistona,chinensis,Arecaceae,Latanier de Chine,fan palm,,,,2733469,Q709649,,
clivia-miniata,Clivia miniata,Clivia,miniata,Amaryllidaceae,,bush lily,Klivie,,,9482657,Q149094,,
hippeastrum-vittatum,Hippeastrum vittatum,Hippeastrum,vittatum,Amaryllidaceae,,superb amaryllis,,,,2854588,Q5898418,,
vriesea-splendens,Vriesea splendens,Vriesea,splendens,Bromeliaceae,,,,,,9523461,Q5220923,,
ananas-comosus,Ananas comosus,Ananas,comosus,Bromeliaceae,,pineapple,,,,5288819,Q1493,,
medinilla-magnifica,Medinilla magnifica,Medinilla,magnifica,Melastomataceae,,showy medinilla,,,,3188507,Q138748,,
stephanotis-floribunda,Stephanotis floribunda,Stephanotis,floribunda,Apocynaceae,Jasmin de Madagascar,,Kranzschlinge,,,3573314,Q1786657,,
jasminum-polyanthum,Jasminum polyanthum,Jasminum,polyanthum,Oleaceae,,,,,,3682631,Q282635,,
plumeria-rubra,Plumeria rubra,Plumeria,rubra,Apocynaceae,,templetree,Rote Frangipani,Frangipani rosso,,3169674,Q1097328,,
pteris-cretica,Pteris cretica,Pteris,cretica,Pteridaceae,Ptéris de Crète,ribbon fern,Kretischer Saumfarn,,,5275404,Q2050113,,
phlebodium-aureum,Phlebodium aureum,Phlebodium,aureum,Polypodiaceae,,golden polypody,Goldtüpfelfarn,,,2650479,Q1231082,,
soleirolia-soleirolii,Soleirolia soleirolii,Soleirolia,soleirolii,Urticaceae,,mother of thousands,Bubikopf,,,2984366,Q997566,,
plectranthus-scutellarioides,Plectranthus scutellarioides,Plectranthus,scutellarioides,Lamiaceae,Solenostemon blumei,coleus,Buntnessel,,Coleus scutellarioides,5341492,Q1009995,,
pelargonium-zonale,Pelargonium zonale,Pelargonium,zonale,Geraniaceae,,,,,,9609002,Q3898877,,
pelargonium-peltatum,Pelargonium peltatum,Pelargonium,peltatum,Geraniaceae,,Pelargonium lateripes L'Hér.,,,,9561762,Q160925,,
aeschynanthus-radicans,Aeschynanthus radicans,Aeschynanthus,radicans,Gesneriaceae,,,Äschynanthus,,,3824774,Q4688539,,
hypoestes-phyllostachya,Hypoestes phyllostachya,Hypoestes,phyllostachya,Acanthaceae,,polkadot-plant,,,,3173196,Q5959593,,
cyperus-alternifolius,Cyperus alternifolius,Cyperus,alternifolius,Cyperaceae,,,,Falso papiro,,2714156,Q132993,,
caladium-bicolor,Caladium bicolor,Caladium,bicolor,Araceae,,heart of Jesus,,,,2868390,Q10296092,,
zantedeschia-aethiopica,Zantedeschia aethiopica,Zantedeschia,aethiopica,Araceae,Arum d’Éthiopie,calla lily,,,,2868827,Q1945905,,
sparrmannia-africana,Sparrmannia africana,Sparrmannia,africana,Malvaceae,,African hemp,Kapländische Zimmerlinde,,,7694678,Q577521,,
gynura-aurantiaca,Gynura aurantiaca,Gynura,aurantiaca,Asteraceae,,velvetplant,,,,3115470,Q9268236,,
callisia-repens,Callisia repens,Callisia,repens,Commelinaceae,Callisie rampante,Bolivian Jew,Kriechendes Schönpolster,,,5303420,Q1693148,,
sinningia-speciosa,Sinningia speciosa,Sinningia,speciosa,Gesneriaceae,,Brazilian gloxinia,Gloxinie,,,3825228,Q163267,,
nematanthus-gregarius,Nematanthus gregarius,Nematanthus,gregarius,Gesneriaceae,,,,,,5589356,Q10646907,,
columnea-gloriosa,Columnea gloriosa,Columnea,gloriosa,Gesneriaceae,,,,,,6365214,Q17683144,,
episcia-cupreata,Episcia cupreata,Episcia,cupreata,Gesneriaceae,,Flame violet,,,,3172881,Q10923645,,
ravenea-rivularis,Ravenea rivularis,Ravenea,rivularis,Arecaceae,,Majestic palm,,,,2739031,Q623263,,
caryota-mitis,Caryota mitis,Caryota,mitis,Arecaceae,,Burmese fishtail palm,Fischschwanzpalme,,,2738902,Q221543,,
aloe-arborescens,Aloe arborescens,Aloe,arborescens,Asphodelaceae,Aloé arborescente,candelabra aloe,,,,2777537,Q162137,,
gasteria-bicolor,Gasteria bicolor,Gasteria,bicolor,Asphodelaceae,,,,,,2778690,Q1439759,,
crassula-perforata,Crassula perforata,Crassula,perforata,Crassulaceae,,,,,,7642067,Q15482979,,
kalanchoe-tomentosa,Kalanchoe tomentosa,Kalanchoe,tomentosa,Crassulaceae,,,,,,4198346,Q142606,,
echeveria-agavoides,Echeveria agavoides,Echeveria,agavoides,Crassulaceae,,,,,,7333993,Q2413000,,
pachyphytum-oviferum,Pachyphytum oviferum,Pachyphytum,oviferum,Crassulaceae,,"sugaralmond plant, moonstone",,,,4202469,Q1457960,,
sedum-rubrotinctum,Sedum rubrotinctum,Sedum,rubrotinctum,Crassulaceae,,,,,,5688562,,,
adenium-obesum,Adenium obesum,Adenium,obesum,Apocynaceae,Baobab chacal,desert rose,,,,7155887,Q311994,,
pachypodium-lamerei,Pachypodium lamerei,Pachypodium,lamerei,Apocynaceae,,,Madagaskarpalme,,,5535474,Q1278160,,
euphorbia-lactea,Euphorbia lactea,Euphorbia,lactea,Euphorbiaceae,,,,,,3069859,Q5410474,,
astrophytum-myriostigma,Astrophytum myriostigma,Astrophytum,myriostigma,Cactaceae,,,Bischofsmütze,,,7282451,Q637364,,
ferocactus-latispinus,Ferocactus latispinus,Ferocactus,latispinus,Cactaceae,,,,,,7284444,Q147501,,
hatiora-salicornioides,Hatiora salicornioides,Hatiora,salicornioides,Cactaceae,,,,,,7280906,,,
selenicereus-undatus,Selenicereus undatus,Selenicereus,undatus,Cactaceae,,,,,,10334868,Q90600463,,
aesculus-hippocastanum,Aesculus hippocastanum,Aesculus,hippocastanum,Sapindaceae,,horse-chestnut,,,,3189815,Q26899,,
philadelphus-coronarius,Philadelphus coronarius,Philadelphus,coronarius,Hydrangeaceae,,sweet mock orange,Europäischer Pfeifenstrauch,,,2986045,Q163791,,
magnolia-grandiflora,Magnolia grandiflora,Magnolia,grandiflora,Magnoliaceae,Magnolia à grandes fleurs,southern magnolia,Immergrüne Magnolie,,,9605163,Q161116,,
platanus-x-hispanica,Platanus × hispanica,Platanus,hispanica,Platanaceae,,London Plane,,,,7400250,Q161374,,
buddleja-davidii,Buddleja davidii,Buddleja,davidii,Scrophulariaceae,Buddleia de David,Butterfly-bush,Schmetterlingsflieder,,,3173338,Q161538,,
pittosporum-tobira,Pittosporum tobira,Pittosporum,tobira,Pittosporaceae,,mock orange,Chinesischer Klebsame,,,8677924,Q161375,,
bergenia-crassifolia,Bergenia crassifolia,Bergenia,crassifolia,Saxifragaceae,,Siberian-tea,,,,5567694,Q162752,,
spiraea-japonica,Spiraea japonica,Spiraea,japonica,Rosaceae,Spirée du Japon,Japanese meadowsweet,,,,8170635,Q158201,,
platycladus-orientalis,Platycladus orientalis,Platycladus,orientalis,Cupressaceae,Thuya de Chine,Oriental Arbor-vitae,Morgenländischer Lebensbaum,,,2684855,Q33482,,
berberis-thunbergii,Berberis thunbergii,Berberis,thunbergii,Berberidaceae,Berbéris de Thunberg,Japanese barberry,Thunberg-Berberitze,,,3033896,Q158397,,
cedrus-atlantica,Cedrus atlantica,Cedrus,atlantica,Pinaceae,,Atlas cedar,,,,5284702,Q623489,,
berberis-aquifolium,Berberis aquifolium,Berberis,aquifolium,Berberidaceae,,Oregon grape,,,,3033865,Q126902242,,
robinia-pseudoacacia,Robinia pseudoacacia,Robinia,pseudoacacia,Fabaceae,,black locust,,,,5352251,Q157417,,
liriodendron-tulipifera,Liriodendron tulipifera,Liriodendron,tulipifera,Magnoliaceae,,American tuliptree,,,,3152861,Q158783,,
pinus-sylvestris,Pinus sylvestris,Pinus,sylvestris,Pinaceae,,Scots pine,,,,5285637,Q133128,,
sequoiadendron-giganteum,Sequoiadendron giganteum,Sequoiadendron,giganteum,Cupressaceae,séquoia géant,giant redwood,Riesenmammutbaum,,,2684120,Q149851,,
araucaria-araucana,Araucaria araucana,Araucaria,araucana,Araucariaceae,,monkey-puzzle,,,,2684984,Q158780,,
euonymus-japonicus,Euonymus japonicus,Euonymus,japonicus,Celastraceae,,Japanese spindletree,,,,7102937,Q161383,,
salvia-microphylla,Salvia microphylla,Salvia,microphylla,Lamiaceae,,baby sage,Johannisbeer-Salbei,,,2927045,Q2705479,,
catalpa-bignonioides,Catalpa bignonioides,Catalpa,bignonioides,Bignoniaceae,,southern catalpa,,,,3172615,Q163831,,
aesculus-x-carnea,Aesculus × carnea,Aesculus,carnea,Sapindaceae,,Red horse-chestnut,,,,3189809,Q163779,,
dasiphora-fruticosa,Dasiphora fruticosa,Dasiphora,fruticosa,Rosaceae,Potentille arbustive,Shrubby Cinquefoil,Fingerstrauch,,,5370380,Q161169,,
melaleuca-citrina,Melaleuca citrina,Melaleuca,citrina,Myrtaceae,,crimson bottlebrush,Karminroter Zylinderputzer (Callistemon citrinus),,Callistemon citrinus,3173413,Q6810997,,
metasequoia-glyptostroboides,Metasequoia glyptostroboides,Metasequoia,glyptostroboides,Cupressaceae,Métaséquoïa de Chine,Dawn Redwood,Urweltmammutbaum,,,5284231,Q156800,,
rhus-typhina,Rhus typhina,Rhus,typhina,Anacardiaceae,sumac vinaigrier,staghorn sumac,Essigbaum,,,3190538,Q148986,,
rosa-rugosa,Rosa rugosa,Rosa,rugosa,Rosaceae,rosier rugueux,japanese rose,Kartoffel-Rose,,,3003979,Q634975,,
paulownia-tomentosa,Paulownia tomentosa,Paulownia,tomentosa,Paulowniaceae,Arbre impérial,princess tree,Blauglockenbaum,,,3170823,Q157393,,
lantana-camara,Lantana camara,Lantana,camara,Verbenaceae,Lantanier,Cherry Pie,Wandelröschen,,,2925303,Q332469,,
physocarpus-opulifolius,Physocarpus opulifolius,Physocarpus,opulifolius,Rosaceae,,common ninebark,Schneeballblättrige Blasenspiere,,,2988354,Q159132,,
coleus-scutellarioides,Coleus scutellarioides,Coleus,scutellarioides,Lamiaceae,,Coleus,,,,5341492,Q10881792,,
plumbago-auriculata,Plumbago auriculata,Plumbago,auriculata,Plumbaginaceae,Dentellaire du Cap,cape leadwort,Kap-Bleiwurz,,,3082283,Q263162,,
tilia-platyphyllos,Tilia platyphyllos,Tilia,platyphyllos,Malvaceae,Tilleul à grandes feuilles,Large-leaved Lime,Sommer-Linde,,,3152048,Q156831,,
koelreuteria-paniculata,Koelreuteria paniculata,Koelreuteria,paniculata,Sapindaceae,,golden rain tree,,,,5421180,Q844835,,
tagetes-erecta,Tagetes erecta,Tagetes,erecta,Asteraceae,Rose d'Inde,African marigold,Aufrechte Studentenblume,,,3088488,Q759876,,
viburnum-rhytidophyllum,Viburnum rhytidophyllum,Viburnum,rhytidophyllum,Viburnaceae,,leatherleaf arrowwoo,Runzelblättriger Schneeball,,,2888625,Q180606,,
stachys-byzantina,Stachys byzantina,Stachys,byzantina,Lamiaceae,,woolly hedgenettle,,,,2927230,Q2034131,,
quercus-ilex,Quercus ilex,Quercus,ilex,Fagaceae,,Holm oak,,,,2879098,Q218155,,
jacaranda-mimosifolia,Jacaranda mimosifolia,Jacaranda,mimosifolia,Bignoniaceae,Flamboyant bleu,black poui,Palisanderholzbaum,,,3172499,Q838818,,
symphoricarpos-albus,Symphoricarpos albus,Symphoricarpos,albus,Caprifoliaceae,symphorine,snowberry,Gewöhnliche Schneebeere,,,8012439,Q158150,,
chaenomeles-speciosa,Chaenomeles speciosa,Chaenomeles,speciosa,Rosaceae,,flowering quince,,,,3000679,Q159324,,
pelargonium-x-hybridum,Pelargonium × hybridum,Pelargonium,hybridum,Geraniaceae,,garden geranium,,,,3826724,,,
campsis-radicans,Campsis radicans,Campsis,radicans,Bignoniaceae,Trompette de Virginie,trumpet creeper,Amerikanische Klettertrompete,,,3172549,Q468778,,
acer-negundo,Acer negundo,Acer,negundo,Sapindaceae,,box elder,,,,3189866,Q161166,,
rhododendron-ponticum,Rhododendron ponticum,Rhododendron,ponticum,Ericaceae,rhododendron pontique,pontic rhododendron,Pontische Alpenrose,,,7327990,Q557928,,
phlox-paniculata,Phlox paniculata,Phlox,paniculata,Polemoniaceae,Phlox paniculé,fall phlox,Hoher Stauden-Phlox,,,2927744,Q164553,,
teucrium-fruticans,Teucrium fruticans,Teucrium,fruticans,Lamiaceae,Germandrée arbustive,Olive-leaved germander,,camedrio femmina,,2926902,Q140935,,
acanthus-mollis,Acanthus mollis,Acanthus,mollis,Acanthaceae,Acanthe à feuilles molles,bear's breeches,,Acanto,,5415455,Q136648,,
forsythia-suspensa,Forsythia suspensa,Forsythia,suspensa,Oleaceae,,weeping forsythia,Hänge-Forsythie,,,5415056,Q1275024,,
washingtonia-robusta,Washingtonia robusta,Washingtonia,robusta,Arecaceae,,Mexican cotton palm,Mexikanische Washingtonpalme,,,5294595,Q1096456,,
weigela-florida,Weigela florida,Weigela,florida,Caprifoliaceae,,old fashioned weigela,Liebliche Weigelie,,,2888730,Q164323,,
lysimachia-punctata,Lysimachia punctata,Lysimachia,punctata,Primulaceae,Lysimaque ponctuée,Dotted Loosestrife,Punktierter Gilbweiderich,,,3169340,Q158115,,
magnolia-liliiflora,Magnolia liliiflora,Magnolia,liliiflora,Magnoliaceae,,Lily Magnolia,Purpur-Magnolie,,,3153228,Q942031,,
pinus-nigra,Pinus nigra,Pinus,nigra,Pinaceae,,black pine,,,,5284809,Q145954,,
phlox-subulata,Phlox subulata,Phlox,subulata,Polemoniaceae,,moss phlox,Polster-Phlox,,,2927727,Q1045366,,
kolkwitzia-amabilis,Kolkwitzia amabilis,Kolkwitzia,amabilis,Caprifoliaceae,,Beauty bush,Kolkwitzie,,,2888706,Q1779255,,
eriocapitella-hupehensis,Eriocapitella hupehensis,Eriocapitella,hupehensis,Ranunculaceae,,Hubei Anemone,,,,9677963,Q89116313,,
lonicera-tatarica,Lonicera tatarica,Lonicera,tatarica,Caprifoliaceae,Clématite de Tartarie,Tatarian honeysuckle,Tataren-Heckenkirsche,,,5334242,Q158546,,
ligustrum-lucidum,Ligustrum lucidum,Ligustrum,lucidum,Oleaceae,,glossy privet,Glänzender Liguster,,,3172297,Q732933,,
dianthus-barbatus,Dianthus barbatus,Dianthus,barbatus,Caryophyllaceae,Œillet de poète,sweetwilliam,Bartnelke,,,3085421,Q161745,,
kerria-japonica,Kerria japonica,Kerria,japonica,Rosaceae,Corète du Japon,Japanese kerria,Japanische Kerrie,,,5371450,Q157401,,
lagerstroemia-indica,Lagerstroemia indica,Lagerstroemia,indica,Lythraceae,,Crape-myrtle,,,,3188725,Q1148692,,
paeonia-officinalis,Paeonia officinalis,Paeonia,officinalis,Paeoniaceae,,common peony,Gemeine Pfingstrose,,,3083488,Q159738,,
aucuba-japonica,Aucuba japonica,Aucuba,japonica,Garryaceae,,Japanese aucuba,Japanische Aukube,,,3033077,Q163114,,
fritillaria-imperialis,Fritillaria imperialis,Fritillaria,imperialis,Liliaceae,Fritillaire impériale,imperial fritillary,Kaiserkrone,,,5300716,Q161939,,
platanus-orientalis,Platanus orientalis,Platanus,orientalis,Platanaceae,platane d'Orient,Chinar,Morgenländische Platane,,,3152816,Q161105,,
magnolia-stellata,Magnolia stellata,Magnolia,stellata,Magnoliaceae,Magnolia étoilé,Star magnolia,Stern-Magnolie,,,3153912,Q839507,,
verbena-bonariensis,Verbena bonariensis,Verbena,bonariensis,Verbenaceae,Verveine de Buenos-Aires,purpletop vervain,Patagonisches Eisenkraut,,,2925514,Q2047281,,
citrus-x-aurantium,Citrus × aurantium,Citrus,aurantium,Rutaceae,Bigaradier,Bitter orange,Bitterorange,Arancia amara,Citrus myrtifolia,8077391,Q147096,,
caragana-arborescens,Caragana arborescens,Caragana,arborescens,Fabaceae,Caraganier de Sibérie,Siberian peashrub,Gemeiner Erbsenstrauch,,,2943190,Q162124,,
lamprocapnos-spectabilis,Lamprocapnos spectabilis,Lamprocapnos,spectabilis,Papaveraceae,,Asian Bleeding-heart,,,,2888564,Q161171,,
chaenomeles-japonica,Chaenomeles japonica,Chaenomeles,japonica,Rosaceae,Cognassier du Japon,Japanese flowering-quince,Japanische Zierquitte,,,3000610,Q158037,,
agapanthus-praecox,Agapanthus praecox,Agapanthus,praecox,Amaryllidaceae,,African lily,,,,2854755,Q161246,,
araucaria-heterophylla,Araucaria heterophylla,Araucaria,heterophylla,Araucariaceae,,Norfolk Island Pine,,,,2684969,Q161070,,
parthenocissus-tricuspidata,Parthenocissus tricuspidata,Parthenocissus,tricuspidata,Vitaceae,Lierre de Boston,Japanese Creeper,Dreispitzige Jungfernrebe,,,3039209,Q157979,,
cotoneaster-lucidus,Cotoneaster lucidus,Cotoneaster,lucidus,Rosaceae,,shiny cotoneaster,,,,3025770,Q162750,,
euphorbia-characias,Euphorbia characias,Euphorbia,characias,Euphorbiaceae,,Mediterranean spurge,,,,3067353,Q425890,,
scilla-siberica,Scilla siberica,Scilla,siberica,Asparagaceae,Scille de Sibérie,Siberian squill,Sibirischer Blaustern,,,8080743,Q158944,,
phacelia-tanacetifolia,Phacelia tanacetifolia,Phacelia,tanacetifolia,Hydrophyllaceae,Phacélie à feuilles de tanaisie,lacy phacelia,Rainfarn-Phazelie,,,2928226,Q158942,,
hydrangea-paniculata,Hydrangea paniculata,Hydrangea,paniculata,Hydrangeaceae,,panicle hydrangea,Rispen-Hortensie,,,2985995,Q158443,,
polygala-myrtifolia,Polygala myrtifolia,Polygala,myrtifolia,Polygalaceae,,Sweet Pea Shrub,,,,3191402,Q3007551,,
hydrangea-arborescens,Hydrangea arborescens,Hydrangea,arborescens,Hydrangeaceae,,wild hydrangea,Wald-Hortensie,,,2985986,Q278173,,
cornus-kousa,Cornus kousa,Cornus,kousa,Cornaceae,Cornouiller du Japon,Chinese dogwood,Asiatischer Blüten-Hartriegel,,,3082274,Q728441,,
ceiba-speciosa,Ceiba speciosa,Ceiba,speciosa,Malvaceae,,Silk floss tree,Florettseidenbaum,Albero bottiglia,,8688929,Q1031120,,
cornus-mas,Cornus mas,Cornus,mas,Cornaceae,,Cornelian cherry,,,,3082263,Q158642,,
ceanothus-thyrsiflorus,Ceanothus thyrsiflorus,Ceanothus,thyrsiflorus,Rhamnaceae,,blueblossom,,,,3039379,Q2943644,,
santolina-chamaecyparissus,Santolina chamaecyparissus,Santolina,chamaecyparissus,Asteraceae,Santoline petit-cyprès,lavender cotton,Graues Heiligenkraut,,,3125933,Q1543811,,
oenothera-lindheimeri,Oenothera lindheimeri,Oenothera,lindheimeri,Onagraceae,Gaura de Lindheimer,clockweed,,,,3664589,Q27651974,,
choisya-ternata,Choisya ternata,Choisya,ternata,Rutaceae,Oranger du Mexique,Mexican Mock Orange,Orangenblume,,,3833284,Q2964355,,
myrtus-communis,Myrtus communis,Myrtus,communis,Myrtaceae,,common myrtle,Myrte,mortella,,3180085,Q6122027,,
iris-x-hybrida,Iris × hybrida,Iris,hybrida,Iridaceae,,,,,,5527447,,,
matteuccia-struthiopteris,Matteuccia struthiopteris,Matteuccia,struthiopteris,Onocleaceae,Fougère allemande,ostrich fern,Straußenfarn,,,2650999,Q1130386,,
cortaderia-selloana,Cortaderia selloana,Cortaderia,selloana,Poaceae,Herbe de la pampa,pampas grass,Amerikanisches Pampasgras,,,2704523,Q470109,,
cerastium-tomentosum,Cerastium tomentosum,Cerastium,tomentosum,Caryophyllaceae,Céraiste cotonneux,snow in summer,Filziges Hornkraut,,,3085438,Q114430,,
silene-coronaria,Silene coronaria,Silene,coronaria,Caryophyllaceae,Coquelourde des jardins,Dusty Miller,Kronen-Lichtnelke,,,5384741,Q159034,,
narcissus-poeticus,Narcissus poeticus,Narcissus,poeticus,Amaryllidaceae,Gant-de-Notre-Dame,daffodil,Weiße Narzisse,,,2858581,Q27983,,
sedum-palmeri,Sedum palmeri,Sedum,palmeri,Crassulaceae,Orpin de Palmer,Palmer's Sedum,,,,7334489,Q3477641,,
phytolacca-dioica,Phytolacca dioica,Phytolacca,dioica,Phytolaccaceae,,Ombú,Ombú,cremesina arborea,,7309625,Q937654,,
populus-alba,Populus alba,Populus,alba,Salicaceae,,white poplar,,,,3040233,Q146269,,
corylus-colurna,Corylus colurna,Corylus,colurna,Betulaceae,Noisetier de Byzance,Turkish Hazel,Baum-Hasel,,,2875968,Q148939,,
rhododendron-indicum,Rhododendron indicum,Rhododendron,indicum,Ericaceae,,Satsuki azalea,,,,4173541,Q5366359,,
lobelia-erinus,Lobelia erinus,Lobelia,erinus,Campanulaceae,Lobélie érine,edging lobelia,Männertreu,,,5408087,Q158858,,
spiraea-x-vanhouttei,Spiraea × vanhouttei,Spiraea,vanhouttei,Rosaceae,Spirée de Van Houtte,Spiraea ×vanhouttei,Belgischer Spierstrauch,,,3026622,Q3493612,,
helleborus-orientalis,Helleborus orientalis,Helleborus,orientalis,Ranunculaceae,Rose de carême,lenten-rose,Orientalische Nieswurz,,,6374953,Q937300,,
kniphofia-uvaria,Kniphofia uvaria,Kniphofia,uvaria,Asphodelaceae,Tritome,Red hot poker,Schopf-Fackellilie,,,5305033,Q159203,,
eschscholzia-californica,Eschscholzia californica,Eschscholzia,californica,Papaveraceae,Pavot de Californie,California-poppy,Kalifornischer Mohn,,,2888380,Q158795,,
ribes-sanguineum,Ribes sanguineum,Ribes,sanguineum,Grossulariaceae,Groseillier à fleurs,Red Flowering Currant,Blut-Johannisbeere,,,2986130,Q149372,,
fritillaria-meleagris,Fritillaria meleagris,Fritillaria,meleagris,Liliaceae,Fritillaire pintade,chequered daffodil,Schachblume,,,5300535,Q157339,,
hylotelephium-x-mottramianum,Hylotelephium × mottramianum,Hylotelephium,mottramianum,,,Autumn Joy,,,,,,,
tipuana-tipu,Tipuana tipu,Tipuana,tipu,Fabaceae,,tipa,,,,5352512,Q2716902,,
crataegus-germanica,Crataegus germanica,Crataegus,germanica,Rosaceae,,Medlar,,,,3031774,Q37995935,,
lonicera-japonica,Lonicera japonica,Lonicera,japonica,Caprifoliaceae,Chèvrefeuille du Japon,Japanese honeysuckle,Japanisches Geißblatt,,,5334240,Q161083,,
yucca-gloriosa,Yucca gloriosa,Yucca,gloriosa,Asparagaceae,,moundlily yucca,,,,2775619,Q164135,,
cotoneaster-horizontalis,Cotoneaster horizontalis,Cotoneaster,horizontalis,Rosaceae,,rockspray cotoneaster,Fächer-Zwergmispel,,,3025617,Q159650,,
lycianthes-rantonnetii,Lycianthes rantonnetii,Lycianthes,rantonnetii,Solanaceae,Arbre à gentiane,Blue Potato Bush,Enzianstrauch,,,3799026,Q149788,,
sansevieria-trifasciata,Sansevieria trifasciata,Sansevieria,trifasciata,Asparagaceae,,Mother-in-law's tongue,,,,11041822,Q5859273,,
sorbaria-sorbifolia,Sorbaria sorbifolia,Sorbaria,sorbifolia,Rosaceae,,false spiraea,Sibirische Fiederspiere,,,3012089,Q158953,,
abelia-x-grandiflora,Abelia × grandiflora,Abelia,grandiflora,Caprifoliaceae,,Glossy Abelia,,,,5599251,Q159973,,
juniperus-communis,Juniperus communis,Juniperus,communis,Cupressaceae,,common juniper,,,,2684709,Q26325,,
impatiens-hawkeri,Impatiens hawkeri,Impatiens,hawkeri,Balsaminaceae,,Impatiens (New Guinea Grp),Edellieschen,,,4193702,Q2391577,,
viola-x-williamsii,Viola × williamsii,Viola,williamsii,Violaceae,,Hybrid horned pansy,,,,7598868,,,
viburnum-lantana,Viburnum lantana,Viburnum,lantana,Viburnaceae,Cochène,wayfaring-tree,Wolliger Schneeball,,,2888615,Q158508,,
phytolacca-acinosa,Phytolacca acinosa,Phytolacca,acinosa,Phytolaccaceae,,Indian Pokeweed,Indische Kermesbeere,,,3084022,Q1569312,,
lobularia-maritima,Lobularia maritima,Lobularia,maritima,Brassicaceae,,sweet alyssum,,,,5373358,Q2094356,,
heptapleurum-arboricola,Heptapleurum arboricola,Heptapleurum,arboricola,Araliaceae,,Miniature umbrella tree,,,,3038724,Q65940871,,
salvia-yangii,Salvia yangii,Salvia,yangii,Lamiaceae,Lavande d'Afghanistan,Russian sage,,,,10801424,Q90595797,,
geranium-macrorrhizum,Geranium macrorrhizum,Geranium,macrorrhizum,Geraniaceae,Géranium à grosses racines,cranesbill,Balkan-Storchschnabel,,,2891079,Q805037,,
tilia-tomentosa,Tilia tomentosa,Tilia,tomentosa,Malvaceae,tilleul argenté,Silver Lime,Silber-Linde,,,4259350,Q161382,,
citrus-deliciosa,Citrus deliciosa,Citrus,deliciosa,Rutaceae,,tangerine,,,Citrus reticulata,3190172,Q20686225,,
quercus-suber,Quercus suber,Quercus,suber,Fagaceae,,cork oak,,,,2879411,Q156137,,
rosa-spinosissima,Rosa spinosissima,Rosa,spinosissima,Rosaceae,rosier à feuilles de pimprenelle,Burnet Rose,Bibernell-Rose,,,3002333,Q158359,,
ficus-macrophylla,Ficus macrophylla,Ficus,macrophylla,Moraceae,figuier de la baie de Moreton,Moreton Bay fig,Großblättrige Feige,,,5570636,Q1439079,,
brunnera-macrophylla,Brunnera macrophylla,Brunnera,macrophylla,Boraginaceae,Buglosse,False Forget-Me-Not,Großblättriges Kaukasusvergissmeinnicht,,,2926045,Q1475887,,
viburnum-farreri,Viburnum farreri,Viburnum,farreri,Viburnaceae,,Culver's root,,,,6369599,Q3498187,,
brachychiton-populneus,Brachychiton populneus,Brachychiton,populneus,Malvaceae,,kurrajong,Pappelblättriger Brachychiton,,,7323035,Q947016,,
clematis-montana,Clematis montana,Clematis,montana,Ranunculaceae,Clématite des montagnes,Indian virgin's bower,,,,6376216,Q164485,,
jasminum-nudiflorum,Jasminum nudiflorum,Jasminum,nudiflorum,Oleaceae,Jasmin d'hiver,winter jasmine,Winter-Jasmin,,,3172266,Q623461,,
prunus-lusitanica,Prunus lusitanica,Prunus,lusitanica,Rosaceae,Laurier du Portugal,Portugal laurel,Portugiesischer Kirschlorbeer,,,3020871,Q1969110,,
metrosideros-excelsa,Metrosideros excelsa,Metrosideros,excelsa,Myrtaceae,Pohutukawa,Pohutukawa,Pohutukawa,,,3185393,Q311747,,
achillea-filipendulina,Achillea filipendulina,Achillea,filipendulina,Asteraceae,Achillée à feuilles de fougère,fernleaf yarrow,Goldgarbe,,,3120284,Q383705,,
thuja-plicata,Thuja plicata,Thuja,plicata,Cupressaceae,,western redcedar,,,,2684171,Q147417,,
mandevilla-sanderi,Mandevilla sanderi,Mandevilla,sanderi,Apocynaceae,Tropidenia,Brazilian jasmine,,,,3616287,Q3018376,,
escallonia-rubra,Escallonia rubra,Escallonia,rubra,Escalloniaceae,,redclaws,,,,8405971,Q12334111,,
scandosorbus-intermedia,Scandosorbus intermedia,Scandosorbus,intermedia,Rosaceae,,Swedish Whitebeam,,,,10071055,Q95988426,,
hemerocallis-lilioasphodelus,Hemerocallis lilioasphodelus,Hemerocallis,lilioasphodelus,Asphodelaceae,Hémérocalle jaune,lemon day-lily,Gelbe Taglilie,,,2781103,Q2993897,,
aubrieta-deltoidea,Aubrieta deltoidea,Aubrieta,deltoidea,Brassicaceae,Aubriète deltoïde,Aubrietia deltoidea,Griechisches Blaukissen,,,3054117,Q1546424,,
juniperus-sabina,Juniperus sabina,Juniperus,sabina,Cupressaceae,,savin juniper,,,,7963890,Q148630,,
canna-indica,Canna indica,Canna,indica,Cannaceae,Balisier,Indian shot,Indisches Blumenrohr,,,8034409,Q163559,,
deutzia-scabra,Deutzia scabra,Deutzia,scabra,Hydrangeaceae,,fuzzy pride-of-Rochester,Raue Deutzie,,,2985965,Q162403,,
iberis-sempervirens,Iberis sempervirens,Iberis,sempervirens,Brassicaceae,Ibéris toujours vert,evergreen candytuft,Immergrüne Schleifenblume,,,5551241,Q159306,,
rosa-canina,Rosa canina,Rosa,canina,Rosaceae,,Dog-rose,,,,3002461,Q146066,,
spiraea-cantoniensis,Spiraea cantoniensis,Spiraea,cantoniensis,Rosaceae,,Reeves' meadowsweet,,,,3026906,Q3338874,,
pinus-halepensis,Pinus halepensis,Pinus,halepensis,Pinaceae,,Aleppo pine,,,,5285604,Q211457,,
mesembryanthemum-cordifolium,Mesembryanthemum cordifolium,Mesembryanthemum,cordifolium,Aizoaceae,,Baby sun rose,,,,8185812,Q17251563,,
fraxinus-angustifolia,Fraxinus angustifolia,Fraxinus,angustifolia,Oleaceae,,Narrow-leaved Ash,,,,7325877,Q518949,,
acer-ginnala,Acer ginnala,Acer,ginnala,Sapindaceae,érable de l'Amour,Amur Maple,,,,4925890,Q15634290,,
phedimus-spurius,Phedimus spurius,Phedimus,spurius,Crassulaceae,,Caucasian stonecrop,Kaukasus-Asienfetthenne,,,4201607,Q780123,,
betula-pubescens,Betula pubescens,Betula,pubescens,Betulaceae,Bouleau pubescent,European white birch,Moor-Birke,,,9118014,Q157624,,
solanum-laxum,Solanum laxum,Solanum,laxum,Solanaceae,morelle faux jasmin,potato vine,,,,2931714,Q2032362,,
begonia-cucullata,Begonia cucullata,Begonia,cucullata,Begoniaceae,,clubed begonia,,,,2874717,Q6395156,,
feijoa-sellowiana,Feijoa sellowiana,Feijoa,sellowiana,Myrtaceae,,Feijoa,,,,3181977,Q59420273,,
euphorbia-epithymoides,Euphorbia epithymoides,Euphorbia,epithymoides,Euphorbiaceae,,Cushion Spurge,,,,3066112,Q164208,,
cordyline-australis,Cordyline australis,Cordyline,australis,Asparagaceae,,Cabbage Tree,,,,2766411,Q2379130,,
tulbaghia-violacea,Tulbaghia violacea,Tulbaghia,violacea,Amaryllidaceae,,Wild Garlic,Wilder Knoblauch,,,5326622,Q7851979,,
rosa-multiflora,Rosa multiflora,Rosa,multiflora,Rosaceae,Rosier multiflore,Multiflora Rose,Büschelrose,,,3003244,Q133617,,
ligustrum-ovalifolium,Ligustrum ovalifolium,Ligustrum,ovalifolium,Oleaceae,,garden privet,Ovalblättriger Liguster,,,3172291,Q1938923,,
fraxinus-pennsylvanica,Fraxinus pennsylvanica,Fraxinus,pennsylvanica,Oleaceae,,green ash,,,,3172348,Q161164,,
heuchera-sanguinea,Heuchera sanguinea,Heuchera,sanguinea,Saxifragaceae,,coral bells,,,,3032653,Q12332586,,
petunia-integrifolia,Petunia integrifolia,Petunia,integrifolia,Solanaceae,,violet petunia,Violette Petunie,,,2928861,Q160825,,
papaver-orientale,Papaver orientale,Papaver,orientale,Papaveraceae,Pavot d'orient,Oriental poppy,Türkischer Mohn,,,2888437,Q149279,,
hosta-sieboldii,Hosta sieboldii,Hosta,sieboldii,Asparagaceae,,Small-leaved Plantain Lily,Weißrand-Funkie,,,2771309,Q2557297,,
alstroemeria-aurea,Alstroemeria aurea,Alstroemeria,aurea,Alstroemeriaceae,Lys des Incas,Peruvian-lily,,,,2753786,Q2421883,,
salvia-splendens,Salvia splendens,Salvia,splendens,Lamiaceae,,scarlet sage,Feuersalbei,,,8249932,Q161080,,
quercus-palustris,Quercus palustris,Quercus,palustris,Fagaceae,Chêne des marais,pin oak,Sumpf-Eiche,,,8313153,Q161253,,
parthenocissus-inserta,Parthenocissus inserta,Parthenocissus,inserta,Vitaceae,vigne vierge commune,woodbine,Jungfernrebe,,,3039203,Q18200021,,
phlomis-russeliana,Phlomis russeliana,Phlomis,russeliana,Lamiaceae,Phlomis de Russell,Turkish Sage,Russel-Brandkraut,,,3886505,Q443238,,
lunaria-annua,Lunaria annua,Lunaria,annua,Brassicaceae,monnaie du pape,honesty,Einjähriges Silberblatt,,,5373324,Q240620,,
muscari-armeniacum,Muscari armeniacum,Muscari,armeniacum,Asparagaceae,,Armenian grape hyacinth,Armenische Traubenhyazinthe,,,8152187,Q159562,,
citrus-trifoliata,Citrus trifoliata,Citrus,trifoliata,Rutaceae,,trifoliate orange,,,,3190129,Q15390761,,
grevillea-robusta,Grevillea robusta,Grevillea,robusta,Proteaceae,,Silk oak,Australische Silbereiche,,,2891791,Q1989614,,
malus-baccata,Malus baccata,Malus,baccata,Rosaceae,pommier à baies,flowering crabapple,Kirschapfel,,,3001362,Q1743596,,
agave-attenuata,Agave attenuata,Agave,attenuata,Asparagaceae,,Swan-neck Agave,,,,2766613,Q1254225,,
hydrangea-petiolaris,Hydrangea petiolaris,Hydrangea,petiolaris,Hydrangeaceae,,climbing hydrangea,Kletter-Hortensie,,,3645181,Q159332,,
picea-omorika,Picea omorika,Picea,omorika,Pinaceae,,Serbian spruce,,,,5284950,Q147824,,
berberis-julianae,Berberis julianae,Berberis,julianae,Berberidaceae,,Chinese barberry,Julianes Berberitze,,,3981543,Q1587687,,
cotoneaster-coriaceus,Cotoneaster coriaceus,Cotoneaster,coriaceus,Rosaceae,,late cotoneaster,,,,3026035,Q15536460,,
delosperma-cooperi,Delosperma cooperi,Delosperma,cooperi,Aizoaceae,Délosperma rose,Pink Carpet,,,,9376410,Q2714635,,
nepeta-racemosa,Nepeta racemosa,Nepeta,racemosa,Lamiaceae,,dwarf catnip,Trauben-Katzenminze,,,5341497,Q2319755,,
syringa-josikaea,Syringa josikaea,Syringa,josikaea,Oleaceae,,Hungarian Lilac,Ungarischer Flieder,,,7636833,Q159135,,
euonymus-fortunei,Euonymus fortunei,Euonymus,fortunei,Celastraceae,,Fortune's Spindle,Kletter-Spindelstrauch,,,3169137,Q159331,,
anemonoides-sylvestris,Anemonoides sylvestris,Anemonoides,sylvestris,Ranunculaceae,,Snowdrop Anemone,,,,3922888,Q93124828,,
platycodon-grandiflorus,Platycodon grandiflorus,Platycodon,grandiflorus,Campanulaceae,Campanule à grandes fleurs,balloon flower,Ballonblume,,,3164340,Q805322,,
lonicera-ligustrina,Lonicera ligustrina,Lonicera,ligustrina,Caprifoliaceae,,Boxleaf Honeysuckle,,,,7272588,Q10592637,,
tanacetum-parthenium,Tanacetum parthenium,Tanacetum,parthenium,Asteraceae,Grande Camomille,feverfew,Mutterkraut,,,3118430,Q818481,,
hesperocyparis-arizonica,Hesperocyparis arizonica,Hesperocyparis,arizonica,Cupressaceae,,Arizona cypress,,,,7230667,Q50843037,,
iris-x-hollandica,Iris × hollandica,Iris,hollandica,Iridaceae,,Dutch iris,Holländische Schwertlilie,,,9340142,,,
berberis-japonica,Berberis japonica,Berberis,japonica,Berberidaceae,,Japanese Mahonia,,,Mahonia japonica,7828251,Q104247825,,
allium-cristophii,Allium cristophii,Allium,cristophii,Amaryllidaceae,,Persian onion,Sternkugel-Lauch,,,2856780,Q1399928,,
musa-basjoo,Musa basjoo,Musa,basjoo,Musaceae,,Japanese banana,Japanische Faserbanane,,,2762737,Q33331,,
yucca-filamentosa,Yucca filamentosa,Yucca,filamentosa,Asparagaceae,,common yucca,,,,2775561,Q1194599,,
ribes-aureum,Ribes aureum,Ribes,aureum,Grossulariaceae,Gadellier doré,golden currant,Gold-Johannisbeere,,,2986111,Q149376,,
dimorphotheca-ecklonis,Dimorphotheca ecklonis,Dimorphotheca,ecklonis,Asteraceae,,Cape marguerite,,,,5387293,Q15629400,,
juglans-mandshurica,Juglans mandshurica,Juglans,mandshurica,Juglandaceae,,Manchurian Walnut,Mandschurische Walnuss,,,4205640,Q311361,,
cercidiphyllum-japonicum,Cercidiphyllum japonicum,Cercidiphyllum,japonicum,Cercidiphyllaceae,,katsura tree,,,,8060423,Q526549,,
acer-tataricum,Acer tataricum,Acer,tataricum,Sapindaceae,,Tatar Maple,Tatarischer Steppen-Ahorn,,,3189843,Q162728,,
campanula-poscharskyana,Campanula poscharskyana,Campanula,poscharskyana,Campanulaceae,Campanule de Poscharsky,Trailing bellflower,,,,5410151,Q2706590,,
malva-sylvestris,Malva sylvestris,Malva,sylvestris,Malvaceae,Grande mauve,mallow,Wilde Malve,,,3152374,Q156835,,
viburnum-plicatum,Viburnum plicatum,Viburnum,plicatum,Viburnaceae,,Japanese snowball,,,,2888622,Q2723742,,
hylotelephium-spectabile,Hylotelephium spectabile,Hylotelephium,spectabile,Crassulaceae,Sédum remarquable,showy stonecrop,Prächtige Fetthenne,,,2985863,Q922370,,
canna-x-hybrida,Canna × hybrida,Canna,hybrida,Cannaceae,,Garden Canna,,,,7529533,,,
elaeagnus-angustifolia,Elaeagnus angustifolia,Elaeagnus,angustifolia,Elaeagnaceae,Olivier de Bohême,oleaster,Schmalblättrige Ölweide,,,3039269,Q157969,,
echium-pininana,Echium pininana,Echium,pininana,Boraginaceae,,Pininana,,,,4068166,Q164211,,
rosa-banksiae,Rosa banksiae,Rosa,banksiae,Rosaceae,rosier de Lady Banks,Lady Banks' Rose,Banks-Rose,,,3004247,Q140415,,
euphorbia-cyparissias,Euphorbia cyparissias,Euphorbia,cyparissias,Euphorbiaceae,,cypress spurge,,,,3070106,Q148552,,
erythrina-crista-galli,Erythrina crista-galli,Erythrina,crista-galli,Fabaceae,Bucare,cockspur coral tree,Korallenbaum,,,5349719,Q162849,,
hydrangea-quercifolia,Hydrangea quercifolia,Hydrangea,quercifolia,Hydrangeaceae,,oakleaf hydrangea,Eichenblättrige Hortensie,,,2985993,Q368161,,
spiraea-douglasii,Spiraea douglasii,Spiraea,douglasii,Rosaceae,,hardhack,Douglas-Spierstrauch,,,3027159,Q159902,,
anemonoides-blanda,Anemonoides blanda,Anemonoides,blanda,Ranunculaceae,,Greek Anemone,,,,3033242,Q55813523,,
chamaecyparis-pisifera,Chamaecyparis pisifera,Chamaecyparis,pisifera,Cupressaceae,,Sawara Cypress,Sawara-Scheinzypresse,,,2683880,Q74068,,
ageratum-houstonianum,Ageratum houstonianum,Ageratum,houstonianum,Asteraceae,,Bluemink,Gewöhnlicher Leberbalsam,,,5401760,Q280807,,
muscari-botryoides,Muscari botryoides,Muscari,botryoides,Asparagaceae,Muscari botryoïde,common grape hyacinth,Kleine Traubenhyazinthe,,,2772094,Q161158,,
miscanthus-sinensis,Miscanthus sinensis,Miscanthus,sinensis,Poaceae,,Chinese silvergrass,Chinaschilf,Susuki,,2706026,Q1073621,,
jasminum-mesnyi,Jasminum mesnyi,Jasminum,mesnyi,Oleaceae,,Japanese jasmine,,,,3172272,Q1024036,,
celosia-argentea,Celosia argentea,Celosia,argentea,Amaranthaceae,,caudatus,Silber-Brandschopf,,,3085191,Q161816,,
berberis-darwinii,Berberis darwinii,Berberis,darwinii,Berberidaceae,,Darwin's barberry,Darwins Berberitze,,,3033905,Q426965,,
alchemilla-mollis,Alchemilla mollis,Alchemilla,mollis,Rosaceae,,Garden Lady's-mantle,,,,3028528,Q159091,,
veronica-speciosa,Veronica speciosa,Veronica,speciosa,Plantaginaceae,,New Zealand hebe,,,,3172028,Q17744711,,
campanula-persicifolia,Campanula persicifolia,Campanula,persicifolia,Campanulaceae,campanule à feuilles de pêcher,peach-leaved bellflower,Pfirsichblättrige Glockenblume,,,5411475,Q790170,,
lonicera-periclymenum,Lonicera periclymenum,Lonicera,periclymenum,Caprifoliaceae,Chèvrefeuille des bois,common honeysuckle,Waldgeißblatt,,,5334277,Q161584,,
clerodendrum-trichotomum,Clerodendrum trichotomum,Clerodendrum,trichotomum,Lamiaceae,Arbre du clergé,harlequin gataxon comlorybower,,,,2925366,Q764044,,
fuchsia-x-hybrida,Fuchsia × hybrida,Fuchsia,hybrida,Onagraceae,,hybrid fuchsia,,,,11300394,,,
larix-sibirica,Larix sibirica,Larix,sibirica,Pinaceae,Mélèze de Sibérie,Siberian Larch,Sibirische Lärche,,,2686276,Q754765,,
aria-edulis,Aria edulis,Aria,edulis,Rosaceae,,Whitebeam,,,,8411755,Q41068995,,
aronia-melanocarpa,Aronia melanocarpa,Aronia,melanocarpa,Rosaceae,Aronie à fruits noirs,black chokeberry,Schwarze Apfelbeere,,,5363627,Q162774,,
quercus-cerris,Quercus cerris,Quercus,cerris,Fagaceae,,Turkey Oak,,,,2880580,Q157277,,
sempervivum-arachnoideum,Sempervivum arachnoideum,Sempervivum,arachnoideum,Crassulaceae,Joubarbe à toile d'araignée,Cobweb Houseleek,Spinnweb-Hauswurz,,,4201709,Q161390,,
rosa-luciae,Rosa luciae,Rosa,luciae,Rosaceae,,Memorial Rose,,,,7354625,Q65947499,,
salvia-farinacea,Salvia farinacea,Salvia,farinacea,Lamiaceae,,mealycup sage,Mehliger Salbei,,,2927064,Q796716,,
ipomoea-indica,Ipomoea indica,Ipomoea,indica,Convolvulaceae,,Ipomoea acuminata (Vahl) Roem. & Schult.,,,,2928598,Q159654,,
photinia-serratifolia,Photinia serratifolia,Photinia,serratifolia,Rosaceae,,Taiwanese photinia,,,,5364029,Q5220976,,
iris-reticulata,Iris reticulata,Iris,reticulata,Iridaceae,,Netted Iris,Netzblatt-Schwertlilie,,,5298406,Q1039415,,
puschkinia-scilloides,Puschkinia scilloides,Puschkinia,scilloides,Asparagaceae,,striped squill,Puschkinie,,,2767428,Q839611,,
crocus-tommasinianus,Crocus tommasinianus,Crocus,tommasinianus,Iridaceae,crocus de tommasini,early crocus,Elfen-Krokus,,,2747564,Q159271,,
citrus-medica,Citrus medica,Citrus,medica,Rutaceae,,Citron,,,,3190157,Q150064,,
picea-glauca,Picea glauca,Picea,glauca,Pinaceae,Épinette blanche,White spruce,Weiß-Fichte,,,5284745,Q128116,,
vitex-agnus-castus,Vitex agnus-castus,Vitex,agnus-castus,Lamiaceae,arbre au poivre,Chaste-tree,Mönchspfeffer,,,2925562,Q259318,,
echium-candicans,Echium candicans,Echium,candicans,Boraginaceae,,Pride of Madeira,Madeira-Natternkopf,,,7551118,Q2709778,,
magnolia-kobus,Magnolia kobus,Magnolia,kobus,Magnoliaceae,Magnolia de Kobé,Kobus magnolia,Kobushi-Magnolie,,,3153260,Q942409,,
aloe-maculata,Aloe maculata,Aloe,maculata,Asphodelaceae,Aloès maculé,soap aloe,,,,2777430,Q135018,,
heliopsis-helianthoides,Heliopsis helianthoides,Heliopsis,helianthoides,Asteraceae,,Heliopsis Scabara,Garten-Sonnenauge,,,5396474,Q478332,,
scilla-luciliae,Scilla luciliae,Scilla,luciliae,Asparagaceae,Gloire des neiges,Boissier's Glory-of-the-snow,Gewöhnliche Sternhyazinthe,,,2767271,Q15504195,,
hypericum-androsaemum,Hypericum androsaemum,Hypericum,androsaemum,Hypericaceae,Millepertuis androsème,sweet-amber,Blut-Johanniskraut,,,3189525,Q886411,,
fraxinus-ornus,Fraxinus ornus,Fraxinus,ornus,Oleaceae,,Manna ash,,,,3172347,Q161421,,
hyacinthoides-hispanica,Hyacinthoides hispanica,Hyacinthoides,hispanica,Asparagaceae,Scille d'Espagne,Spanish Bluebell,Spanisches Hasenglöckchen,,,5304257,Q159629,,
tradescantia-virginiana,Tradescantia virginiana,Tradescantia,virginiana,Commelinaceae,,Virginia spiderwort,Virginische Dreimasterblume,,,2765272,Q2078366,,
rhododendron-catawbiense,Rhododendron catawbiense,Rhododendron,catawbiense,Ericaceae,,Catawba rosebay,,,,2883047,Q194521,,
bougainvillea-spectabilis,Bougainvillea spectabilis,Bougainvillea,spectabilis,Nyctaginaceae,,great bougainvillea,,,,7167078,Q2921547,,
psephellus-dealbatus,Psephellus dealbatus,Psephellus,dealbatus,Asteraceae,,Persian knapweed,,,,3137829,Q15551062,,
ajuga-reptans,Ajuga reptans,Ajuga,reptans,Lamiaceae,Bugle rampante,Bugle,Kriechender Günsel,,,2927078,Q157249,,
phormium-tenax,Phormium tenax,Phormium,tenax,Asphodelaceae,,harakeke,Neuseeländer Flachs,Categoria:Phormium tenax,,2778511,Q607380,,
salix-integra,Salix integra,Salix,integra,Salicaceae,,dappled willow,Harlekin-Weide,,,7266382,Q135669,,
melaleuca-viminalis,Melaleuca viminalis,Melaleuca,viminalis,Myrtaceae,,creek bottlebrush,,,,9538669,Q22113637,,
gaillardia-pulchella,Gaillardia pulchella,Gaillardia,pulchella,Asteraceae,,firewheel,,,,5387821,Q2701210,,
bauhinia-variegata,Bauhinia variegata,Bauhinia,variegata,Fabaceae,,Orchid tree,,,,2953251,Q840341,,
crocus-chrysanthus,Crocus chrysanthus,Crocus,chrysanthus,Iridaceae,,Snow Crocus,Kleiner Krokus,,,2747489,Q1304577,,
catharanthus-roseus,Catharanthus roseus,Catharanthus,roseus,Apocynaceae,Pervenche de Madagascar,Madagascar Periwinkle,Rosafarbene Catharanthe,,,3169830,Q161093,,
symphyotrichum-novi-belgii,Symphyotrichum novi-belgii,Symphyotrichum,novi-belgii,Asteraceae,,New York aster,Neubelgische Aster,,,3151558,Q1537333,,
juniperus-squamata,Juniperus squamata,Juniperus,squamata,Cupressaceae,Genévrier écailleux,flaky juniper,Beschuppter Wacholder,,,2684690,Q1768635,,
echinops-bannaticus,Echinops bannaticus,Echinops,bannaticus,Asteraceae,Boule azurée,Blue Globe-thistle,Banater Kugeldistel,,,5392859,Q806118,,
abies-concolor,Abies concolor,Abies,concolor,Pinaceae,Sapin du Colorado,White Fir,Kolorado-Tanne,,,2685580,Q145939,,
galanthus-elwesii,Galanthus elwesii,Galanthus,elwesii,Amaryllidaceae,,Snowdrop,Elwes-Schneeglöckchen,,,2855398,Q224586,,
sedum-album,Sedum album,Sedum,album,Crassulaceae,Orpin blanc,white stonecrop,Weiße Fetthenne,,,5362008,Q253636,,
erysimum-x-cheiri,Erysimum × cheiri,Erysimum,cheiri,Brassicaceae,giroflée des murailles,wallflower,Goldlack,,,3048203,Q159370,,
pulmonaria-officinalis,Pulmonaria officinalis,Pulmonaria,officinalis,Boraginaceae,,lungwort,Geflecktes Lungenkraut,Polmonaria,,5341204,Q324331,,
broussonetia-papyrifera,Broussonetia papyrifera,Broussonetia,papyrifera,Moraceae,,paper mulberry,Papiermaulbeerbaum,,,5361944,Q389185,,
davidia-involucrata,Davidia involucrata,Davidia,involucrata,Nyssaceae,Arbre aux mouchoirs,dove-tree,Taschentuchbaum,,,7322122,Q334697,,
juniperus-chinensis,Juniperus chinensis,Juniperus,chinensis,Cupressaceae,,Chinese juniper,,,,2684363,Q157697,,
brugmansia-arborea,Brugmansia arborea,Brugmansia,arborea,Solanaceae,,Angel's Trumpet,,,,5341759,Q134360,,
spartium-junceum,Spartium junceum,Spartium,junceum,Fabaceae,,Spanish Broom,,,,5355395,Q910358,,
cistus-ladanifer,Cistus ladanifer,Cistus,ladanifer,Cistaceae,,labdanum,Lack-Zistrose,,,6437976,Q789800,,
loropetalum-chinense,Loropetalum chinense,Loropetalum,chinense,Hamamelidaceae,,Chinese fringe flower,,,,7329104,Q660354,,
malus-sylvestris,Malus sylvestris,Malus,sylvestris,Rosaceae,,European Wild Apple,,,,3001509,Q47161,,
abies-koreana,Abies koreana,Abies,koreana,Pinaceae,Sapin de Corée,Korean Fir,Korea-Tanne,,,2685681,Q390100,,
parrotia-persica,Parrotia persica,Parrotia,persica,Hamamelidaceae,,Persian ironwood,,,,5553951,Q1138533,,
grevillea-rosmarinifolia,Grevillea rosmarinifolia,Grevillea,rosmarinifolia,Proteaceae,,rosemary grevillea,,,,7287628,Q2583123,,
spiraea-thunbergii,Spiraea thunbergii,Spiraea,thunbergii,Rosaceae,,Thunberg's meadowsweet,,,,3026402,Q3275983,,
akebia-quinata,Akebia quinata,Akebia,quinata,Lardizabalaceae,Akébie à cinq feuilles,chocolate vine,Fingerblättrige Akebie,,,3033965,Q1482093,,
carissa-macrocarpa,Carissa macrocarpa,Carissa,macrocarpa,Apocynaceae,,amatungulu,,,,5414420,Q934636,,
amaranthus-cruentus,Amaranthus cruentus,Amaranthus,cruentus,Amaranthaceae,Amarante Rouge,amaranth,Rispen-Fuchsschwanz,,,5384390,Q159191,,
hesperis-matronalis,Hesperis matronalis,Hesperis,matronalis,Brassicaceae,julienne des dames,Dame's-violet,Gewöhnliche Nachtviole,,,3042291,Q1857886,,
larix-kaempferi,Larix kaempferi,Larix,kaempferi,Pinaceae,Mélèze du Japon,Japanese Larch,Japanische Lärche,,,2686157,Q147439,,
thunbergia-alata,Thunbergia alata,Thunbergia,alata,Acanthaceae,,black-eyed Susan vine,Schwarzäugige Susanne,,,5415463,Q161248,,
aurinia-saxatilis,Aurinia saxatilis,Aurinia,saxatilis,Brassicaceae,Corbeille d'or,basket of gold,Felsen-Steinkraut,,,5377778,Q158226,,
salvia-greggii,Salvia greggii,Salvia,greggii,Lamiaceae,,autumn sage,Herbst-Salbei,,,2927038,Q891000,,
armeria-maritima,Armeria maritima,Armeria,maritima,Plumbaginaceae,Armérie maritime,thrift,Strand-Grasnelke,,,8930531,Q21036,,
gunnera-tinctoria,Gunnera tinctoria,Gunnera,tinctoria,Gunneraceae,,Chilean gunnera,,,,2984306,Q847582,,
argyranthemum-frutescens,Argyranthemum frutescens,Argyranthemum,frutescens,Asteraceae,,Marguerite daisy,Strauchmargerite,,,3104491,Q2062517,,
polystichum-setiferum,Polystichum setiferum,Polystichum,setiferum,Dryopteridaceae,polystic à soies,Soft Shield Fern,Grannen-Schildfarn,,,4044517,Q2018810,,
narcissus-tazetta,Narcissus tazetta,Narcissus,tazetta,Amaryllidaceae,Narcisse à bouquet,cream narcissus,Strauß-Narzisse,,,2858963,Q6965683,,
iris-sanguinea,Iris sanguinea,Iris,sanguinea,Iridaceae,,blood iris,Ostsibirische Schwertlilie,,,5298821,Q907937,,
iris-pallida,Iris pallida,Iris,pallida,Iridaceae,,sweet iris,Bleiche Schwertlilie,,,5298086,Q161347,,
callistephus-chinensis,Callistephus chinensis,Callistephus,chinensis,Asteraceae,,Chinese Aster,,,,3092946,Q312441,,
wisteria-floribunda,Wisteria floribunda,Wisteria,floribunda,Fabaceae,,fuji,Japanische Wisteria,,,2977323,Q1329209,,
symphyotrichum-novae-angliae,Symphyotrichum novae-angliae,Symphyotrichum,novae-angliae,Asteraceae,,New England aster,Raublatt-Aster,,,3151618,Q1894641,,
eucalyptus-globulus,Eucalyptus globulus,Eucalyptus,globulus,Myrtaceae,Gommier bleu,blue gum,Blauer Eukalyptus,,,3176787,Q159528,,
crocus-neapolitanus,Crocus neapolitanus,Crocus,neapolitanus,Iridaceae,,spring crocus,,,,7622204,Q82987395,,
petrosedum-rupestre,Petrosedum rupestre,Petrosedum,rupestre,Crassulaceae,,Reflexed Stonecrop,Felsen-Fetthenne,,,7618770,Q17759750,,
tulipa-tarda,Tulipa tarda,Tulipa,tarda,Liliaceae,,Late Tulip,Tarda-Tulpe,,,5299590,Q744508,,
leucanthemum-maximum,Leucanthemum maximum,Leucanthemum,maximum,Asteraceae,,max chrysanthemum,Großblumige Garten-Margerite,,,5401002,Q3020526,,
tsuga-canadensis,Tsuga canadensis,Tsuga,canadensis,Pinaceae,,eastern hemlock,,,,2687182,Q1137143,,
anemone-coronaria,Anemone coronaria,Anemone,coronaria,Ranunculaceae,anémone couronnée,lilies-of-the-field,Kronen-Anemone,,,3033261,Q511179,,
bistorta-amplexicaulis,Bistorta amplexicaulis,Bistorta,amplexicaulis,Polygonaceae,,red bistort,,,,7291264,Q10431446,,
paeonia-x-suffruticosa,Paeonia × suffruticosa,Paeonia,suffruticosa,Paeoniaceae,Pivoine arbustive,tree peony,Baum-Pfingstrose,,,7155259,,,
kalanchoe-x-houghtonii,Kalanchoe × houghtonii,Kalanchoe,houghtonii,Crassulaceae,,Alligator plant,,,,4199772,,,
gladiolus-x-hortulanus,Gladiolus × hortulanus,Gladiolus,hortulanus,Iridaceae,,Large-flowered Gladiolus,Garten-Gladiole,,,11235408,,,
lantana-montevidensis,Lantana montevidensis,Lantana,montevidensis,Verbenaceae,Lantanier de Montevideo,trailing lantana,,,,2925314,Q2745947,,
rubus-odoratus,Rubus odoratus,Rubus,odoratus,Rosaceae,Ronce odorante,American bramble,Zimt-Himbeere,,,2994912,Q158365,,
rudbeckia-fulgida,Rudbeckia fulgida,Rudbeckia,fulgida,Asteraceae,,orange coneflower,Gewöhnlicher Sonnenhut,,,7344766,Q450250,,
actinidia-chinensis,Actinidia chinensis,Actinidia,chinensis,Actinidiaceae,,kiwi,Chinesischer Strahlengriffel,Kiwi,,3189694,Q163522,,
delphinium-ajacis,Delphinium ajacis,Delphinium,ajacis,Ranunculaceae,,doubtful knight's-spur,,,,3033833,Q21873730,,
podranea-ricasoliana,Podranea ricasoliana,Podranea,ricasoliana,Bignoniaceae,Bignone rose,Zimbabwe creeper,Rosa Trompetenwein,,,3172592,Q2166505,,
malva-moschata,Malva moschata,Malva,moschata,Malvaceae,mauve musquée,musk mallow,Moschus-Malve,,,3152379,Q157920,,
leucojum-aestivum,Leucojum aestivum,Leucojum,aestivum,Amaryllidaceae,Nivéole d'été,Loddon lily,Sommer-Knotenblume,,,2860425,Q159119,,
dimorphotheca-fruticosa,Dimorphotheca fruticosa,Dimorphotheca,fruticosa,Asteraceae,,trailing African daisy,,,,8217929,Q15576893,,
cleome-houtteana,Cleome houtteana,Cleome,houtteana,Cleomaceae,,Spider flower,,,,12187916,Q15517597,,
quercus-rotundifolia,Quercus rotundifolia,Quercus,rotundifolia,Fagaceae,,sweet acorn oak,,,,2881550,Q220715,,
cannabis-sativa,Cannabis sativa,Cannabis,sativa,Cannabaceae,chanvre cultivé,hashish,Hanf,,,5361880,Q26726,,
eucalyptus-camaldulensis,Eucalyptus camaldulensis,Eucalyptus,camaldulensis,Myrtaceae,Gommier Rouge,River Red Gum,Roter Eukalyptus,,,11869920,Q162822,,
rudbeckia-laciniata,Rudbeckia laciniata,Rudbeckia,laciniata,Asteraceae,rudbeckia lacinié,brown-eyed Susan,Schlitzblättriger Sonnenhut,,,3114229,Q1194614,,
trifolium-incarnatum,Trifolium incarnatum,Trifolium,incarnatum,Fabaceae,Trèfle incarnat,Crimson Clover,Inkarnat-Klee,,,5359378,Q161361,,
berberis-bealei,Berberis bealei,Berberis,bealei,Berberidaceae,,leatherleaf mahonia,,,,3033888,Q17791319,,
echinopsis-oxygona,Echinopsis oxygona,Echinopsis,oxygona,Cactaceae,,Easter Lily Cactus,,,,7281375,Q142776,,
rhododendron-luteum,Rhododendron luteum,Rhododendron,luteum,Ericaceae,,Yellow Azalea,,,,7135755,Q2591210,,
pinus-cembra,Pinus cembra,Pinus,cembra,Pinaceae,,Swiss pine,,,,5285134,Q147278,,
gazania-rigens,Gazania rigens,Gazania,rigens,Asteraceae,,treasure-flower,,,,3112455,Q775301,,
polygonatum-multiflorum,Polygonatum multiflorum,Polygonatum,multiflorum,Asparagaceae,Sceau de Salomon multiflore,solomon's seal,Vielblütige Weißwurz,,,2770022,Q159299,,
silene-chalcedonica,Silene chalcedonica,Silene,chalcedonica,Caryophyllaceae,,London-pride,Brennende Liebe,,,5584611,Q164019,,
salvia-sclarea,Salvia sclarea,Salvia,sclarea,Lamiaceae,Sauge sclarée,clary sage,Muskatellersalbei,,,2927000,Q157872,,
cota-tinctoria,Cota tinctoria,Cota,tinctoria,Asteraceae,,Golden marguerite,,,,5390618,Q15551906,,
crocosmia-x-crocosmiiflora,Crocosmia × crocosmiiflora,Crocosmia,crocosmiiflora,Iridaceae,,Crocosmia ×crocosmiiflora,Garten-Montbretie,,,2747939,Q160326,,
ceratostigma-plumbaginoides,Ceratostigma plumbaginoides,Ceratostigma,plumbaginoides,Plumbaginaceae,,blue leadwood,,,,3082279,Q2946389,,
dimorphotheca-jucunda,Dimorphotheca jucunda,Dimorphotheca,jucunda,Asteraceae,,Cape daisy,,,,5402340,Q13034329,,
symphytum-caucasicum,Symphytum caucasicum,Symphytum,caucasicum,Boraginaceae,Consoude du Caucase,Caucasian Comfrey,Kaukasischer Beinwell,,,7989836,Q3507927,,
ruta-graveolens,Ruta graveolens,Ruta,graveolens,Rutaceae,Rue,meadow rue,Weinraute,,,3190382,Q25062,,
cornus-sericea,Cornus sericea,Cornus,sericea,Cornaceae,,redosier dogwood,Seidiger Hartriegel,,,3082244,Q164130,,
pachysandra-terminalis,Pachysandra terminalis,Pachysandra,terminalis,Buxaceae,,Japanese pachysandra,Dickmännchen,,,2984676,Q159315,,
erythrostemon-gilliesii,Erythrostemon gilliesii,Erythrostemon,gilliesii,Fabaceae,,yellow bird-of-paradise shrub,,,,8130309,Q22110851,,
saponaria-officinalis,Saponaria officinalis,Saponaria,officinalis,Caryophyllaceae,,soapweed,Gewöhnliches Seifenkraut,,,3085360,Q156841,,
leycesteria-formosa,Leycesteria formosa,Leycesteria,formosa,Caprifoliaceae,,Himalayan honeysuckle,Schöne Leycesterie,,,2888579,Q252391,,
elaeagnus-pungens,Elaeagnus pungens,Elaeagnus,pungens,Elaeagnaceae,,Russian olive,Dornige Ölweide,,,3039270,Q181318,,
juniperus-horizontalis,Juniperus horizontalis,Juniperus,horizontalis,Cupressaceae,Genévrier rampant,Creeping Juniper,Kriech-Wacholder,,,2684410,Q121427,,
acer-griseum,Acer griseum,Acer,griseum,Sapindaceae,érable à écorce de papier,paperbark maple,Zimt-Ahorn,,,3768452,Q203985,,
aronia-mitschurinii,Aronia mitschurinii,Aronia,mitschurinii,Rosaceae,,,,,,2987867,Q4069838,,
geranium-wallichianum,Geranium wallichianum,Geranium,wallichianum,Geraniaceae,,Wallich Geranium,Storchschnabel,,,2890972,Q5549887,,
portulaca-grandiflora,Portulaca grandiflora,Portulaca,grandiflora,Portulacaceae,Pourpier à grandes fleurs,Moss-rose Purslane,Portulakröschen,,,3084700,Q159547,,
tilia-x-europaea,Tilia × europaea,Tilia,europaea,Malvaceae,,Common Lime,,,,3152046,Q163760,,
euphorbia-amygdaloides,Euphorbia amygdaloides,Euphorbia,amygdaloides,Euphorbiaceae,,wood spurge,,,,3065239,Q149367,,
catalpa-speciosa,Catalpa speciosa,Catalpa,speciosa,Bignoniaceae,Catalpa à feuilles cordées,northern catalpa,Prächtiger Trompetenbaum,,,3172612,Q159204,,
euryops-pectinatus,Euryops pectinatus,Euryops,pectinatus,Asteraceae,,grey-leaved euryops,,,,5394999,Q3642829,,
callianthe-megapotamica,Callianthe megapotamica,Callianthe,megapotamica,Malvaceae,,Trailing abutilon,,,,8220878,Q27680222,,
clematis-armandi,Clematis armandi,Clematis,armandi,Ranunculaceae,,Evergreen Clematis,,,,6375061,Q518813,,
salvia-guaranitica,Salvia guaranitica,Salvia,guaranitica,Lamiaceae,,Anise-scented sage,,,,7486599,Q890993,,
telekia-speciosa,Telekia speciosa,Telekia,speciosa,Asteraceae,Télékia élégant,Giant ox Eye,Große Telekie,,,5389173,Q1548492,,
ornithogalum-umbellatum,Ornithogalum umbellatum,Ornithogalum,umbellatum,Asparagaceae,Ornithogale en ombelle,star of Bethlehem,Dolden-Milchstern,,,2773448,Q161155,,
prunus-tenella,Prunus tenella,Prunus,tenella,Rosaceae,Amandier nain,dwarf Russian almond,Zwerg-Mandel,,,3022879,Q160019,,
linaria-purpurea,Linaria purpurea,Linaria,purpurea,Plantaginaceae,,Purple Toadflax,,,,5415012,Q6550284,,
eryngium-planum,Eryngium planum,Eryngium,planum,Apiaceae,,plains eryngo,Flachblättrige Mannstreu,,,3034393,Q2671017,,
monarda-didyma,Monarda didyma,Monarda,didyma,Lamiaceae,Monarde,"scarlet beebalm, Oswego tea",Goldmelisse,,,5341407,Q164010,,
tecomaria-capensis,Tecomaria capensis,Tecomaria,capensis,Bignoniaceae,,Cape Honeysuckle,,,,3172490,Q65950339,,
lonicera-fragrantissima,Lonicera fragrantissima,Lonicera,fragrantissima,Caprifoliaceae,Chèvrefeuille d'hiver,sweet breath of spring,Wohlriechende Heckenkirsche,,,5334268,Q159652,,
asplenium-scolopendrium,Asplenium scolopendrium,Asplenium,scolopendrium,Aspleniaceae,Scolopendre,Hart's tonguefern,Hirschzungenfarn,,,2650669,Q1130272,,
salvia-x-floriferior,Salvia × floriferior,Salvia,floriferior,,,Russian Sage,,,,,,,
solanum-pseudocapsicum,Solanum pseudocapsicum,Solanum,pseudocapsicum,Solanaceae,Cerisier de Jérusalem,Jerusalem cherry,Korallenstrauch,,,2931104,Q1475749,,
cotoneaster-x-suecicus,Cotoneaster × suecicus,Cotoneaster,suecicus,Rosaceae,,Swedish Cotoneaster,,,,3026040,,,
duranta-erecta,Duranta erecta,Duranta,erecta,Verbenaceae,Vanillier de Cayenne,Pigeon Berry,,,,2925655,Q2732360,,
rhododendron-calendulaceum,Rhododendron calendulaceum,Rhododendron,calendulaceum,Ericaceae,,flame azalea,,,,2883036,Q7321128,,
ipheion-uniflorum,Ipheion uniflorum,Ipheion,uniflorum,Amaryllidaceae,,spring star,Einblütiger Frühlingsstern,,,2859597,Q1306144,,
avena-sativa,Avena sativa,Avena,sativa,Poaceae,avoine cultivée,oats,Hafer,,,2705290,Q12104,,
cistus-x-purpureus,Cistus × purpureus,Cistus,purpureus,Cistaceae,,Purple-flowered Rock-rose,,,,3595574,,,
symphoricarpos-orbiculatus,Symphoricarpos orbiculatus,Symphoricarpos,orbiculatus,Caprifoliaceae,,coralberry,,,,2888636,Q2080093,,
lonicera-caerulea,Lonicera caerulea,Lonicera,caerulea,Caprifoliaceae,Chèvrefeuille bleu,deepblue honeysuckle,Blaue Heckenkirsche,,,5334269,Q157699,,
cyclamen-hederifolium,Cyclamen hederifolium,Cyclamen,hederifolium,Primulaceae,,Sowbread,Efeublättriges Alpenveilchen,,,7127810,Q1965935,,
campanula-portenschlagiana,Campanula portenschlagiana,Campanula,portenschlagiana,Campanulaceae,campanule des murailles,Dalmatian bellflower,,,,5410411,Q847433,,
malus-prunifolia,Malus prunifolia,Malus,prunifolia,Rosaceae,,plumleaf crab apple,,,,3001157,Q738571,,
linum-grandiflorum,Linum grandiflorum,Linum,grandiflorum,Linaceae,,flowering flax,Roter Lein,,,2873926,Q1931991,,
malva-trimestris,Malva trimestris,Malva,trimestris,Malvaceae,,Royal Mallow,,,,3940326,Q12210230,,
asparagus-setaceus,Asparagus setaceus,Asparagus,setaceus,Asparagaceae,,common asparagus fern,Feder-Spargel,,,2768686,Q1399941,,
chamaecyparis-obtusa,Chamaecyparis obtusa,Chamaecyparis,obtusa,Cupressaceae,Hinoki,Hinoki Cypress,Hinoki-Scheinzypresse,,,2683849,Q917187,,
washingtonia-filifera,Washingtonia filifera,Washingtonia,filifera,Arecaceae,Palmier à jupon,Petticoat palm,Kalifornische Washingtonpalme,,,5294589,Q158389,,
spiraea-trilobata,Spiraea trilobata,Spiraea,trilobata,Rosaceae,,Asian meadowsweet,,,,3026656,Q10866792,,
euphorbia-leuconeura,Euphorbia leuconeura,Euphorbia,leuconeura,Euphorbiaceae,,Madagascar jewel,,,,3066177,Q134993,,
hesperocyparis-macrocarpa,Hesperocyparis macrocarpa,Hesperocyparis,macrocarpa,Cupressaceae,,Monterey cypress,,,,2684070,Q32856056,,
aesculus-parviflora,Aesculus parviflora,Aesculus,parviflora,Sapindaceae,,bottlebrush buckeye,,,,3189828,Q162440,,
tamarix-ramosissima,Tamarix ramosissima,Tamarix,ramosissima,Tamaricaceae,cèdre salé,Pink Tamarisk,Sommertamariske,,,2874700,Q5860880,,
garrya-elliptica,Garrya elliptica,Garrya,elliptica,Garryaceae,,Coast Silk Tassel,,,,3033013,Q5524257,,
sempervivum-globiferum,Sempervivum globiferum,Sempervivum,globiferum,Crassulaceae,,Rolling hen-and-chicks,Sprossende Fransen-Hauswurz,,,8091002,Q164865,,
prunus-virginiana,Prunus virginiana,Prunus,virginiana,Rosaceae,Cerisier de Virginie,chokecherry,Virginische Traubenkirsche,,,3022668,Q162829,,
silene-dioica,Silene dioica,Silene,dioica,Caryophyllaceae,Compagnon rouge,Red campion,Rote Lichtnelke,,,5384795,Q161699,,
carpobrotus-acinaciformis,Carpobrotus acinaciformis,Carpobrotus,acinaciformis,Aizoaceae,,Sally-my-handsome,,,,3703606,Q5045835,,
taxus-cuspidata,Taxus cuspidata,Taxus,cuspidata,Taxaceae,If du Japon,Japanese yew,Japanische Eibe,,,5284524,Q1144815,,
cistus-salviifolius,Cistus salviifolius,Cistus,salviifolius,Cistaceae,Ciste à feuilles de sauge,salvia cistus,Salbeiblättrige Zistrose,,,2874027,Q136801,,
veronica-longifolia,Veronica longifolia,Veronica,longifolia,Plantaginaceae,Véronique à longues feuilles,Garden speedwell,Langblättriger Ehrenpreis,,,3172118,Q157791,,
brachychiton-acerifolius,Brachychiton acerifolius,Brachychiton,acerifolius,Malvaceae,,Illawarra Flame Tree,,,,8119595,Q907118,,
euphorbia-myrsinites,Euphorbia myrsinites,Euphorbia,myrsinites,Euphorbiaceae,,Donkey Tail,,,,3064669,Q2305124,,
oxalis-tetraphylla,Oxalis tetraphylla,Oxalis,tetraphylla,Oxalidaceae,,Four-leaved Pink-sorrel,Glücksklee,,,7560711,Q1532800,,
artemisia-absinthium,Artemisia absinthium,Artemisia,absinthium,Asteraceae,,absinthe wormwood,,,,3121319,Q25686,,
amaryllis-belladonna,Amaryllis belladonna,Amaryllis,belladonna,Amaryllidaceae,,March Lily,Belladonnalilie,,,5325855,Q159792,,
geranium-pratense,Geranium pratense,Geranium,pratense,Geraniaceae,Géranium des prés,meadow crane's bill,Wiesen-Storchschnabel,,,2891304,Q157585,,
lilium-lancifolium,Lilium lancifolium,Lilium,lancifolium,Liliaceae,,Tiger lily,Tiger-Lilie,,,2753380,Q266317,,
quercus-petraea,Quercus petraea,Quercus,petraea,Fagaceae,,sessile oak,,,,2880130,Q158608,,
lagunaria-patersonia,Lagunaria patersonia,Lagunaria,patersonia,Malvaceae,,Norfolk Island hibiscus,Norfolkeibisch,,,7279388,Q1999042,,
corydalis-solida,Corydalis solida,Corydalis,solida,Papaveraceae,Corydale à bulbe plein,bird-in-a-bush,Gefingerter Lerchensporn,,,5334208,Q1074622,,
solandra-maxima,Solandra maxima,Solandra,maxima,Solanaceae,,cup of gold vine,,,,5581538,Q547962,,
polemonium-caeruleum,Polemonium caeruleum,Polemonium,caeruleum,Polemoniaceae,Polémoine bleue,Charity,Blaue Himmelsleiter,,,2927850,Q162779,,
pyrus-calleryana,Pyrus calleryana,Pyrus,calleryana,Rosaceae,Poirier de Chine,Bradford pear,Chinesische Birne,,,5363119,Q3079266,,
pinus-wallichiana,Pinus wallichiana,Pinus,wallichiana,Pinaceae,Pin de l'Himalaya,Blue Pine,Tränen-Kiefer,,,5285074,Q747652,,
lathyrus-latifolius,Lathyrus latifolius,Lathyrus,latifolius,Fabaceae,Pois vivace,Everlasting pea,Breitblättrige Platterbse,,,5356517,Q158325,,
solidago-canadensis,Solidago canadensis,Solidago,canadensis,Asteraceae,solidage du canada,Canada goldenrod,Kanadische Goldrute,,,5389029,Q254436,,
euonymus-alatus,Euonymus alatus,Euonymus,alatus,Celastraceae,,Burning Bush,Flügel-Spindelstrauch,,,3169120,Q160578,,
anemonoides-nemorosa,Anemonoides nemorosa,Anemonoides,nemorosa,Ranunculaceae,,wood anemone,,,,3033263,Q55813553,,
ruellia-simplex,Ruellia simplex,Ruellia,simplex,Acanthaceae,,Mexican Petunia,,,,5572994,Q1902176,,
coreopsis-tinctoria,Coreopsis tinctoria,Coreopsis,tinctoria,Asteraceae,,calliopsis,,,,3133950,Q2631259,,
berberis-x-hortensis,Berberis × hortensis,Berberis,hortensis,Berberidaceae,,Hybrid Mahonia,,,,3982172,,,
echium-vulgare,Echium vulgare,Echium,vulgare,Boraginaceae,Vipérine commune,vipers bugloss,Gewöhnlicher Natternkopf,,,2925892,Q157722,,
austrocylindropuntia-subulata,Austrocylindropuntia subulata,Austrocylindropuntia,subulata,Cactaceae,,Eve's Pin,,,,7282135,Q783868,,
veronicastrum-virginicum,Veronicastrum virginicum,Veronicastrum,virginicum,Plantaginaceae,,Culver's root,,,,3172206,Q4108065,,
nelumbo-nucifera,Nelumbo nucifera,Nelumbo,nucifera,Nelumbonaceae,lotus sacré,Bean of India,Indische Lotosblume,,,2882449,Q16528,,
prunus-maackii,Prunus maackii,Prunus,maackii,Rosaceae,,Manchurian Cherry,,,,3022510,Q149392,,
allium-sphaerocephalon,Allium sphaerocephalon,Allium,sphaerocephalon,Amaryllidaceae,Ail à tête ronde,ball-head onion,Kugelköpfiger Lauch,,,2857616,Q159286,,
cormus-domestica,Cormus domestica,Cormus,domestica,Rosaceae,,Service-tree,,,,3013215,Q18593737,,
coleus-amboinicus,Coleus amboinicus,Coleus,amboinicus,Lamiaceae,,Indian Borage,,,,5341313,Q39087854,,
physostegia-virginiana,Physostegia virginiana,Physostegia,virginiana,Lamiaceae,Physostégie de Virginie,obedient plant,Gelenkblume,,,2926572,Q908842,,
paeonia-tenuifolia,Paeonia tenuifolia,Paeonia,tenuifolia,Paeoniaceae,,Fern-leaf Peony,,,,7316533,Q2664631,,
muscari-neglectum,Muscari neglectum,Muscari,neglectum,Asparagaceae,Muscari à grappe,starch grape hyacinth,Weinbergs-Traubenhyazinthe,,,2772020,Q163062,,
euphorbia-marginata,Euphorbia marginata,Euphorbia,marginata,Euphorbiaceae,,snow-on-the-mountain,,,,3064943,Q1152788,,
phillyrea-angustifolia,Phillyrea angustifolia,Phillyrea,angustifolia,Oleaceae,Alavert,Narrow-leaved mock privet,Schmalblättrige Steinlinde,,,7325947,Q1891342,,
limonium-sinuatum,Limonium sinuatum,Limonium,sinuatum,Plumbaginaceae,,wavyleaf sea lavender,Geflügelter Strandflieder,,,3082297,Q542644,,
spiraea-chamaedryfolia,Spiraea chamaedryfolia,Spiraea,chamaedryfolia,Rosaceae,,Germander meadowsweet,Gamander-Spierstrauch,,,3026406,Q15235218,,
russelia-equisetiformis,Russelia equisetiformis,Russelia,equisetiformis,Plantaginaceae,,fountainbush,,,,5414601,Q2987594,,
liriope-muscari,Liriope muscari,Liriope,muscari,Asparagaceae,,big blue lilyturf,,,,5549949,Q141540,,
pelargonium-inquinans,Pelargonium inquinans,Pelargonium,inquinans,Geraniaceae,,Scarlet Geranium,,,,2891615,Q18083598,,
coreopsis-verticillata,Coreopsis verticillata,Coreopsis,verticillata,Asteraceae,,whorled tickseed,,,,3133887,Q589509,,
dianthus-plumarius,Dianthus plumarius,Dianthus,plumarius,Caryophyllaceae,œillet mignardise,common pink,Feder-Nelke,,,3085412,Q159590,,
solanum-crispum,Solanum crispum,Solanum,crispum,Solanaceae,,Chilean Nightshade Chilean,,,,2930846,Q145597,,
papaver-cambricum,Papaver cambricum,Papaver,cambricum,Papaveraceae,,Welsh Poppy,,,,3602683,Q21876094,,
nicotiana-tabacum,Nicotiana tabacum,Nicotiana,tabacum,Solanaceae,tabac commun,cultivated tobacco,Virginischer Tabak,,,2928774,Q181095,,
chimonanthus-praecox,Chimonanthus praecox,Chimonanthus,praecox,Calycanthaceae,,fragrant wintersweet,Chinesische Winterblüte,,,7275851,Q2566375,,
convolvulus-tricolor,Convolvulus tricolor,Convolvulus,tricolor,Convolvulaceae,,Dwarf Morning Glory,Dreifarbige Winde,,,7162908,Q149615,,
rhododendron-maximum,Rhododendron maximum,Rhododendron,maximum,Ericaceae,,great laurel,,,,2883094,Q7061732,,
pittosporum-tenuifolium,Pittosporum tenuifolium,Pittosporum,tenuifolium,Pittosporaceae,Pittospore de Nouvelle-Zélande,black matipo,Schmalblättriger Klebsame,,,2986293,Q160343,,
celtis-occidentalis,Celtis occidentalis,Celtis,occidentalis,Cannabaceae,Micocoulier occidental,common hackberry,Amerikanischer Zürgelbaum,,,2984481,Q470006,,
salvia-leucantha,Salvia leucantha,Salvia,leucantha,Lamiaceae,,Mexican bush sage,Strauchiger Salbei,,,6411750,Q7406821,,
hamamelis-mollis,Hamamelis mollis,Hamamelis,mollis,Hamamelidaceae,,Chinese witch hazel,Chinesische Zaubernuss,,,7889215,Q1074130,,
hesperocyparis-lusitanica,Hesperocyparis lusitanica,Hesperocyparis,lusitanica,Cupressaceae,,Mexican cypress,,,,7230669,Q50843040,,
juniperus-virginiana,Juniperus virginiana,Juniperus,virginiana,Cupressaceae,,eastern redcedar,,,,2684391,Q157522,,
gazania-linearis,Gazania linearis,Gazania,linearis,Asteraceae,,treasureflower,,,,3112491,Q5529011,,
erigeron-karvinskianus,Erigeron karvinskianus,Erigeron,karvinskianus,Asteraceae,vergerette de karvinski,Latin American fleabane,Mexikanisches Berufkraut,,,3147168,Q1926297,,
dipsacus-fullonum,Dipsacus fullonum,Dipsacus,fullonum,Caprifoliaceae,Cardère sauvage,Wild Teasel,Wilde Karde,,,8435025,Q160099,,
spiraea-salicifolia,Spiraea salicifolia,Spiraea,salicifolia,Rosaceae,,willowleaf meadowsweet,,,,3026454,Q163746,,
cistus-albidus,Cistus albidus,Cistus,albidus,Cistaceae,,Grey-leaved Cistus,Weißliche Zistrose,,,7331435,Q1763350,,
diospyros-lotus,Diospyros lotus,Diospyros,lotus,Ebenaceae,,date plum,Lotuspflaume,,,3032980,Q771101,,
oxalis-articulata,Oxalis articulata,Oxalis,articulata,Oxalidaceae,,pink-sorrel,,,,2891664,Q568163,,
prunus-serotina,Prunus serotina,Prunus,serotina,Rosaceae,cerisier tardif,black cherry,Spätblühende Traubenkirsche,,,3021850,Q158987,,
lamium-maculatum,Lamium maculatum,Lamium,maculatum,Lamiaceae,lamier maculé,Spotted Dead-nettle,Gefleckte Taubnessel,,,2926684,Q164035,,
pontederia-cordata,Pontederia cordata,Pontederia,cordata,Pontederiaceae,Pontédérie à feuilles en cœur,pickerelweed,Herzblättriges Hechtkraut,,,2766030,Q621050,,
geum-coccineum,Geum coccineum,Geum,coccineum,Rosaceae,Benoîte orangée,Scarlet Avens,,,,5369695,Q159989,,
knautia-macedonica,Knautia macedonica,Knautia,macedonica,Caprifoliaceae,,macedonica scabiosa,,,,4102952,Q17436282,,
amelanchier-x-spicata,Amelanchier × spicata,Amelanchier,spicata,Rosaceae,amélanchier en épis,dwarf serviceberry,Besen-Felsenbirne,,Amelanchier spicata,,Q159353,,
reynoutria-japonica,Reynoutria japonica,Reynoutria,japonica,Polygonaceae,Renouée du Japon,Japanese Knotweed,Japanischer Staudenknöterich,,,2889173,Q18421053,,
chaenostoma-cordatum,Chaenostoma cordatum,Chaenostoma,cordatum,Scrophulariaceae,,Pikmin Flower,Schneeflockenblume,,,5561475,Q7649928,,
campsis-grandiflora,Campsis grandiflora,Campsis,grandiflora,Bignoniaceae,,Chinese Trumpet Vine,,,,4094511,Q1192466,,
aegopodium-podagraria,Aegopodium podagraria,Aegopodium,podagraria,Apiaceae,Égopode podagraire,goutweed,Giersch,,,3034620,Q217778,,
glebionis-coronaria,Glebionis coronaria,Glebionis,coronaria,Asteraceae,,crown daisy,Kronenwucherblume,,,7627205,Q6585129,,
amaranthus-caudatus,Amaranthus caudatus,Amaranthus,caudatus,Amaranthaceae,Amarante queue-de-renard,love-lies-bleeding,Garten-Fuchsschwanz,,,6109611,Q162791,,
salvia-pratensis,Salvia pratensis,Salvia,pratensis,Lamiaceae,sauge des prés,introduced sage,Wiesensalbei,,,2927007,Q161772,,
brunnera-sibirica,Brunnera sibirica,Brunnera,sibirica,Boraginaceae,,True Siberian Bugloss,,,,4062274,Q15575396,,
tamarix-parviflora,Tamarix parviflora,Tamarix,parviflora,Tamaricaceae,,smallflower tamarisk,Kleinblütige Tamariske,,,2874706,Q160156,,
liatris-spicata,Liatris spicata,Liatris,spicata,Asteraceae,,dense blazing star,Prachtscharte,,,3104314,Q1797975,,
trachelospermum-asiaticum,Trachelospermum asiaticum,Trachelospermum,asiaticum,Apocynaceae,,Asiatic jasmine,,,,7317060,Q11238988,,
delphinium-cultorum,Delphinium cultorum,Delphinium,cultorum,Ranunculaceae,,Garden delphiniums,,,,9088557,,,
inula-helenium,Inula helenium,Inula,helenium,Asteraceae,Grande Aunée,Elecampane,Echter Alant,,,3148340,Q697416,,
tamarix-gallica,Tamarix gallica,Tamarix,gallica,Tamaricaceae,Tamaris commun,Tamarisk,Französische Tamariske,,,8380575,Q164285,,
cosmos-sulphureus,Cosmos sulphureus,Cosmos,sulphureus,Asteraceae,,sulphur cosmos,Gelbes Schmuckkörbchen,,,3098951,Q1209998,,
phytolacca-americana,Phytolacca americana,Phytolacca,americana,Phytolaccaceae,Épinard de Cayenne,pokeweed,Amerikanische Kermesbeere,,,3084015,Q157853,,
spiraea-prunifolia,Spiraea prunifolia,Spiraea,prunifolia,Rosaceae,,bridalwreath spirea,,,,3026408,Q1055383,,
veronica-spicata,Veronica spicata,Veronica,spicata,Plantaginaceae,Véronique en épi,spiked speedwell,Ähriger Ehrenpreis,,,3172059,Q158167,,
syringa-meyeri,Syringa meyeri,Syringa,meyeri,Oleaceae,,korean lilac,Meyers Flieder,,,7226234,Q1467033,,
gunnera-manicata,Gunnera manicata,Gunnera,manicata,Gunneraceae,,giant rhubarb,Mammutblatt,,,8078925,Q1634712,,
tetrapanax-papyrifer,Tetrapanax papyrifer,Tetrapanax,papyrifer,Araliaceae,,Rice Paper Plant,Reispapierbaum,,,3035275,Q712166,,
quercus-faginea,Quercus faginea,Quercus,faginea,Fagaceae,Chene du Portugal,Portuguese oak,,,,2881480,Q2432250,,
ligustrum-sinense,Ligustrum sinense,Ligustrum,sinense,Oleaceae,troène de Chine,Chinese Privet,Chinesischer Liguster,,,3172294,Q1074201,,
euphorbia-ingens,Euphorbia ingens,Euphorbia,ingens,Euphorbiaceae,,Common Tree Euphorbia,,,,3070041,Q3272655,,
mentha-suaveolens,Mentha suaveolens,Mentha,suaveolens,Lamiaceae,Menthe odorante,apple mint,Rundblättrige Minze,,,2927190,Q158892,,
edgeworthia-chrysantha,Edgeworthia chrysantha,Edgeworthia,chrysantha,Thymelaeaceae,,Oriental paperbush,Mitsumata,arbusto della carta,,5420855,Q137474,,
callicarpa-dichotoma,Callicarpa dichotoma,Callicarpa,dichotoma,Lamiaceae,,Early Amethyst,,,,5341132,Q1038008,,
scilla-forbesii,Scilla forbesii,Scilla,forbesii,Asparagaceae,,Forbes' glory-of-the-snow,Forbes-Blaustern,,,2767275,Q15504060,,
oenothera-glazioviana,Oenothera glazioviana,Oenothera,glazioviana,Onagraceae,,large-flowered evening-primrose,Rotkelchige Nachtkerze,,,3188894,Q1043961,,
euphorbia-lathyris,Euphorbia lathyris,Euphorbia,lathyris,Euphorbiaceae,,caper spurge,,,,3066965,Q164223,,
cotoneaster-salicifolius,Cotoneaster salicifolius,Cotoneaster,salicifolius,Rosaceae,Cotonéaster à feuilles de saule,Willow-leaved Cotoneaster,Weidenblättrige Zwergmispel,,,3026074,Q1592259,,
viburnum-carlesii,Viburnum carlesii,Viburnum,carlesii,Viburnaceae,Viorne de Carles,arrowwood,Koreanischer Schneeball,,,3857225,Q861485,,
pinus-sibirica,Pinus sibirica,Pinus,sibirica,Pinaceae,Pin de Sibérie,Siberian pine,Sibirische Zirbelkiefer,,,5284667,Q774829,,
dicksonia-antarctica,Dicksonia antarctica,Dicksonia,antarctica,Dicksoniaceae,,Soft Tree-fern,,,,7498955,Q630002,,
tilia-americana,Tilia americana,Tilia,americana,Malvaceae,Tilleul d'Amérique,American basswood,Amerikanische Linde,,,3152042,Q163981,,
tamarix-chinensis,Tamarix chinensis,Tamarix,chinensis,Tamaricaceae,,five-stamen tamarisk,,,,2874696,Q6825364,,
torminalis-glaberrima,Torminalis glaberrima,Torminalis,glaberrima,Rosaceae,Alisier torminal,Wild Service Tree,Elsbeere,Sorbo ciavardello,,9410160,Q41297526,,
asparagus-aethiopicus,Asparagus aethiopicus,Asparagus,aethiopicus,Asparagaceae,,Sprenger's asparagus,,,,2768763,Q12053056,,
dianthus-deltoides,Dianthus deltoides,Dianthus,deltoides,Caryophyllaceae,Oeillet à delta,maiden pink,Heide-Nelke,,,3085424,Q159756,,
nepeta-cataria,Nepeta cataria,Nepeta,cataria,Lamiaceae,Cataire,catnip,Echte Katzenminze,,,5341499,Q161139,,
equisetum-hyemale,Equisetum hyemale,Equisetum,hyemale,Equisetaceae,Prêle à polir,Rough Horsetail,Winter-Schachtelhalm,,,2687927,Q263881,,
omphalodes-verna,Omphalodes verna,Omphalodes,verna,Boraginaceae,omphalodes du printemps,Blue-eyed-Mary,Frühlings-Nabelnüsschen,,,2926048,Q2697240,,
ligustrum-japonicum,Ligustrum japonicum,Ligustrum,japonicum,Oleaceae,Troène du Japon,Japanese liguster,Japanischer Liguster,,,3172301,Q1209219,,
araucaria-bidwillii,Araucaria bidwillii,Araucaria,bidwillii,Araucariaceae,,Bunya Pine,,,,2684918,Q782275,,
westringia-fruticosa,Westringia fruticosa,Westringia,fruticosa,Lamiaceae,,Coastal Rosemary,,,,3900949,Q7989639,,
amelanchier-arborea,Amelanchier arborea,Amelanchier,arborea,Rosaceae,,Amelanchier arborea × A. humilis,,,,3024052,Q2842647,,
kalanchoe-beharensis,Kalanchoe beharensis,Kalanchoe,beharensis,Crassulaceae,,Elephant's ear Kalanchoe,,,,4200862,Q146569,,
iris-japonica,Iris japonica,Iris,japonica,Iridaceae,Iris du Japon,Fringed Iris,,,,5297939,Q161452,,
acer-rubrum,Acer rubrum,Acer,rubrum,Sapindaceae,érable rouge,soft maple,Rot-Ahorn,,,3189883,Q161364,,
pinus-canariensis,Pinus canariensis,Pinus,canariensis,Pinaceae,,Canary Island pine,,,,5285243,Q756191,,
tulipa-saxatilis,Tulipa saxatilis,Tulipa,saxatilis,Liliaceae,,Cretan tulip,Felsen-Tulpe,,,5299458,Q847291,,
dichondra-micrantha,Dichondra micrantha,Dichondra,micrantha,Convolvulaceae,Dichondra à petites fleurs,Asian ponysfoot,,,,2928666,Q17464870,,
phalaris-arundinacea,Phalaris arundinacea,Phalaris,arundinacea,Poaceae,Alpiste faux roseau,reed canary grass,Rohrglanzgras,,,5289756,Q157419,,
cenchrus-setaceus,Cenchrus setaceus,Cenchrus,setaceus,Poaceae,,"African fountain grass, Tender fountain grass, Fountain grass, Purple fountain grass",,,,5828232,Q50840675,,
quercus-pubescens,Quercus pubescens,Quercus,pubescens,Fagaceae,,downy oak,,,,2881283,Q161415,,
gomphrena-globosa,Gomphrena globosa,Gomphrena,globosa,Amaranthaceae,,common globe amaranth,Echter Kugelamarant,,,3084908,Q1200680,,
heuchera-micrantha,Heuchera micrantha,Heuchera,micrantha,Saxifragaceae,,crevice alumroot,,,,8365087,Q9397620,,
robinia-hispida,Robinia hispida,Robinia,hispida,Fabaceae,,bristly locust,Borstige Robinie,,,5352221,Q894236,,
coleus-neochilus,Coleus neochilus,Coleus,neochilus,Lamiaceae,,Lobster flower,,,,5605366,Q50840589,,
asparagus-densiflorus,Asparagus densiflorus,Asparagus,densiflorus,Asparagaceae,,Cwebe asparagus fern,Zier-Spargel,,,2768503,Q1816048,,
spiraea-alba,Spiraea alba,Spiraea,alba,Rosaceae,,white meadowsweet,Weißer Spierstrauch,,,3026585,Q7577709,,
viburnum-x-bodnantense,Viburnum × bodnantense,Viburnum,bodnantense,Viburnaceae,,Bodnant Viburnum,Bodnant-Schneeball,,,3857539,Q109121026,,
syagrus-romanzoffiana,Syagrus romanzoffiana,Syagrus,romanzoffiana,Arecaceae,Cocotier plumeux,Queen palm,,,,5293897,Q604769,,
ixora-coccinea,Ixora coccinea,Ixora,coccinea,Rubiaceae,,,,,,8793122,Q1856114,,
tecoma-stans,Tecoma stans,Tecoma,stans,Bignoniaceae,,,,,,3172492,Q119954,,
cercis-canadensis,Cercis canadensis,Cercis,canadensis,Fabaceae,,,,,,5353583,Q2452407,,
caesalpinia-pulcherrima,Caesalpinia pulcherrima,Caesalpinia,pulcherrima,Fabaceae,,,,,,2958715,Q1428973,,
cornus-florida,Cornus florida,Cornus,florida,Cornaceae,,,,,,3082240,Q887221,,
rhaphiolepis-indica,Rhaphiolepis indica,Rhaphiolepis,indica,Rosaceae,,,,,,5371542,Q3205640,,
alpinia-purpurata,Alpinia purpurata,Alpinia,purpurata,Zingiberaceae,,,,,,5301960,Q311172,,
asclepias-curassavica,Asclepias curassavica,Asclepias,curassavica,Apocynaceae,,,,,,3170241,Q939991,,
chrysalidocarpus-lutescens,Chrysalidocarpus lutescens,Chrysalidocarpus,lutescens,Arecaceae,,,,,,2735935,Q11176489,,
leucophyllum-frutescens,Leucophyllum frutescens,Leucophyllum,frutescens,Scrophulariaceae,,,,,,3172138,Q2355636,,
cocos-nucifera,Cocos nucifera,Cocos,nucifera,Arecaceae,,,,,,2735117,Q13187,,
hesperaloe-parviflora,Hesperaloe parviflora,Hesperaloe,parviflora,Asparagaceae,,,,,,2771042,Q292662,,
allamanda-cathartica,Allamanda cathartica,Allamanda,cathartica,Apocynaceae,,,,,,3169836,Q1345632,,
camphora-officinarum,Camphora officinarum,Camphora,officinarum,Lauraceae,,,,,,3033991,Q110692156,,
pentas-lanceolata,Pentas lanceolata,Pentas,lanceolata,Rubiaceae,,,,,,2908986,Q3336507,,
tradescantia-spathacea,Tradescantia spathacea,Tradescantia,spathacea,Commelinaceae,,,,,,2765230,Q967979,,
betula-nigra,Betula nigra,Betula,nigra,Betulaceae,,,,,,5331532,Q1510231,,
murraya-paniculata,Murraya paniculata,Murraya,paniculata,Rutaceae,,,,,,8190743,Q238591,,
cassia-fistula,Cassia fistula,Cassia,fistula,Fabaceae,,,,,,5357108,Q161117,,
terminalia-catappa,Terminalia catappa,Terminalia,catappa,Combretaceae,,,,,,3189394,Q271179,,
thaumatophyllum-bipinnatifidum,Thaumatophyllum bipinnatifidum,Thaumatophyllum,bipinnatifidum,Araceae,,,,,,9689104,Q99929671,,
spathodea-campanulata,Spathodea campanulata,Spathodea,campanulata,Bignoniaceae,,,,,,3172574,Q387442,,
jatropha-integerrima,Jatropha integerrima,Jatropha,integerrima,Euphorbiaceae,,,,,,3073017,Q1930222,,
callianthe-picta,Callianthe picta,Callianthe,picta,Malvaceae,,,,,,7900084,Q17579576,,
zelkova-serrata,Zelkova serrata,Zelkova,serrata,Ulmaceae,,,,,,2984532,Q920344,,
asclepias-tuberosa,Asclepias tuberosa,Asclepias,tuberosa,Apocynaceae,,,,,,3170305,Q311131,,
plumeria-obtusa,Plumeria obtusa,Plumeria,obtusa,Apocynaceae,,,,,,3169677,Q956237,,
ilex-cornuta,Ilex cornuta,Ilex,cornuta,Aquifoliaceae,,,,,,5414258,Q1074050,,
dietes-bicolor,Dietes bicolor,Dietes,bicolor,Iridaceae,,,,,,2742454,Q2716887,,
dietes-grandiflora,Dietes grandiflora,Dietes,grandiflora,Iridaceae,,,,,,2742427,Q5275130,,
prunus-campanulata,Prunus campanulata,Prunus,campanulata,Rosaceae,,,,,,3021408,Q149633,,
ixora-chinensis,Ixora chinensis,Ixora,chinensis,Rubiaceae,,,,,,2905600,Q9010209,,
kalanchoe-laetivirens,Kalanchoe laetivirens,Kalanchoe,laetivirens,Crassulaceae,,,,,,4199637,Q1625573,,
podocarpus-macrophyllus,Podocarpus macrophyllus,Podocarpus,macrophyllus,Podocarpaceae,,,,,,5285930,Q165063,,
pachystachys-lutea,Pachystachys lutea,Pachystachys,lutea,Acanthaceae,,,,,,3778625,Q938691,,
araucaria-columnaris,Araucaria columnaris,Araucaria,columnaris,Araucariaceae,,,,,,2684921,Q134045,,
tabernaemontana-divaricata,Tabernaemontana divaricata,Tabernaemontana,divaricata,Apocynaceae,,,,,,3169625,Q45150,,
chilopsis-linearis,Chilopsis linearis,Chilopsis,linearis,Bignoniaceae,,,,,,5415072,Q143161,,
cuphea-hyssopifolia,Cuphea hyssopifolia,Cuphea,hyssopifolia,Lythraceae,,,,,,3188698,Q5194465,,
hibiscus-x-archeri,Hibiscus × archeri,Hibiscus,archeri,Malvaceae,,,,,,3939736,,,
plumeria-pudica,Plumeria pudica,Plumeria,pudica,Apocynaceae,,,,,,3614691,Q1646529,,
monarda-fistulosa,Monarda fistulosa,Monarda,fistulosa,Lamiaceae,,,,,,5341411,Q1521039,,
koelreuteria-elegans,Koelreuteria elegans,Koelreuteria,elegans,Sapindaceae,,,,,,5421178,Q4116428,,
baptisia-australis,Baptisia australis,Baptisia,australis,Fabaceae,,,,,,2976091,Q916179,,
syringa-reticulata,Syringa reticulata,Syringa,reticulata,Oleaceae,,,,,,5415038,Q1683340,,
acalypha-wilkesiana,Acalypha wilkesiana,Acalypha,wilkesiana,Euphorbiaceae,,,,,,3057221,Q1377693,,
quercus-acutissima,Quercus acutissima,Quercus,acutissima,Fagaceae,,,,,,2877959,Q1034859,,
torenia-fournieri,Torenia fournieri,Torenia,fournieri,Linderniaceae,,,,,,3172203,Q958367,,
roystonea-regia,Roystonea regia,Roystonea,regia,Arecaceae,,,,,,2733755,Q1069046,,
buxus-microphylla,Buxus microphylla,Buxus,microphylla,Buxaceae,,,,,,2984672,Q162432,,
hibiscus-tiliaceus,Hibiscus tiliaceus,Hibiscus,tiliaceus,Malvaceae,,,,,,7115794,Q15768656,,
heliconia-psittacorum,Heliconia psittacorum,Heliconia,psittacorum,Heliconiaceae,,,,,,2760669,,,
callicarpa-americana,Callicarpa americana,Callicarpa,americana,Lamiaceae,,,,,,5341129,Q151067,,
euphorbia-tithymaloides,Euphorbia tithymaloides,Euphorbia,tithymaloides,Euphorbiaceae,,,,,,3069168,Q3338078,,
musa-x-paradisiaca,Musa × paradisiaca,Musa,paradisiaca,Musaceae,,,,,,2762752,Q10757112,,
iris-domestica,Iris domestica,Iris,domestica,Iridaceae,,,,,,5298546,Q1190377,,
crinum-asiaticum,Crinum asiaticum,Crinum,asiaticum,Amaryllidaceae,,,,,,2853796,Q713472,,
quercus-macrocarpa,Quercus macrocarpa,Quercus,macrocarpa,Fagaceae,,,,,,2878213,Q1082365,,
quercus-virginiana,Quercus virginiana,Quercus,virginiana,Fagaceae,,,,,,2878092,Q1758722,,
lagerstroemia-speciosa,Lagerstroemia speciosa,Lagerstroemia,speciosa,Lythraceae,,,,,,3188724,Q1137593,,
liquidambar-formosana,Liquidambar formosana,Liquidambar,formosana,Altingiaceae,,,,,,3702542,Q986006,,
tabebuia-rosea,Tabebuia rosea,Tabebuia,rosea,Bignoniaceae,,,,,,3172537,Q3695281,,
adonidia-merrillii,Adonidia merrillii,Adonidia,merrillii,Arecaceae,,,,,,2738434,Q652839,,
chionanthus-retusus,Chionanthus retusus,Chionanthus,retusus,Oleaceae,,,,,,9594152,Q1073191,,
ilex-opaca,Ilex opaca,Ilex,opaca,Aquifoliaceae,,,,,,5414248,Q2712730,,
gymnocladus-dioicus,Gymnocladus dioicus,Gymnocladus,dioicus,Fabaceae,,,,,,2944215,Q549418,,
pistacia-chinensis,Pistacia chinensis,Pistacia,chinensis,Anacardiaceae,,,,,,3190586,Q163273,,
megaskepasma-erythrochlamys,Megaskepasma erythrochlamys,Megaskepasma,erythrochlamys,Acanthaceae,,,,,,3773061,Q2712314,,
terminalia-mantaly,Terminalia mantaly,Terminalia,mantaly,Combretaceae,,,,,,3699469,Q49077886,,
bischofia-javanica,Bischofia javanica,Bischofia,javanica,Phyllanthaceae,,,,,,5383085,Q8248272,,
alpinia-zerumbet,Alpinia zerumbet,Alpinia,zerumbet,Zingiberaceae,,,,,,5301979,Q2703227,,
lonicera-sempervirens,Lonicera sempervirens,Lonicera,sempervirens,Caprifoliaceae,,,,,,5334239,Q161352,,
cladrastis-kentukea,Cladrastis kentukea,Cladrastis,kentukea,Fabaceae,,,,,,2945513,Q470025,,
pongamia-pinnata,Pongamia pinnata,Pongamia,pinnata,Fabaceae,,,,,,2965911,Q24852568,,
pyrostegia-venusta,Pyrostegia venusta,Pyrostegia,venusta,Bignoniaceae,,,,,,3172569,Q3142937,,
casuarina-equisetifolia,Casuarina equisetifolia,Casuarina,equisetifolia,Casuarinaceae,,,,,,2891930,Q857220,,
bauhinia-purpurea,Bauhinia purpurea,Bauhinia,purpurea,Fabaceae,,,,,,2953871,Q3245410,,
cascabela-thevetia,Cascabela thevetia,Cascabela,thevetia,Apocynaceae,,,,,,3169652,Q10694475,,
itea-virginica,Itea virginica,Itea,virginica,Iteaceae,,,,,,5362113,Q469091,,
magnolia-virginiana,Magnolia virginiana,Magnolia,virginiana,Magnoliaceae,,,,,,3153639,Q1859063,,
heliconia-rostrata,Heliconia rostrata,Heliconia,rostrata,Heliconiaceae,,,,,,2760967,Q2703222,,
salvia-coccinea,Salvia coccinea,Salvia,coccinea,Lamiaceae,,,,,,9278365,Q1023573,,
couroupita-guianensis,Couroupita guianensis,Couroupita,guianensis,Lecythidaceae,,,,,,3082562,Q161823,,
fraxinus-uhdei,Fraxinus uhdei,Fraxinus,uhdei,Oleaceae,,,,,,3172371,Q970638,,
quercus-bicolor,Quercus bicolor,Quercus,bicolor,Fagaceae,,,,,,2878470,Q142792,,
malvaviscus-arboreus,Malvaviscus arboreus,Malvaviscus,arboreus,Malvaceae,,,,,,3152775,Q2709838,,
asclepias-incarnata,Asclepias incarnata,Asclepias,incarnata,Apocynaceae,,,,,,3170266,Q1057909,,
corymbia-ficifolia,Corymbia ficifolia,Corymbia,ficifolia,Myrtaceae,,,,,,5418434,Q597616,,
alstonia-scholaris,Alstonia scholaris,Alstonia,scholaris,Apocynaceae,,,,,,5414410,Q135307,,
cordia-boissieri,Cordia boissieri,Cordia,boissieri,Cordiaceae,,,,,,5341276,Q147841,,
portulaca-umbraticola,Portulaca umbraticola,Portulaca,umbraticola,Portulacaceae,,,,,,3084698,Q6083269,,
iresine-diffusa,Iresine diffusa,Iresine,diffusa,Amaranthaceae,,,,,,3085038,Q5920228,,
calliandra-haematocephala,Calliandra haematocephala,Calliandra,haematocephala,Fabaceae,,,,,,2982155,Q161818,,
combretum-indicum,Combretum indicum,Combretum,indicum,Combretaceae,,,,,,12203608,Q1062389,,
bauhinia-x-blakeana,Bauhinia × blakeana,Bauhinia,blakeana,Fabaceae,,,,,,2953373,,,
bismarckia-nobilis,Bismarckia nobilis,Bismarckia,nobilis,Arecaceae,,,,,,2733941,Q664462,,
heptapleurum-actinophyllum,Heptapleurum actinophyllum,Heptapleurum,actinophyllum,Araliaceae,,,,,,11008739,Q106906298,,
hamelia-patens,Hamelia patens,Hamelia,patens,Rubiaceae,,,,,,2902066,Q4919655,,
gazania-x-splendens,Gazania × splendens,Gazania,splendens,Asteraceae,,,,,,7845652,,,
justicia-brandegeeana,Justicia brandegeeana,Justicia,brandegeeana,Acanthaceae,,,,,,3173122,Q3303690,,
ardisia-squamulosa,Ardisia squamulosa,Ardisia,squamulosa,Primulaceae,,,,,,5414375,Q4788138,,
clerodendrum-thomsoniae,Clerodendrum thomsoniae,Clerodendrum,thomsoniae,Lamiaceae,,,,,,3889087,Q606562,,
opuntia-cochenillifera,Opuntia cochenillifera,Opuntia,cochenillifera,Cactaceae,,,,,,5384050,Q310979,,
thunbergia-erecta,Thunbergia erecta,Thunbergia,erecta,Acanthaceae,,,,,,5415461,Q2717276,,
penstemon-digitalis,Penstemon digitalis,Penstemon,digitalis,Plantaginaceae,,,,,,8251158,Q2174621,,
malvaviscus-penduliflorus,Malvaviscus penduliflorus,Malvaviscus,penduliflorus,Malvaceae,,,,,,3152776,Q5990819,,
mussaenda-philippica,Mussaenda philippica,Mussaenda,philippica,Rubiaceae,,,,,,2892466,Q13014790,,
justicia-spicigera,Justicia spicigera,Justicia,spicigera,Acanthaceae,,,,,,3173104,Q3012948,,
crossandra-infundibuliformis,Crossandra infundibuliformis,Crossandra,infundibuliformis,Acanthaceae,,,,,,6359825,Q3496448,,
schinus-terebinthifolia,Schinus terebinthifolia,Schinus,terebinthifolia,Anacardiaceae,,,,,,3660419,Q899313,,
impatiens-sodenii,Impatiens sodenii,Impatiens,sodenii,Balsaminaceae,,,,,,4193715,Q15346302,,
petrea-volubilis,Petrea volubilis,Petrea,volubilis,Verbenaceae,,,,,,2925536,Q6073575,,
acalypha-hispida,Acalypha hispida,Acalypha,hispida,Euphorbiaceae,,,,,,3056375,Q163528,,
aquilegia-canadensis,Aquilegia canadensis,Aquilegia,canadensis,Ranunculaceae,,,,,,3033197,Q2846008,,
alternanthera-brasiliana,Alternanthera brasiliana,Alternanthera,brasiliana,Amaranthaceae,,,,,,3084934,Q2840379,,
prunus-amygdalus,Prunus amygdalus,Prunus,amygdalus,Rosaceae,,,,,,3020980,Q15545507,,
garcinia-subelliptica,Garcinia subelliptica,Garcinia,subelliptica,Clusiaceae,,,,,,3712604,Q11333052,,
coreopsis-lanceolata,Coreopsis lanceolata,Coreopsis,lanceolata,Asteraceae,,,,,,3133938,Q1023836,,
ulmus-americana,Ulmus americana,Ulmus,americana,Ulmaceae,,,,,,5361872,Q469382,,
limonium-perezii,Limonium perezii,Limonium,perezii,Plumbaginaceae,,,,,,7699652,Q621864,,
jasminum-sambac,Jasminum sambac,Jasminum,sambac,Oleaceae,,,,,,7587215,Q1356614,,
camellia-sasanqua,Camellia sasanqua,Camellia,sasanqua,Theaceae,,,,,,3189637,Q2590046,,
acer-x-freemanii,Acer × freemanii,Acer,freemanii,Sapindaceae,,,,,,7379930,Q9577378,,
thunbergia-grandiflora,Thunbergia grandiflora,Thunbergia,grandiflora,Acanthaceae,,,,,,5415456,Q138397,,
dermatophyllum-secundiflorum,Dermatophyllum secundiflorum,Dermatophyllum,secundiflorum,Fabaceae,,,,,,7594161,Q56628426,,
asclepias-syriaca,Asclepias syriaca,Asclepias,syriaca,Apocynaceae,,,,,,3170247,Q158295,,
morinda-citrifolia,Morinda citrifolia,Morinda,citrifolia,Rubiaceae,,,,,,5339879,Q234238,,
cercis-occidentalis,Cercis occidentalis,Cercis,occidentalis,Fabaceae,,,,,,5353595,Q5063945,,
theobroma-cacao,Theobroma cacao,Theobroma,cacao,Malvaceae,,,,,,3152205,Q42385,,
moringa-oleifera,Moringa oleifera,Moringa,oleifera,Moringaceae,,,,,,3054181,Q234193,,
averrhoa-carambola,Averrhoa carambola,Averrhoa,carambola,Oxalidaceae,,,,,,2891641,Q159447,,
aesculus-glabra,Aesculus glabra,Aesculus,glabra,Sapindaceae,,,,,,3189806,Q1813339,,
sphagneticola-trilobata,Sphagneticola trilobata,Sphagneticola,trilobata,Asteraceae,,,,,,3116842,Q2707027,,
gomphocarpus-physocarpus,Gomphocarpus physocarpus,Gomphocarpus,physocarpus,Apocynaceae,,,,,,3170326,Q311186,,
zamia-furfuracea,Zamia furfuracea,Zamia,furfuracea,Zamiaceae,,,,,,5284125,Q924592,,
impatiens-balsamina,Impatiens balsamina,Impatiens,balsamina,Balsaminaceae,,,,,,2891773,Q845019,,
allamanda-blanchetii,Allamanda blanchetii,Allamanda,blanchetii,Apocynaceae,,,,,,3169835,Q4730418,,
cistanthe-grandiflora,Cistanthe grandiflora,Cistanthe,grandiflora,Montiaceae,,,,,,8132162,Q586276,,
chionanthus-virginicus,Chionanthus virginicus,Chionanthus,virginicus,Oleaceae,,,,,,3172303,Q140341,,
samanea-saman,Samanea saman,Samanea,saman,Fabaceae,,,,,,2972960,Q259500,,
lophocereus-marginatus,Lophocereus marginatus,Lophocereus,marginatus,Cactaceae,,,,,,7281746,Q92731237,,
aglaia-odorata,Aglaia odorata,Aglaia,odorata,Meliaceae,,,,,,5597349,Q2674471,,
bambusa-vulgaris,Bambusa vulgaris,Bambusa,vulgaris,Poaceae,,,,,,7661971,Q3219428,,
quercus-polymorpha,Quercus polymorpha,Quercus,polymorpha,Fagaceae,,,,,,2878068,Q4112232,,
acer-buergerianum,Acer buergerianum,Acer,buergerianum,Sapindaceae,,,,,,7100404,Q941891,,
nephrolepis-cordifolia,Nephrolepis cordifolia,Nephrolepis,cordifolia,Nephrolepidaceae,,,,,,2650930,Q1040814,,
pleroma-urvilleanum,Pleroma urvilleanum,Pleroma,urvilleanum,Melastomataceae,,,,,,10863132,Q89050367,,
amsonia-tabernaemontana,Amsonia tabernaemontana,Amsonia,tabernaemontana,Apocynaceae,,,,,,3169689,Q2844500,,
ravenala-madagascariensis,Ravenala madagascariensis,Ravenala,madagascariensis,Strelitziaceae,,,,,,2763095,Q673348,,
costus-woodsonii,Costus woodsonii,Costus,woodsonii,Costaceae,,,,,,2756950,Q15325633,,
ilex-verticillata,Ilex verticillata,Ilex,verticillata,Aquifoliaceae,,,,,,5414267,Q3487324,,
salvia-clevelandii,Salvia clevelandii,Salvia,clevelandii,Lamiaceae,,,,,,2927024,Q7406766,,
thaumatophyllum-xanadu,Thaumatophyllum xanadu,Thaumatophyllum,xanadu,Araceae,,,,,,9669385,Q89256996,,
stokesia-laevis,Stokesia laevis,Stokesia,laevis,Asteraceae,,,,,,5403935,Q1436235,,
calycanthus-floridus,Calycanthus floridus,Calycanthus,floridus,Calycanthaceae,,,,,,3034113,Q165416,,
clerodendrum-quadriloculare,Clerodendrum quadriloculare,Clerodendrum,quadriloculare,Lamiaceae,,,,,,3890217,Q5131946,,
acacia-baileyana,Acacia baileyana,Acacia,baileyana,Fabaceae,,,,,,2981303,Q9562555,,
hibiscus-moscheutos,Hibiscus moscheutos,Hibiscus,moscheutos,Malvaceae,,,,,,3152596,Q159479,,
ilex-vomitoria,Ilex vomitoria,Ilex,vomitoria,Aquifoliaceae,,,,,,5414250,Q1010694,,
kigelia-africana,Kigelia africana,Kigelia,africana,Bignoniaceae,,,,,,3172561,Q522883,,
quercus-phellos,Quercus phellos,Quercus,phellos,Fagaceae,,,,,,2880652,Q783224,,
tithonia-rotundifolia,Tithonia rotundifolia,Tithonia,rotundifolia,Asteraceae,,,,,,5396551,Q2176037,,
thunbergia-mysorensis,Thunbergia mysorensis,Thunbergia,mysorensis,Acanthaceae,,,,,,7972115,Q1989422,,
mertensia-virginica,Mertensia virginica,Mertensia,virginica,Boraginaceae,,,,,,5341242,Q12901028,,
fremontodendron-californicum,Fremontodendron californicum,Fremontodendron,californicum,Malvaceae,,,,,,7424655,Q890507,,
agave-angustifolia,Agave angustifolia,Agave,angustifolia,Asparagaceae,,,,,,2766846,Q134466,,
hymenocallis-littoralis,Hymenocallis littoralis,Hymenocallis,littoralis,Amaryllidaceae,,,,,,2860119,Q10750834,,
pittosporum-undulatum,Pittosporum undulatum,Pittosporum,undulatum,Pittosporaceae,,,,,,2986239,Q7199152,,
salvia-leucophylla,Salvia leucophylla,Salvia,leucophylla,Lamiaceae,,,,,,2927023,Q891026,,
bombax-ceiba,Bombax ceiba,Bombax,ceiba,Malvaceae,,,,,,3152226,Q13399160,,
clarkia-amoena,Clarkia amoena,Clarkia,amoena,Onagraceae,,,,,,5420978,Q161430,,
lobelia-cardinalis,Lobelia cardinalis,Lobelia,cardinalis,Campanulaceae,,,,,,5408269,Q1396837,,
pleroma-semidecandrum,Pleroma semidecandrum,Pleroma,semidecandrum,Melastomataceae,,,,,,5601313,Q55935614,,
farfugium-japonicum,Farfugium japonicum,Farfugium,japonicum,Asteraceae,,,,,,3101212,Q1072335,,
etlingera-elatior,Etlingera elatior,Etlingera,elatior,Zingiberaceae,,,,,,2759896,Q3442435,,
quercus-alba,Quercus alba,Quercus,alba,Fagaceae,,,,,,2879737,Q469555,,
chelidonium-diphyllum,Chelidonium diphyllum,Chelidonium,diphyllum,Papaveraceae,,,,,,2888466,Q39510676,,
fraxinus-griffithii,Fraxinus griffithii,Fraxinus,griffithii,Oleaceae,,,,,,6433113,Q5963800,,
ficus-religiosa,Ficus religiosa,Ficus,religiosa,Moraceae,,,,,,5361935,Q3071706,,
oenothera-speciosa,Oenothera speciosa,Oenothera,speciosa,Onagraceae,,,,,,3188859,Q7078668,,
barringtonia-racemosa,Barringtonia racemosa,Barringtonia,racemosa,Lecythidaceae,,,,,,3082727,Q2718437,,
calliandra-californica,Calliandra californica,Calliandra,californica,Fabaceae,,,,,,2982062,Q164408,,
acacia-melanoxylon,Acacia melanoxylon,Acacia,melanoxylon,Fabaceae,,,,,,2979000,Q386585,,
melaleuca-nesophila,Melaleuca nesophila,Melaleuca,nesophila,Myrtaceae,,,,,,5415829,Q6811065,,
eucalyptus-cinerea,Eucalyptus cinerea,Eucalyptus,cinerea,Myrtaceae,,,,,,3176723,Q763431,,
bulbine-frutescens,Bulbine frutescens,Bulbine,frutescens,Asphodelaceae,,,,,,5304927,Q4987261,,
rhus-aromatica,Rhus aromatica,Rhus,aromatica,Anacardiaceae,,,,,,3190558,Q62864,,
quercus-agrifolia,Quercus agrifolia,Quercus,agrifolia,Fagaceae,,,,,,2880791,Q514052,,
arundina-graminifolia,Arundina graminifolia,Arundina,graminifolia,Orchidaceae,,,,,,2795522,Q15111744,,
syzygium-paniculatum,Syzygium paniculatum,Syzygium,paniculatum,Myrtaceae,,,,,,3184108,Q159398,,
cotyledon-orbiculata,Cotyledon orbiculata,Cotyledon,orbiculata,Crassulaceae,,,,,,5361969,Q2716378,,
ilex-glabra,Ilex glabra,Ilex,glabra,Aquifoliaceae,,,,,,5414266,Q5997676,,
tagetes-lemmonii,Tagetes lemmonii,Tagetes,lemmonii,Asteraceae,,,,,,3088569,Q15588561,,
handroanthus-chrysanthus,Handroanthus chrysanthus,Handroanthus,chrysanthus,Bignoniaceae,,,,,,6401337,Q15549607,,
eugenia-uniflora,Eugenia uniflora,Eugenia,uniflora,Myrtaceae,,,,,,5416458,Q306504,,
clusia-rosea,Clusia rosea,Clusia,rosea,Clusiaceae,,,,,,5421060,Q5775234,,
agave-tequilana,Agave tequilana,Agave,tequilana,Asparagaceae,,,,,,2766899,Q311065,,
triadica-sebifera,Triadica sebifera,Triadica,sebifera,Euphorbiaceae,,,,,,3054399,Q702175,,
trimezia-steyermarkii,Trimezia steyermarkii,Trimezia,steyermarkii,Iridaceae,,,,,,2749673,Q12071475,,
bougainvillea-x-buttiana,Bougainvillea × buttiana,Bougainvillea,buttiana,Nyctaginaceae,,,,,,5553651,,,
aeonium-haworthii,Aeonium haworthii,Aeonium,haworthii,Crassulaceae,,,,,,2985683,Q511569,,
lantana-x-hybrida,Lantana × hybrida,Lantana,hybrida,Verbenaceae,,,,,,4085115,,,
ilex-crenata,Ilex crenata,Ilex,crenata,Aquifoliaceae,,,,,,5414239,Q1328685,,
nymphaea-nouchali,Nymphaea nouchali,Nymphaea,nouchali,Nymphaeaceae,,,,,,7326947,Q2663639,,
muhlenbergia-capillaris,Muhlenbergia capillaris,Muhlenbergia,capillaris,Poaceae,,,,,,2704016,Q13933854,,
pinus-resinosa,Pinus resinosa,Pinus,resinosa,Pinaceae,,,,,,5285067,Q2045958,,
agave-desmetiana,Agave desmetiana,Agave,desmetiana,,,,,,,,Q118591854,,
monoon-longifolium,Monoon longifolium,Monoon,longifolium,Annonaceae,,,,,,3156422,Q42707873,,
clethra-alnifolia,Clethra alnifolia,Clethra,alnifolia,Clethraceae,,,,,,2888323,Q5131966,,
cantua-buxifolia,Cantua buxifolia,Cantua,buxifolia,Polemoniaceae,,,,,,7294305,Q290394,,
allium-tuberosum,Allium tuberosum,Allium,tuberosum,Amaryllidaceae,,,,,,2856297,Q42285,,
sedum-adolphi,Sedum adolphi,Sedum,adolphi,Crassulaceae,,,,,,5688173,Q17774329,,
ehretia-microphylla,Ehretia microphylla,Ehretia,microphylla,Ehretiaceae,,,,,,4066311,Q15283553,,
sabdariffa-gossypiifolia,Sabdariffa gossypiifolia,Sabdariffa,gossypiifolia,,,,,,,,Q140550350,,
stenotaphrum-secundatum,Stenotaphrum secundatum,Stenotaphrum,secundatum,Poaceae,,,,,,2702870,Q3321826,,
saccharum-officinarum,Saccharum officinarum,Saccharum,officinarum,Poaceae,,,,,,2703912,Q3391243,,
clitoria-ternatea,Clitoria ternatea,Clitoria,ternatea,Fabaceae,,,,,,2946519,Q312265,,
kalanchoe-pinnata,Kalanchoe pinnata,Kalanchoe,pinnata,Crassulaceae,,,,,,2985930,Q311188,,
eriogonum-fasciculatum,Eriogonum fasciculatum,Eriogonum,fasciculatum,Polygonaceae,,,,,,2889433,Q153347,,
antigonon-leptopus,Antigonon leptopus,Antigonon,leptopus,Polygonaceae,,,,,,2889355,Q311521,,
leucospermum-x-hybridum,Leucospermum × hybridum,Leucospermum,hybridum,,,,,,,,,,
spigelia-marilandica,Spigelia marilandica,Spigelia,marilandica,Loganiaceae,,,,,,5414398,Q7577149,,
brunfelsia-pauciflora,Brunfelsia pauciflora,Brunfelsia,pauciflora,Solanaceae,,,,,,6402571,Q149804,,
zamia-integrifolia,Zamia integrifolia,Zamia,integrifolia,Zamiaceae,,,,,,5284049,Q3506489,,
turnera-ulmifolia,Turnera ulmifolia,Turnera,ulmifolia,Turneraceae,,,,,,2874852,Q6121509,,
sabal-palmetto,Sabal palmetto,Sabal,palmetto,Arecaceae,,,,,,4925538,Q1088471,,
pilea-cadierei,Pilea cadierei,Pilea,cadierei,Urticaceae,,,,,,5671157,Q1026485,,
hibiscus-coccineus,Hibiscus coccineus,Hibiscus,coccineus,Malvaceae,,,,,,3152566,Q2706057,,
kalanchoe-fedtschenkoi,Kalanchoe fedtschenkoi,Kalanchoe,fedtschenkoi,Crassulaceae,,,,,,2985934,Q146646,,
betula-papyrifera,Betula papyrifera,Betula,papyrifera,Betulaceae,,,,,,5332120,Q76971,,
amsonia-hubrichtii,Amsonia hubrichtii,Amsonia,hubrichtii,Apocynaceae,,,,,,3169697,Q4748800,,
ixora-casei,Ixora casei,Ixora,casei,Rubiaceae,,,,,,2905881,Q15464824,,
oryza-sativa,Oryza sativa,Oryza,sativa,Poaceae,,,,,,2703459,Q161426,,
quercus-shumardii,Quercus shumardii,Quercus,shumardii,Fagaceae,,,,,,2878289,Q4112184,,
coccoloba-uvifera,Coccoloba uvifera,Coccoloba,uvifera,Polygonaceae,,,,,,2888831,Q279494,,
quercus-glauca,Quercus glauca,Quercus,glauca,Fagaceae,,,,,,2876873,Q714124,,
taxodium-mucronatum,Taxodium mucronatum,Taxodium,mucronatum,Cupressaceae,,,,,,2684192,Q1429751,,
citrus-x-aurantiifolia,Citrus × aurantiifolia,Citrus,aurantiifolia,Rutaceae,,,,,,3190164,,,
malva-subovata,Malva subovata,Malva,subovata,Malvaceae,,,,,,7279633,Q23978710,,
conoclinium-coelestinum,Conoclinium coelestinum,Conoclinium,coelestinum,Asteraceae,,,,,,3090343,Q15548876,,
dodonaea-viscosa,Dodonaea viscosa,Dodonaea,viscosa,Sapindaceae,,,,,,5421144,Q58393,,
phlox-divaricata,Phlox divaricata,Phlox,divaricata,Polemoniaceae,,,,,,2927730,Q5222804,,
excoecaria-cochinchinensis,Excoecaria cochinchinensis,Excoecaria,cochinchinensis,Euphorbiaceae,,,,,,3071716,Q3336409,,
afrocarpus-falcatus,Afrocarpus falcatus,Afrocarpus,falcatus,Podocarpaceae,,,,,,2687632,Q916650,,
eryngium-yuccifolium,Eryngium yuccifolium,Eryngium,yuccifolium,Apiaceae,,,,,,3034408,Q3299859,,
quercus-muehlenbergii,Quercus muehlenbergii,Quercus,muehlenbergii,Fagaceae,,,,,,2879947,Q2611816,,
passiflora-incarnata,Passiflora incarnata,Passiflora,incarnata,Passifloraceae,,,,,,2874218,Q128939,,
populus-deltoides,Populus deltoides,Populus,deltoides,Salicaceae,,,,,,3040232,Q149319,,
cyrtostachys-renda,Cyrtostachys renda,Cyrtostachys,renda,Arecaceae,,,,,,2735421,Q1231844,,
lagerstroemia-subcostata,Lagerstroemia subcostata,Lagerstroemia,subcostata,Lythraceae,,,,,,7286036,Q1028577,,
epilobium-canum,Epilobium canum,Epilobium,canum,Onagraceae,,,,,,3189132,Q5382993,,
euphorbia-geroldii,Euphorbia geroldii,Euphorbia,geroldii,Euphorbiaceae,,,,,,3067513,Q1335845,,
salvia-spathacea,Salvia spathacea,Salvia,spathacea,Lamiaceae,,,,,,2927042,Q7406901,,
fouquieria-splendens,Fouquieria splendens,Fouquieria,splendens,Fouquieriaceae,,,,,,2927459,Q138966,,
kalanchoe-luciae,Kalanchoe luciae,Kalanchoe,luciae,Crassulaceae,,,,,,7334254,Q1598303,,
euphorbia-cotinifolia,Euphorbia cotinifolia,Euphorbia,cotinifolia,Euphorbiaceae,,,,,,3067261,Q310289,,
athyrium-niponicum,Athyrium niponicum,Athyrium,niponicum,Athyriaceae,,,,,,8241853,Q2455938,,
peltophorum-pterocarpum,Peltophorum pterocarpum,Peltophorum,pterocarpum,Fabaceae,,,,,,2952775,Q1499330,,
annona-squamosa,Annona squamosa,Annona,squamosa,Annonaceae,,,,,,5407099,Q275620,,
sambucus-canadensis,Sambucus canadensis,Sambucus,canadensis,Viburnaceae,,,,,,6369819,Q21877280,,
plectranthus-verticillatus,Plectranthus verticillatus,Plectranthus,verticillatus,Lamiaceae,,,,,,2926638,Q2296184,,
wodyetia-bifurcata,Wodyetia bifurcata,Wodyetia,bifurcata,Arecaceae,,,,,,2736620,Q2388306,,
pinus-radiata,Pinus radiata,Pinus,radiata,Pinaceae,,,,,,5285727,Q748888,,
nassella-tenuissima,Nassella tenuissima,Nassella,tenuissima,Poaceae,,,,,,5289833,Q20480616,,
hibiscus-schizopetalus,Hibiscus schizopetalus,Hibiscus,schizopetalus,Malvaceae,,,,,,9064581,Q966855,,
allamanda-schottii,Allamanda schottii,Allamanda,schottii,Apocynaceae,,,,,,3169838,Q2837671,,
romneya-coulteri,Romneya coulteri,Romneya,coulteri,Papaveraceae,,,,,,2888393,Q3018989,,
chasmanthium-latifolium,Chasmanthium latifolium,Chasmanthium,latifolium,Poaceae,,,,,,2703077,Q5087377,,
leonotis-leonurus,Leonotis leonurus,Leonotis,leonurus,Lamiaceae,,,,,,2926906,Q2583942,,
anisacanthus-quadrifidus,Anisacanthus quadrifidus,Anisacanthus,quadrifidus,Acanthaceae,,,,,,8026687,Q5696062,,
cephalanthus-occidentalis,Cephalanthus occidentalis,Cephalanthus,occidentalis,Rubiaceae,,,,,,2923947,Q4992358,,
evolvulus-glomeratus,Evolvulus glomeratus,Evolvulus,glomeratus,Convolvulaceae,,,,,,2928671,Q15484282,,
ipomoea-carnea,Ipomoea carnea,Ipomoea,carnea,Convolvulaceae,,,,,,2928590,Q311333,,
aesculus-pavia,Aesculus pavia,Aesculus,pavia,Sapindaceae,,,,,,3189807,Q159049,,
magnolia-figo,Magnolia figo,Magnolia,figo,Magnoliaceae,,,,,,3152997,Q311864,,
malpighia-emarginata,Malpighia emarginata,Malpighia,emarginata,Malpighiaceae,,,,,,5421427,Q15362022,,
nyssa-sylvatica,Nyssa sylvatica,Nyssa,sylvatica,Nyssaceae,,,,,,5383717,Q3179665,,
syzygium-australe,Syzygium australe,Syzygium,australe,Myrtaceae,,,,,,3182605,Q2468560,,
lobelia-siphilitica,Lobelia siphilitica,Lobelia,siphilitica,Campanulaceae,,,,,,5409120,Q2720384,,
asclepias-speciosa,Asclepias speciosa,Asclepias,speciosa,Apocynaceae,,,,,,3170260,Q311150,,
crescentia-cujete,Crescentia cujete,Crescentia,cujete,Bignoniaceae,,,,,,5415081,Q214542,,
conocarpus-erectus,Conocarpus erectus,Conocarpus,erectus,Combretaceae,,,,,,5421045,Q2520560,,
pontederia-crassipes,Pontederia crassipes,Pontederia,crassipes,Pontederiaceae,,,,,,2765942,Q39600979,,
tigridia-pavonia,Tigridia pavonia,Tigridia,pavonia,Iridaceae,,,,,,8079009,Q3336594,,
phyllanthus-myrtifolius,Phyllanthus myrtifolius,Phyllanthus,myrtifolius,Phyllanthaceae,,,,,,5382696,Q15246934,,
cerbera-manghas,Cerbera manghas,Cerbera,manghas,Apocynaceae,,,,,,7155766,Q714955,,
ophiopogon-japonicus,Ophiopogon japonicus,Ophiopogon,japonicus,Asparagaceae,,,,,,2774158,Q537448,,
pelargonium-x-domesticum,Pelargonium × domesticum,Pelargonium,domesticum,Geraniaceae,,,,,,2891603,,,
momordica-charantia,Momordica charantia,Momordica,charantia,Cucurbitaceae,,,,,,2874581,Q428750,,
parkinsonia-aculeata,Parkinsonia aculeata,Parkinsonia,aculeata,Fabaceae,,,,,,5357217,Q279482,,
zephyranthes-candida,Zephyranthes candida,Zephyranthes,candida,Amaryllidaceae,,,,,,2859976,Q3240203,,
hippeastrum-puniceum,Hippeastrum puniceum,Hippeastrum,puniceum,Amaryllidaceae,,,,,,2854416,Q10657527,,
pycnanthemum-muticum,Pycnanthemum muticum,Pycnanthemum,muticum,Lamiaceae,,,,,,2927374,Q15355983,,
prunus-pendula,Prunus pendula,Prunus,pendula,,,,,,,,Q10879010,,
diospyros-virginiana,Diospyros virginiana,Diospyros,virginiana,Ebenaceae,,,,,,3032986,Q158356,,
salvia-elegans,Salvia elegans,Salvia,elegans,Lamiaceae,,,,,,6412418,Q1521008,,
crassula-multicava,Crassula multicava,Crassula,multicava,Crassulaceae,,,,,,5362058,Q2836895,,
conoclinium-dissectum,Conoclinium dissectum,Conoclinium,dissectum,Asteraceae,,,,,,3090339,Q15548895,,
stapelia-gigantea,Stapelia gigantea,Stapelia,gigantea,Apocynaceae,,,,,,9317408,Q287520,,
crassula-capitella,Crassula capitella,Crassula,capitella,Crassulaceae,,,,,,7961590,Q2714691,,
zephyranthes-carinata,Zephyranthes carinata,Zephyranthes,carinata,Amaryllidaceae,,,,,,2859952,Q911101,,
ebenopsis-ebano,Ebenopsis ebano,Ebenopsis,ebano,Fabaceae,,,,,,2976481,Q5331755,,
hedychium-coronarium,Hedychium coronarium,Hedychium,coronarium,Zingiberaceae,,,,,,7883492,Q1994229,,
kalmia-latifolia,Kalmia latifolia,Kalmia,latifolia,Ericaceae,,,,,,2883005,Q1235131,,
scadoxus-multiflorus,Scadoxus multiflorus,Scadoxus,multiflorus,Amaryllidaceae,,,,,,2860677,Q2228727,,
cordia-sebestena,Cordia sebestena,Cordia,sebestena,Cordiaceae,,,,,,5341289,Q3042521,,
viburnum-davidii,Viburnum davidii,Viburnum,davidii,Viburnaceae,,,,,,3856436,Q12027723,,
rhododendron-macrophyllum,Rhododendron macrophyllum,Rhododendron,macrophyllum,Ericaceae,,,,,,7894533,Q2714739,,
casuarina-cunninghamiana,Casuarina cunninghamiana,Casuarina,cunninghamiana,Casuarinaceae,,,,,,2891932,Q662316,,
melaleuca-leucadendra,Melaleuca leucadendra,Melaleuca,leucadendra,Myrtaceae,,,,,,5415976,Q310876,,
pandanus-amaryllifolius,Pandanus amaryllifolius,Pandanus,amaryllifolius,Pandanaceae,,,,,,9296315,Q311090,,
xanthostemon-chrysanthus,Xanthostemon chrysanthus,Xanthostemon,chrysanthus,Myrtaceae,,,,,,3180849,Q2005777,,
calophyllum-inophyllum,Calophyllum inophyllum,Calophyllum,inophyllum,Calophyllaceae,,,,,,9531830,Q311471,,
cylindropuntia-imbricata,Cylindropuntia imbricata,Cylindropuntia,imbricata,Cactaceae,,,,,,6381277,Q311066,,
magnolia-acuminata,Magnolia acuminata,Magnolia,acuminata,Magnoliaceae,,,,,,3153837,Q1249099,,
ocimum-tenuiflorum,Ocimum tenuiflorum,Ocimum,tenuiflorum,Lamiaceae,,,,,,2927100,Q960124,,
daphne-odora,Daphne odora,Daphne,odora,Thymelaeaceae,,,,,,7670260,Q1156295,,
litchi-chinensis,Litchi chinensis,Litchi,chinensis,Sapindaceae,,,,,,3190002,Q13182,,
sedum-praealtum,Sedum praealtum,Sedum,praealtum,Crassulaceae,,,,,,5362012,Q15486137,,
streptocarpus-ionanthus,Streptocarpus ionanthus,Streptocarpus,ionanthus,Gesneriaceae,,,,,,6710927,Q50870323,,
protea-cynaroides,Protea cynaroides,Protea,cynaroides,Proteaceae,,,,,,5637947,Q1930962,,
celtis-sinensis,Celtis sinensis,Celtis,sinensis,Cannabaceae,,,,,,4159594,Q706339,,
hibiscus-mutabilis,Hibiscus mutabilis,Hibiscus,mutabilis,Malvaceae,,,,,,3152555,Q266983,,
dillenia-indica,Dillenia indica,Dillenia,indica,Dilleniaceae,,,,,,5383898,Q48334,,
rudbeckia-triloba,Rudbeckia triloba,Rudbeckia,triloba,Asteraceae,,,,,,3114238,Q7376820,,
silphium-perfoliatum,Silphium perfoliatum,Silphium,perfoliatum,Asteraceae,,,,,,3092576,Q1267255,,
pistia-stratiotes,Pistia stratiotes,Pistia,stratiotes,Araceae,,,,,,2870583,Q654001,,
syzygium-myrtifolium,Syzygium myrtifolium,Syzygium,myrtifolium,Myrtaceae,,,,,,3183420,Q15386418,,
malva-assurgentiflora,Malva assurgentiflora,Malva,assurgentiflora,Malvaceae,,,,,,3935047,Q12210223,,
callitropsis-nootkatensis,Callitropsis nootkatensis,Callitropsis,nootkatensis,Cupressaceae,,,,,,2683894,Q23707222,,
odontonema-tubaeforme,Odontonema tubaeforme,Odontonema,tubaeforme,Acanthaceae,,,,,,5575932,Q15351703,,
bergera-koenigii,Bergera koenigii,Bergera,koenigii,Rutaceae,,,,,,5421333,Q39837286,,
bauhinia-lunarioides,Bauhinia lunarioides,Bauhinia,lunarioides,Fabaceae,,,,,,2953298,Q4873500,,
echeveria-simulans,Echeveria simulans,Echeveria,simulans,Crassulaceae,,,,,,4198257,Q17767987,,
pterocarpus-indicus,Pterocarpus indicus,Pterocarpus,indicus,Fabaceae,,,,,,5349242,Q979014,,
leucadendron-laureolum,Leucadendron laureolum,Leucadendron,laureolum,Proteaceae,,,,,,5637952,Q15582588,,
swietenia-macrophylla,Swietenia macrophylla,Swietenia,macrophylla,Meliaceae,,,,,,3190484,Q12955947,,
euryops-chrysanthemoides,Euryops chrysanthemoides,Euryops,chrysanthemoides,Asteraceae,,,,,,5394961,Q5414066,,
monarda-punctata,Monarda punctata,Monarda,punctata,Lamiaceae,,,,,,5341413,Q1760733,,
salvia-apiana,Salvia apiana,Salvia,apiana,Lamiaceae,,,,,,2927016,Q899812,,
ochna-serrulata,Ochna serrulata,Ochna,serrulata,Ochnaceae,,,,,,3189680,Q568648,,
dianthus-chinensis,Dianthus chinensis,Dianthus,chinensis,Caryophyllaceae,,,,,,3085418,Q159013,,
arachis-pintoi,Arachis pintoi,Arachis,pintoi,Fabaceae,,,,,,5353826,Q4783543,,
jatropha-podagrica,Jatropha podagrica,Jatropha,podagrica,Euphorbiaceae,,,,,,3073016,Q5240151,,
araucaria-cunninghamii,Araucaria cunninghamii,Araucaria,cunninghamii,Araucariaceae,,,,,,2684996,Q1394414,,
pithecellobium-dulce,Pithecellobium dulce,Pithecellobium,dulce,Fabaceae,,,,,,2962831,Q15248750,,
platanus-racemosa,Platanus racemosa,Platanus,racemosa,Platanaceae,,,,,,8268789,Q164301,,
agave-parryi,Agave parryi,Agave,parryi,Asparagaceae,,,,,,2766905,Q138011,,
solanum-betaceum,Solanum betaceum,Solanum,betaceum,Solanaceae,,,,,,2930216,Q379747,,
syzygium-jambos,Syzygium jambos,Syzygium,jambos,Myrtaceae,,,,,,3183534,Q31931,,
rhododendron-x-pulchrum,Rhododendron × pulchrum,Rhododendron,pulchrum,Ericaceae,,,,,,4167103,,,
hyophorbe-lagenicaulis,Hyophorbe lagenicaulis,Hyophorbe,lagenicaulis,Arecaceae,,,,,,2735592,Q1062185,,
psidium-cattleyanum,Psidium cattleyanum,Psidium,cattleyanum,Myrtaceae,,,,,,5420641,Q17813563,,
mammillaria-elongata,Mammillaria elongata,Mammillaria,elongata,Cactaceae,,,,,,8406968,Q134530,,
cestrum-nocturnum,Cestrum nocturnum,Cestrum,nocturnum,Solanaceae,,,,,,2928791,Q36125,,
pittosporum-pentandrum,Pittosporum pentandrum,Pittosporum,pentandrum,Pittosporaceae,,,,,,2986294,Q15590723,,
handroanthus-chrysotrichus,Handroanthus chrysotrichus,Handroanthus,chrysotrichus,Bignoniaceae,,,,,,4092405,Q15548105,,
viburnum-odoratissimum,Viburnum odoratissimum,Viburnum,odoratissimum,Viburnaceae,,,,,,2888626,Q12600081,,
zizia-aurea,Zizia aurea,Zizia,aurea,Apiaceae,,,,,,3034521,Q926091,,
fothergilla-gardenii,Fothergilla gardenii,Fothergilla,gardenii,Hamamelidaceae,,,,,,5406815,Q5473924,,
populus-tremuloides,Populus tremuloides,Populus,tremuloides,Salicaceae,,,,,,3040215,Q469576,,
oenothera-pilosella,Oenothera pilosella,Oenothera,pilosella,Onagraceae,,,,,,3188916,Q7078665,,
luffa-aegyptiaca,Luffa aegyptiaca,Luffa,aegyptiaca,Cucurbitaceae,,,,,,2874599,Q2308434,,
lobivia-silvestrii,Lobivia silvestrii,Lobivia,silvestrii,Cactaceae,,,,,,3944596,Q50846768,,
tabebuia-heterophylla,Tabebuia heterophylla,Tabebuia,heterophylla,Bignoniaceae,,,,,,3172526,Q3512744,,
erythrina-americana,Erythrina americana,Erythrina,americana,Fabaceae,,,,,,5349751,Q5837303,,
salix-x-pendulina,Salix × pendulina,Salix,pendulina,Salicaceae,,,,,,5372638,,,
pandorea-jasminoides,Pandorea jasminoides,Pandorea,jasminoides,Bignoniaceae,,,,,,7298716,Q971064,,
geranium-maculatum,Geranium maculatum,Geranium,maculatum,Geraniaceae,,,,,,7808016,Q5549871,,
pyracantha-koidzumii,Pyracantha koidzumii,Pyracantha,koidzumii,Rosaceae,,,,,,2988162,Q1023570,,
podocarpus-costalis,Podocarpus costalis,Podocarpus,costalis,Podocarpaceae,,,,,,5285927,Q5476242,,
rotheca-myricoides,Rotheca myricoides,Rotheca,myricoides,Lamiaceae,,,,,,7307157,Q15356774,,
ruta-chalepensis,Ruta chalepensis,Ruta,chalepensis,Rutaceae,,,,,,3190381,Q2714490,,
aquilegia-chrysantha,Aquilegia chrysantha,Aquilegia,chrysantha,Ranunculaceae,,,,,,3033196,Q4782928,,
heteromeles-arbutifolia,Heteromeles arbutifolia,Heteromeles,arbutifolia,Rosaceae,,,,,,5370154,Q21546397,,
lantana-urticoides,Lantana urticoides,Lantana,urticoides,Verbenaceae,,,,,,2925335,Q15432288,,
pandanus-utilis,Pandanus utilis,Pandanus,utilis,Pandanaceae,,,,,,5327557,Q310595,,
glandora-prostrata,Glandora prostrata,Glandora,prostrata,Boraginaceae,,,,,,7294611,Q3118615,,
lysimachia-clethroides,Lysimachia clethroides,Lysimachia,clethroides,Primulaceae,,,,,,3169331,Q1070109,,
acacia-retinodes,Acacia retinodes,Acacia,retinodes,Fabaceae,,,,,,2979408,Q2666767,,
goeppertia-insignis,Goeppertia insignis,Goeppertia,insignis,Marantaceae,,,,,,11035519,Q90458733,,
xanthosoma-sagittifolium,Xanthosoma sagittifolium,Xanthosoma,sagittifolium,Araceae,,,,,,5330901,Q279280,,
asystasia-gangetica,Asystasia gangetica,Asystasia,gangetica,Acanthaceae,,,,,,3173254,Q311451,,
ternstroemia-gymnanthera,Ternstroemia gymnanthera,Ternstroemia,gymnanthera,Pentaphylacaceae,,,,,,3591610,Q5792956,,
strobilanthes-auriculata,Strobilanthes auriculata,Strobilanthes,auriculata,Acanthaceae,,,,,,7263204,Q15225076,,
cereus-hildmannianus,Cereus hildmannianus,Cereus,hildmannianus,Cactaceae,,,,,,5384000,Q6653247,,
clerodendrum-paniculatum,Clerodendrum paniculatum,Clerodendrum,paniculatum,Lamiaceae,,,,,,3890745,Q6579242,,
celosia-spicata,Celosia spicata,Celosia,spicata,Amaranthaceae,,,,,,8467414,Q15586993,,
lucuma-campechiana,Lucuma campechiana,Lucuma,campechiana,Sapotaceae,,,,,,2884309,Q10320387,,
lycoris-squamigera,Lycoris squamigera,Lycoris,squamigera,Amaryllidaceae,,,,,,5326179,Q616250,,
tabebuia-aurea,Tabebuia aurea,Tabebuia,aurea,Bignoniaceae,,,,,,4091191,Q2707018,,
pseuderanthemum-carruthersii,Pseuderanthemum carruthersii,Pseuderanthemum,carruthersii,Acanthaceae,,,,,,9450473,Q5642855,,
kalanchoe-delagoensis,Kalanchoe delagoensis,Kalanchoe,delagoensis,Crassulaceae,,,,,,2985940,Q137831,,
plinia-cauliflora,Plinia cauliflora,Plinia,cauliflora,Myrtaceae,,,,,,5415571,Q1973619,,
pandanus-tectorius,Pandanus tectorius,Pandanus,tectorius,Pandanaceae,,,,,,8023236,Q312736,,
perilla-frutescens,Perilla frutescens,Perilla,frutescens,Lamiaceae,,,,,,5341394,Q1076038,,
spathoglottis-plicata,Spathoglottis plicata,Spathoglottis,plicata,Orchidaceae,,,,,,2816456,Q2212462,,
echeveria-secunda,Echeveria secunda,Echeveria,secunda,Crassulaceae,,,,,,7334137,Q9255588,,
houttuynia-cordata,Houttuynia cordata,Houttuynia,cordata,Saururaceae,,,,,,5384931,Q164091,,
polemonium-reptans,Polemonium reptans,Polemonium,reptans,Polemoniaceae,,,,,,2927849,Q648261,,
dasylirion-wheeleri,Dasylirion wheeleri,Dasylirion,wheeleri,Asparagaceae,,,,,,2772620,Q148788,,
breynia-disticha,Breynia disticha,Breynia,disticha,Phyllanthaceae,,,,,,5383031,Q2924767,,
palaquium-formosanum,Palaquium formosanum,Palaquium,formosanum,Sapotaceae,,,,,,2886430,Q10937874,,
aechmea-gamosepala,Aechmea gamosepala,Aechmea,gamosepala,Bromeliaceae,,,,,,2698108,Q2882451,,
cassia-leptophylla,Cassia leptophylla,Cassia,leptophylla,Fabaceae,,,,,,5357169,Q10279910,,
chelone-lyonii,Chelone lyonii,Chelone,lyonii,Plantaginaceae,,,,,,5414946,Q15351189,,
crinum-x-amabile,Crinum × amabile,Crinum,amabile,Amaryllidaceae,,,,,,2853821,,,
mussaenda-erythrophylla,Mussaenda erythrophylla,Mussaenda,erythrophylla,Rubiaceae,,,,,,2892634,Q2677878,,
leucaena-leucocephala,Leucaena leucocephala,Leucaena,leucocephala,Fabaceae,,,,,,2970418,Q35905,,
pinus-contorta,Pinus contorta,Pinus,contorta,Pinaceae,,,,,,5285750,Q165091,,
cupaniopsis-anacardioides,Cupaniopsis anacardioides,Cupaniopsis,anacardioides,Sapindaceae,,,,,,3189958,Q3005741,,
fagus-grandifolia,Fagus grandifolia,Fagus,grandifolia,Fagaceae,,,,,,2882274,Q149219,,
brugmansia-sanguinea,Brugmansia sanguinea,Brugmansia,sanguinea,Solanaceae,,,,,,5341760,Q2926516,,
maytenus-boaria,Maytenus boaria,Maytenus,boaria,Celastraceae,,,,,,3790726,Q1152753,,
magnolia-compressa,Magnolia compressa,Magnolia,compressa,Magnoliaceae,,,,,,3153607,Q11291825,,
scaevola-taccada,Scaevola taccada,Scaevola,taccada,Goodeniaceae,,,,,,6358362,Q2702446,,
nymphaea-odorata,Nymphaea odorata,Nymphaea,odorata,Nymphaeaceae,,,,,,2882412,Q635853,,
furcraea-foetida,Furcraea foetida,Furcraea,foetida,Asparagaceae,,,,,,2769796,Q311194,,
stromanthe-thalia,Stromanthe thalia,Stromanthe,thalia,Marantaceae,,,,,,2761259,Q15338244,,
nageia-nagi,Nageia nagi,Nageia,nagi,Podocarpaceae,,,,,,2687779,Q3274110,,
dietes-iridioides,Dietes iridioides,Dietes,iridioides,Iridaceae,,,,,,2742428,Q2711237,,
cuphea-ignea,Cuphea ignea,Cuphea,ignea,Lythraceae,,,,,,3188684,Q15528510,,
lantana-depressa,Lantana depressa,Lantana,depressa,Verbenaceae,,,,,,2925322,Q15430697,,
angelonia-salicariifolia,Angelonia salicariifolia,Angelonia,salicariifolia,Plantaginaceae,,,,,,3171808,Q10939106,,
mansoa-alliacea,Mansoa alliacea,Mansoa,alliacea,Bignoniaceae,,,,,,3172603,Q6751798,,
magnolia-macrophylla,Magnolia macrophylla,Magnolia,macrophylla,Magnoliaceae,,,,,,3153783,Q1093540,,
myrtillocactus-geometrizans,Myrtillocactus geometrizans,Myrtillocactus,geometrizans,Cactaceae,,,,,,7279778,Q287064,,
arachnothryx-leucophylla,Arachnothryx leucophylla,Arachnothryx,leucophylla,Rubiaceae,,,,,,2897189,Q15472001,,
actaea-racemosa,Actaea racemosa,Actaea,racemosa,Ranunculaceae,,,,,,6376106,Q682257,,
strongylodon-macrobotrys,Strongylodon macrobotrys,Strongylodon,macrobotrys,Fabaceae,,,,,,2981499,Q1910837,,
opuntia-humifusa,Opuntia humifusa,Opuntia,humifusa,Cactaceae,,,,,,5384047,Q134419,,
liatris-pycnostachya,Liatris pycnostachya,Liatris,pycnostachya,Asteraceae,,,,,,3104293,Q12061156,,
heliotropium-arboreum,Heliotropium arboreum,Heliotropium,arboreum,Heliotropiaceae,,,,,,11015824,Q2065214,,
lophocereus-schottii,Lophocereus schottii,Lophocereus,schottii,Cactaceae,,,,,,3084408,Q15320987,,
coleonema-pulchellum,Coleonema pulchellum,Coleonema,pulchellum,Rutaceae,,,,,,5594397,Q5143067,,
nymphaea-mexicana,Nymphaea mexicana,Nymphaea,mexicana,Nymphaeaceae,,,,,,2882420,Q748322,,
trichocereus-macrogonus,Trichocereus macrogonus,Trichocereus,macrogonus,Cactaceae,,,,,,3952140,Q41793333,,
handroanthus-heptaphyllus,Handroanthus heptaphyllus,Handroanthus,heptaphyllus,Bignoniaceae,,,,,,4092253,Q311357,,
tillandsia-usneoides,Tillandsia usneoides,Tillandsia,usneoides,Bromeliaceae,,,,,,2695149,Q311524,,
pinus-patula,Pinus patula,Pinus,patula,Pinaceae,,,,,,5285090,Q134804,,
lophostemon-confertus,Lophostemon confertus,Lophostemon,confertus,Myrtaceae,,,,,,3188429,Q1002860,,
aloidendron-barberae,Aloidendron barberae,Aloidendron,barberae,Asphodelaceae,,,,,,9444837,Q42729497,,
opuntia-santa-rita,Opuntia santa-rita,Opuntia,santa-rita,Cactaceae,,,,,,8396985,Q1232884,,
senna-siamea,Senna siamea,Senna,siamea,Fabaceae,,,,,,2956905,Q36154,,
heliotropium-arborescens,Heliotropium arborescens,Heliotropium,arborescens,Heliotropiaceae,,,,,,2925807,Q159153,,
anemonastrum-canadense,Anemonastrum canadense,Anemonastrum,canadense,Ranunculaceae,,,,,,9419395,Q91249630,,
castanea-mollissima,Castanea mollissima,Castanea,mollissima,Fagaceae,,,,,,5333237,Q699584,,
quercus-fusiformis,Quercus fusiformis,Quercus,fusiformis,Fagaceae,,,,,,2880509,Q3009781,,
brugmansia-aurea,Brugmansia aurea,Brugmansia,aurea,Solanaceae,,,,,,5581099,Q1937684,,
pinus-ponderosa,Pinus ponderosa,Pinus,ponderosa,Pinaceae,,,,,,5285053,Q460523,,
orthosiphon-aristatus,Orthosiphon aristatus,Orthosiphon,aristatus,Lamiaceae,,,,,,7308026,Q2673246,,
heuchera-americana,Heuchera americana,Heuchera,americana,Saxifragaceae,,,,,,3032665,Q3134929,,
aquilegia-coerulea,Aquilegia coerulea,Aquilegia,coerulea,Ranunculaceae,,,,,,3033188,Q2561781,,
araucaria-angustifolia,Araucaria angustifolia,Araucaria,angustifolia,Araucariaceae,,,,,,2684940,Q899179,,
sanguinaria-canadensis,Sanguinaria canadensis,Sanguinaria,canadensis,Papaveraceae,,,,,,5334192,Q2724394,,
fallugia-paradoxa,Fallugia paradoxa,Fallugia,paradoxa,Rosaceae,,,,,,3030171,Q15623036,,
dombeya-wallichii,Dombeya wallichii,Dombeya,wallichii,Malvaceae,,,,,,8248677,Q615818,,
agave-vivipara,Agave vivipara,Agave,vivipara,Asparagaceae,,,,,,2766811,Q13975751,,
yucca-aloifolia,Yucca aloifolia,Yucca,aloifolia,Asparagaceae,,,,,,2775744,Q1520316,,
crinum-moorei,Crinum moorei,Crinum,moorei,Amaryllidaceae,,,,,,4928395,Q1017258,,
acer-serrulatum,Acer serrulatum,Acer,serrulatum,Sapindaceae,,,,,,3768564,Q9579203,,
diospyros-blancoi,Diospyros blancoi,Diospyros,blancoi,Ebenaceae,,,,,,3032974,Q571266,,
citrus-x-microcarpa,Citrus × microcarpa,Citrus,microcarpa,Rutaceae,,,,,,3831218,,,
monarda-citriodora,Monarda citriodora,Monarda,citriodora,Lamiaceae,,,,,,5341423,Q159776,,
cornus-capitata,Cornus capitata,Cornus,capitata,Cornaceae,,,,,,7161042,Q168335,,
dracaena-surculosa,Dracaena surculosa,Dracaena,surculosa,Asparagaceae,,,,,,5304547,Q5814069,,
rhaphiolepis-umbellata,Rhaphiolepis umbellata,Rhaphiolepis,umbellata,Rosaceae,,,,,,7480375,Q3281222,,
clarkia-unguiculata,Clarkia unguiculata,Clarkia,unguiculata,Onagraceae,,,,,,5420957,Q160123,,
xanthosoma-robustum,Xanthosoma robustum,Xanthosoma,robustum,Araceae,,,,,,5330897,Q15335334,,
pleroma-heteromallum,Pleroma heteromallum,Pleroma,heteromallum,Melastomataceae,,,,,,5601449,Q80702735,,
symphyotrichum-oblongifolium,Symphyotrichum oblongifolium,Symphyotrichum,oblongifolium,Asteraceae,,,,,,3151638,Q7661734,,
styrax-japonicus,Styrax japonicus,Styrax,japonicus,Styracaceae,,,,,,5371678,Q910419,,
handroanthus-impetiginosus,Handroanthus impetiginosus,Handroanthus,impetiginosus,Bignoniaceae,,,,,,4092242,Q3266951,,
syzygium-cumini,Syzygium cumini,Syzygium,cumini,Myrtaceae,,,,,,3183840,Q232571,,
cinnamomum-burmanni,Cinnamomum burmanni,Cinnamomum,burmanni,Lauraceae,,,,,,3033985,Q4115136,,
senna-alata,Senna alata,Senna,alata,Fabaceae,,,,,,2956947,Q41504,,
goeppertia-zebrina,Goeppertia zebrina,Goeppertia,zebrina,Marantaceae,,,,,,5302914,Q80714550,,
epidendrum-radicans,Epidendrum radicans,Epidendrum,radicans,Orchidaceae,,,,,,5320619,Q5382801,,
licuala-grandis,Licuala grandis,Licuala,grandis,Arecaceae,,,,,,8008690,Q1214612,,
cyrtomium-falcatum,Cyrtomium falcatum,Cyrtomium,falcatum,Dryopteridaceae,,,,,,2650829,Q2415732,,
cunninghamia-lanceolata,Cunninghamia lanceolata,Cunninghamia,lanceolata,Cupressaceae,,,,,,5284278,Q149115,,
rhododendron-x-hybridum,Rhododendron × hybridum,Rhododendron,hybridum,Ericaceae,,,,,,4173731,,,
calotropis-gigantea,Calotropis gigantea,Calotropis,gigantea,Apocynaceae,,,,,,3579089,Q525166,,
senna-didymobotrya,Senna didymobotrya,Senna,didymobotrya,Fabaceae,,,,,,2957556,Q1498059,,
lyonothamnus-floribundus,Lyonothamnus floribundus,Lyonothamnus,floribundus,Rosaceae,,,,,,3027433,Q17245437,,
sansevieria-hyacinthoides,Sansevieria hyacinthoides,Sansevieria,hyacinthoides,Asparagaceae,,,,,,10754273,Q310109,,
galphimia-gracilis,Galphimia gracilis,Galphimia,gracilis,Malpighiaceae,,,,,,3191272,Q5519318,,
eryngium-foetidum,Eryngium foetidum,Eryngium,foetidum,Apiaceae,,,,,,3034425,Q1146782,,
terminalia-buceras,Terminalia buceras,Terminalia,buceras,Combretaceae,,,,,,3698958,Q17583087,,
amphilophium-buccinatorium,Amphilophium buccinatorium,Amphilophium,buccinatorium,Bignoniaceae,,,,,,7916836,Q15577533,,
osmanthus-heterophyllus,Osmanthus heterophyllus,Osmanthus,heterophyllus,Oleaceae,,,,,,3172276,Q2364246,,
crossostephium-chinense,Crossostephium chinense,Crossostephium,chinense,Asteraceae,,,,,,7970844,Q15231395,,
abelia-chinensis,Abelia chinensis,Abelia,chinensis,Caprifoliaceae,,,,,,5599251,Q160081,,
archontophoenix-alexandrae,Archontophoenix alexandrae,Archontophoenix,alexandrae,Arecaceae,,,,,,2732609,Q1831486,,
vachellia-xanthophloea,Vachellia xanthophloea,Vachellia,xanthophloea,Fabaceae,,,,,,7403310,Q15525187,,
coleus-barbatus,Coleus barbatus,Coleus,barbatus,Lamiaceae,,,,,,8030165,Q87638983,,
pinus-taeda,Pinus taeda,Pinus,taeda,Pinaceae,,,,,,5285241,Q368248,,
protea-x-hybrida,Protea × hybrida,Protea,hybrida,,,,,,,,,,
coprosma-repens,Coprosma repens,Coprosma,repens,Rubiaceae,,,,,,2911525,Q5168970,,
eucalyptus-robusta,Eucalyptus robusta,Eucalyptus,robusta,Myrtaceae,,,,,,3176743,Q3280527,,
sedum-mexicanum,Sedum mexicanum,Sedum,mexicanum,Crassulaceae,,,,,,5361977,Q11104268,,
sciadopitys-verticillata,Sciadopitys verticillata,Sciadopitys,verticillata,Sciadopityaceae,,,,,,2684904,Q161648,,
sedum-pachyphyllum,Sedum pachyphyllum,Sedum,pachyphyllum,Crassulaceae,,,,,,5689712,Q12718203,,
callisia-fragrans,Callisia fragrans,Callisia,fragrans,Commelinaceae,,,,,,5303453,Q9184292,,
calocedrus-formosana,Calocedrus formosana,Calocedrus,formosana,Cupressaceae,,,,,,2683946,Q146734,,
agonis-flexuosa,Agonis flexuosa,Agonis,flexuosa,Myrtaceae,,,,,,5419920,Q4693406,,
muhlenbergia-rigens,Muhlenbergia rigens,Muhlenbergia,rigens,Poaceae,,,,,,2703951,Q6933070,,
holmskioldia-sanguinea,Holmskioldia sanguinea,Holmskioldia,sanguinea,Lamiaceae,,,,,,2925665,Q5231348,,
bignonia-capreolata,Bignonia capreolata,Bignonia,capreolata,Bignoniaceae,,,,,,3172516,Q149466,,
cenchrus-clandestinus,Cenchrus clandestinus,Cenchrus,clandestinus,Poaceae,,,,,,5828201,Q50840658,,
ratibida-pinnata,Ratibida pinnata,Ratibida,pinnata,Asteraceae,,,,,,3087184,Q7295700,,
senna-surattensis,Senna surattensis,Senna,surattensis,Fabaceae,,,,,,2958052,Q9347266,,
jubaea-chilensis,Jubaea chilensis,Jubaea,chilensis,Arecaceae,,,,,,2735138,Q290967,,
carpinus-caroliniana,Carpinus caroliniana,Carpinus,caroliniana,Betulaceae,,,,,,2875842,Q468664,,
platanus-mexicana,Platanus mexicana,Platanus,mexicana,Platanaceae,,,,,,4097942,Q4364558,,
capsicum-frutescens,Capsicum frutescens,Capsicum,frutescens,Solanaceae,,,,,,8403992,Q311426,,
erythrina-variegata,Erythrina variegata,Erythrina,variegata,Fabaceae,,,,,,5349581,Q715744,,
pachira-glabra,Pachira glabra,Pachira,glabra,Malvaceae,,,,,,4073899,Q15378937,,
echinocereus-coccineus,Echinocereus coccineus,Echinocereus,coccineus,Cactaceae,,,,,,3084119,Q288539,,
larix-laricina,Larix laricina,Larix,laricina,Pinaceae,,,,,,2686231,Q734085,,
lampranthus-spectabilis,Lampranthus spectabilis,Lampranthus,spectabilis,Aizoaceae,,,,,,3704796,Q583395,,
hellenia-speciosa,Hellenia speciosa,Hellenia,speciosa,Costaceae,,,,,,7584507,Q42744454,,
billbergia-pyramidalis,Billbergia pyramidalis,Billbergia,pyramidalis,Bromeliaceae,,,,,,2693754,Q4911632,,
citrus-x-latifolia,Citrus × latifolia,Citrus,latifolia,Rutaceae,,,,,,3831655,,,
grewia-occidentalis,Grewia occidentalis,Grewia,occidentalis,Malvaceae,,,,,,4261391,Q1563777,,
curio-talinoides,Curio talinoides,Curio,talinoides,Asteraceae,,,,,,6064795,Q50840698,,
campanula-rapunculoides,Campanula rapunculoides,Campanula,rapunculoides,Campanulaceae,,,,,,5410436,Q341547,,
morella-pensylvanica,Morella pensylvanica,Morella,pensylvanica,Myricaceae,,,,,,3169001,Q3331585,,
echeveria-gibbiflora,Echeveria gibbiflora,Echeveria,gibbiflora,Crassulaceae,,,,,,7334611,Q15482278,,
lantana-strigocamara,Lantana strigocamara,Lantana,strigocamara,Verbenaceae,,,,,,4084229,Q15431779,,
phacelia-campanularia,Phacelia campanularia,Phacelia,campanularia,Hydrophyllaceae,,,,,,2928238,Q161340,,
lantana-horrida,Lantana horrida,Lantana,horrida,Verbenaceae,,,,,,2925336,Q15430914,,
justicia-carnea,Justicia carnea,Justicia,carnea,Acanthaceae,,,,,,3770188,Q3027835,,
camassia-leichtlinii,Camassia leichtlinii,Camassia,leichtlinii,Asparagaceae,,,,,,2769069,Q6594876,,
aloiampelos-ciliaris,Aloiampelos ciliaris,Aloiampelos,ciliaris,Asphodelaceae,,,,,,9527904,Q42729442,,
mammillaria-vetula,Mammillaria vetula,Mammillaria,vetula,Cactaceae,,,,,,7282091,Q1541740,,
chionanthus-pubescens,Chionanthus pubescens,Chionanthus,pubescens,Oleaceae,,,,,,3684502,Q17155848,,
magnolia-champaca,Magnolia champaca,Magnolia,champaca,Magnoliaceae,,,,,,3153099,Q167027,,
magnolia-denudata,Magnolia denudata,Magnolia,denudata,Magnoliaceae,,,,,,3153582,Q794061,,
clinopodium-nepeta,Clinopodium nepeta,Clinopodium,nepeta,Lamiaceae,,,,,,8916040,Q15350096,,
callirhoe-involucrata,Callirhoe involucrata,Callirhoe,involucrata,Malvaceae,,,,,,5406702,Q5741238,,
clerodendrum-bungei,Clerodendrum bungei,Clerodendrum,bungei,Lamiaceae,,,,,,2925351,Q12837820,,
senna-artemisioides,Senna artemisioides,Senna,artemisioides,Fabaceae,,,,,,7679480,Q151074,,
pseudobombax-ellipticum,Pseudobombax ellipticum,Pseudobombax,ellipticum,Malvaceae,,,,,,3152212,Q7254548,,
agave-victoriae-reginae,Agave victoriae-reginae,Agave,victoriae-reginae,Asparagaceae,,,,,,2766696,Q135235,,
sterculia-foetida,Sterculia foetida,Sterculia,foetida,Malvaceae,,,,,,5406675,Q2948337,,
stachytarpheta-urticifolia,Stachytarpheta urticifolia,Stachytarpheta,urticifolia,Verbenaceae,,,,,,2925457,Q15283809,,
sapindus-mukorossi,Sapindus mukorossi,Sapindus,mukorossi,Sapindaceae,,,,,,5421133,Q14530198,,
tithonia-diversifolia,Tithonia diversifolia,Tithonia,diversifolia,Asteraceae,,,,,,5396557,Q1642155,,
searsia-lancea,Searsia lancea,Searsia,lancea,Anacardiaceae,,,,,,5421370,Q15525290,,
eucalyptus-leucoxylon,Eucalyptus leucoxylon,Eucalyptus,leucoxylon,Myrtaceae,,,,,,3177019,Q161468,,
sicyos-edulis,Sicyos edulis,Sicyos,edulis,Cucurbitaceae,,,,,,7317530,Q38646266,,
gambelia-speciosa,Gambelia speciosa,Gambelia,speciosa,Plantaginaceae,,,,,,5414593,Q15324765,,
bauhinia-monandra,Bauhinia monandra,Bauhinia,monandra,Fabaceae,,,,,,2953715,Q2859792,,
cynoglossum-amabile,Cynoglossum amabile,Cynoglossum,amabile,Boraginaceae,,,,,,2925816,Q2564008,,
veronica-x-franciscana,Veronica × franciscana,Veronica,franciscana,Plantaginaceae,,,,,,7445708,,,
morella-cerifera,Morella cerifera,Morella,cerifera,Myricaceae,,,,,,3168995,Q1109693,,
quercus-imbricaria,Quercus imbricaria,Quercus,imbricaria,Fagaceae,,,,,,2881106,Q528713,,
ensete-ventricosum,Ensete ventricosum,Ensete,ventricosum,Musaceae,,,,,,2763050,Q199075,,
orbea-variegata,Orbea variegata,Orbea,variegata,Apocynaceae,,,,,,9534856,Q163196,,
opuntia-cacanapa,Opuntia cacanapa,Opuntia,cacanapa,Cactaceae,,,,,,5708376,Q41804850,,
carpobrotus-edulis,Carpobrotus edulis,Carpobrotus,edulis,Aizoaceae,,,,,,3084842,Q1368577,,
huernia-schneideriana,Huernia schneideriana,Huernia,schneideriana,Apocynaceae,,,,,,3570935,Q18074585,,
streptosolen-jamesonii,Streptosolen jamesonii,Streptosolen,jamesonii,Solanaceae,,,,,,5341821,Q136702,,
geum-triflorum,Geum triflorum,Geum,triflorum,Rosaceae,,,,,,5369703,Q2709956,,
pinus-thunbergii,Pinus thunbergii,Pinus,thunbergii,Pinaceae,,,,,,5285799,Q854884,,
lonicera-maackii,Lonicera maackii,Lonicera,maackii,Caprifoliaceae,,,,,,7902463,Q1076276,,
corymbia-citriodora,Corymbia citriodora,Corymbia,citriodora,Myrtaceae,,,,,,5418431,Q2549523,,
alocasia-cucullata,Alocasia cucullata,Alocasia,cucullata,Araceae,,,,,,5329867,Q4062814,,
heliconia-latispatha,Heliconia latispatha,Heliconia,latispatha,Heliconiaceae,,,,,,2760940,Q311942,,
ulmus-crassifolia,Ulmus crassifolia,Ulmus,crassifolia,Ulmaceae,,,,,,5361871,Q7879431,,
rudbeckia-maxima,Rudbeckia maxima,Rudbeckia,maxima,Asteraceae,,,,,,3114231,Q7376817,,
banksia-integrifolia,Banksia integrifolia,Banksia,integrifolia,Proteaceae,,,,,,7124338,Q1999614,,
crataegus-phaenopyrum,Crataegus phaenopyrum,Crataegus,phaenopyrum,Rosaceae,,,,,,8041842,Q3002191,,
hamamelis-vernalis,Hamamelis vernalis,Hamamelis,vernalis,Hamamelidaceae,,,,,,3152832,Q1151064,,
scaevola-aemula,Scaevola aemula,Scaevola,aemula,Goodeniaceae,,,,,,5569367,Q448069,,
hymenocallis-speciosa,Hymenocallis speciosa,Hymenocallis,speciosa,Amaryllidaceae,,,,,,2860247,Q5956477,,
eucalyptus-deglupta,Eucalyptus deglupta,Eucalyptus,deglupta,Myrtaceae,,,,,,3176325,Q2704355,,
hypericum-prolificum,Hypericum prolificum,Hypericum,prolificum,Hypericaceae,,,,,,3189471,Q17812747,,
acalypha-herzogiana,Acalypha herzogiana,Acalypha,herzogiana,Euphorbiaceae,,,,,,3056297,Q9574122,,
barleria-obtusa,Barleria obtusa,Barleria,obtusa,Acanthaceae,,,,,,3771643,Q253341,,
dryopteris-erythrosora,Dryopteris erythrosora,Dryopteris,erythrosora,Dryopteridaceae,,,,,,7157952,Q846311,,
basella-alba,Basella alba,Basella,alba,Basellaceae,,,,,,3083504,Q1130368,,
bursera-simaruba,Bursera simaruba,Bursera,simaruba,Burseraceae,,,,,,3190450,Q164698,,
nymphaea-rubra,Nymphaea rubra,Nymphaea,rubra,Nymphaeaceae,,,,,,7365664,Q13059511,,
alocasia-odora,Alocasia odora,Alocasia,odora,Araceae,,,,,,9506227,Q1320008,,
agave-salmiana,Agave salmiana,Agave,salmiana,Asparagaceae,,,,,,2766660,Q3028235,,
quercus-nigra,Quercus nigra,Quercus,nigra,Fagaceae,,,,,,2879328,Q4112855,,
pavonia-lasiopetala,Pavonia lasiopetala,Pavonia,lasiopetala,Malvaceae,,,,,,5406775,Q7156047,,
aristaloe-aristata,Aristaloe aristata,Aristaloe,aristata,Asphodelaceae,,,,,,9505138,Q39719918,,
panicum-virgatum,Panicum virgatum,Panicum,virgatum,Poaceae,,,,,,2705081,Q1466543,,
eriocapitella-japonica,Eriocapitella japonica,Eriocapitella,japonica,Ranunculaceae,,,,,,3925307,Q104881096,,
datura-wrightii,Datura wrightii,Datura,wrightii,Solanaceae,,,,,,2928741,Q1897331,,
polygonatum-odoratum,Polygonatum odoratum,Polygonatum,odoratum,Asparagaceae,,,,,,2770228,Q157430,,
cephalotaxus-harringtonia,Cephalotaxus harringtonia,Cephalotaxus,harringtonia,Cephalotaxaceae,,,,,,6360715,Q653466,,
gelsemium-sempervirens,Gelsemium sempervirens,Gelsemium,sempervirens,Gelsemiaceae,,,,,,3169513,Q978130,,
verbena-hastata,Verbena hastata,Verbena,hastata,Verbenaceae,,,,,,2925527,Q384029,,
nuphar-pumila,Nuphar pumila,Nuphar,pumila,Nymphaeaceae,,,,,,6435002,Q149337,,
drosanthemum-floribundum,Drosanthemum floribundum,Drosanthemum,floribundum,Aizoaceae,,,,,,3084872,Q5814336,,
ratibida-columnifera,Ratibida columnifera,Ratibida,columnifera,Asteraceae,,,,,,3087173,Q7295703,,
dianthus-gratianopolitanus,Dianthus gratianopolitanus,Dianthus,gratianopolitanus,Caryophyllaceae,,,,,,6364219,Q122778,,
lycoris-radiata,Lycoris radiata,Lycoris,radiata,Amaryllidaceae,,,,,,7920353,Q161828,,
nemophila-menziesii,Nemophila menziesii,Nemophila,menziesii,Hydrophyllaceae,,,,,,2928026,Q4838435,,
ipomoea-quamoclit,Ipomoea quamoclit,Ipomoea,quamoclit,Convolvulaceae,,,,,,2928562,Q311056,,
clematis-terniflora,Clematis terniflora,Clematis,terniflora,Ranunculaceae,,,,,,3033546,Q3281716,,
helichrysum-petiolare,Helichrysum petiolare,Helichrysum,petiolare,Asteraceae,,,,,,3131367,Q1549327,,
polystichum-munitum,Polystichum munitum,Polystichum,munitum,Dryopteridaceae,,,,,,2651122,Q2273822,,
prunus-x-yedoensis,Prunus × yedoensis,Prunus,yedoensis,Rosaceae,,,,,,3021335,Q163078,,
osmoxylon-lineare,Osmoxylon lineare,Osmoxylon,lineare,Araliaceae,,,,,,3037188,Q11800500,,
melianthus-major,Melianthus major,Melianthus,major,Melianthaceae,,,,,,3845298,Q1627106,,
zanthoxylum-beecheyanum,Zanthoxylum beecheyanum,Zanthoxylum,beecheyanum,Rutaceae,,,,,,3832851,Q18083681,,
eucalyptus-sideroxylon,Eucalyptus sideroxylon,Eucalyptus,sideroxylon,Myrtaceae,,,,,,3177189,Q2667019,,
lilium-longiflorum,Lilium longiflorum,Lilium,longiflorum,Liliaceae,,,,,,2753336,Q311206,,
harpephyllum-afrum,Harpephyllum afrum,Harpephyllum,afrum,,,,,,,,Q13036372,,
acer-circinatum,Acer circinatum,Acer,circinatum,Sapindaceae,,,,,,3189884,Q568923,,
sphaeropteris-cooperi,Sphaeropteris cooperi,Sphaeropteris,cooperi,Cyatheaceae,,,,,,5274893,Q15578405,,
piper-auritum,Piper auritum,Piper,auritum,Piperaceae,,,,,,3086352,Q585844,,
asclepias-fascicularis,Asclepias fascicularis,Asclepias,fascicularis,Apocynaceae,,,,,,3170291,Q310051,,
quercus-garryana,Quercus garryana,Quercus,garryana,Fagaceae,,,,,,2879260,Q2029492,,
swietenia-mahagoni,Swietenia mahagoni,Swietenia,mahagoni,Meliaceae,,,,,,3190485,Q1247582,,
trimezia-gracilis,Trimezia gracilis,Trimezia,gracilis,Iridaceae,,,,,,10976814,Q89268915,,
podophyllum-peltatum,Podophyllum peltatum,Podophyllum,peltatum,Berberidaceae,,,,,,3033839,Q1572090,,
crassula-tetragona,Crassula tetragona,Crassula,tetragona,Crassulaceae,,,,,,7172747,Q4450853,,
hedera-canariensis,Hedera canariensis,Hedera,canariensis,Araliaceae,,,,,,3036170,Q3123106,,
drimiopsis-maculata,Drimiopsis maculata,Drimiopsis,maculata,Asparagaceae,,,,,,2776471,Q15510739,,
pilea-microphylla,Pilea microphylla,Pilea,microphylla,Urticaceae,,,,,,5361841,Q3023762,,
zingiber-spectabile,Zingiber spectabile,Zingiber,spectabile,Zingiberaceae,,,,,,2757200,Q3575575,,
astilbe-chinensis,Astilbe chinensis,Astilbe,chinensis,Saxifragaceae,,,,,,7339513,Q164922,,
polystichum-acrostichoides,Polystichum acrostichoides,Polystichum,acrostichoides,Dryopteridaceae,,,,,,2651098,Q7226975,,
chrysothemis-pulchella,Chrysothemis pulchella,Chrysothemis,pulchella,Gesneriaceae,,,,,,5415336,Q5114964,,
aesculus-californica,Aesculus californica,Aesculus,californica,Sapindaceae,,,,,,3189813,Q540646,,
prunus-tomentosa,Prunus tomentosa,Prunus,tomentosa,Rosaceae,,,,,,3020838,Q627393,,
casimiroa-edulis,Casimiroa edulis,Casimiroa,edulis,Rutaceae,,,,,,3190134,Q2312704,,
melaleuca-armillaris,Melaleuca armillaris,Melaleuca,armillaris,Myrtaceae,,,,,,5415719,Q145525,,
prunus-caroliniana,Prunus caroliniana,Prunus,caroliniana,Rosaceae,,,,,,3023558,Q501671,,
tradescantia-fluminensis,Tradescantia fluminensis,Tradescantia,fluminensis,Commelinaceae,,,,,,2765156,Q601079,,
cassia-bakeriana,Cassia bakeriana,Cassia,bakeriana,Fabaceae,,,,,,5357132,Q13012773,,
castanea-dentata,Castanea dentata,Castanea,dentata,Fagaceae,,,,,,5333230,Q468698,,
euphorbia-leucocephala,Euphorbia leucocephala,Euphorbia,leucocephala,Euphorbiaceae,,,,,,3066435,Q3060412,,
pittosporum-crassifolium,Pittosporum crassifolium,Pittosporum,crassifolium,Pittosporaceae,,,,,,2986285,Q15589244,,
chamaecrista-fasciculata,Chamaecrista fasciculata,Chamaecrista,fasciculata,Fabaceae,,,,,,2949728,Q5069341,,
tetradenia-riparia,Tetradenia riparia,Tetradenia,riparia,Lamiaceae,,,,,,5609418,Q10380975,,
packera-aurea,Packera aurea,Packera,aurea,Asteraceae,,,,,,3114043,Q7122951,,
podocarpus-totara,Podocarpus totara,Podocarpus,totara,Podocarpaceae,,,,,,5286079,Q164276,,
prunus-mexicana,Prunus mexicana,Prunus,mexicana,Rosaceae,,,,,,3022317,Q3011509,,
helenium-autumnale,Helenium autumnale,Helenium,autumnale,Asteraceae,,,,,,5401877,Q1520938,,
quercus-coccinea,Quercus coccinea,Quercus,coccinea,Fagaceae,,,,,,8326061,Q854714,,
rubus-rolfei,Rubus rolfei,Rubus,rolfei,Rosaceae,,,,,,2994134,Q15248609,,
sedum-burrito,Sedum burrito,Sedum,burrito,Crassulaceae,,,,,,5690519,Q15485390,,
crataegus-crus-galli,Crataegus crus-galli,Crataegus,crus-galli,Rosaceae,,,,,,3013404,Q916961,,
aleurites-moluccanus,Aleurites moluccanus,Aleurites,moluccanus,Euphorbiaceae,,,,,,4930679,Q1160961,,
albizia-lebbeck,Albizia lebbeck,Albizia,lebbeck,Fabaceae,,,,,,2973215,Q2717846,,
persicaria-capitata,Persicaria capitata,Persicaria,capitata,Polygonaceae,,,,,,2889304,Q144262,,
gossypium-hirsutum,Gossypium hirsutum,Gossypium,hirsutum,Malvaceae,,,,,,3152661,Q133481,,
neoregelia-carolinae,Neoregelia carolinae,Neoregelia,carolinae,Bromeliaceae,,,,,,2694159,Q3338220,,
wisteria-frutescens,Wisteria frutescens,Wisteria,frutescens,Fabaceae,,,,,,2977310,Q8027753,,
fuchsia-boliviana,Fuchsia boliviana,Fuchsia,boliviana,Onagraceae,,,,,,5938225,Q164832,,
ehretia-anacua,Ehretia anacua,Ehretia,anacua,Ehretiaceae,,,,,,2926379,Q3010248,,
pachycereus-pringlei,Pachycereus pringlei,Pachycereus,pringlei,Cactaceae,,,,,,7282285,Q285324,,
hardenbergia-violacea,Hardenbergia violacea,Hardenbergia,violacea,Fabaceae,,,,,,2948698,Q386546,,
schizachyrium-scoparium,Schizachyrium scoparium,Schizachyrium,scoparium,Poaceae,,,,,,2704432,Q3013856,,
syzygium-malaccense,Syzygium malaccense,Syzygium,malaccense,Myrtaceae,,,,,,3184509,Q31936,,
amelanchier-alnifolia,Amelanchier alnifolia,Amelanchier,alnifolia,Rosaceae,,,,,,8168485,Q164158,,
vachellia-farnesiana,Vachellia farnesiana,Vachellia,farnesiana,Fabaceae,,,,,,2979265,Q23055981,,
salix-mesnyi,Salix mesnyi,Salix,mesnyi,Salicaceae,,,,,,5583457,Q15230906,,
vaccinium-ovatum,Vaccinium ovatum,Vaccinium,ovatum,Ericaceae,,,,,,2882838,Q7907967,,
gilia-capitata,Gilia capitata,Gilia,capitata,Polemoniaceae,,,,,,5341548,Q5561826,,
serissa-japonica,Serissa japonica,Serissa,japonica,Rubiaceae,,,,,,12254482,Q1556733,,
hosta-sieboldiana,Hosta sieboldiana,Hosta,sieboldiana,Asparagaceae,,,,,,5303933,Q882424,,
rudbeckia-subtomentosa,Rudbeckia subtomentosa,Rudbeckia,subtomentosa,Asteraceae,,,,,,3114221,Q15550181,,
carpenteria-californica,Carpenteria californica,Carpenteria,californica,Hydrangeaceae,,,,,,5362086,Q15324410,,
brugmansia-insignis,Brugmansia insignis,Brugmansia,insignis,Solanaceae,,,,,,7509313,Q4978680,,
gloriosa-superba,Gloriosa superba,Gloriosa,superba,Colchicaceae,,,,,,2740024,Q2175092,,
magnolia-x-alba,Magnolia × alba,Magnolia,alba,Magnoliaceae,,,,,,3987892,Q2221893,,
graptophyllum-pictum,Graptophyllum pictum,Graptophyllum,pictum,Acanthaceae,,,,,,3173137,Q2649413,,
erythrina-afra,Erythrina afra,Erythrina,afra,,,,,,,,Q1955238,,
pycnanthemum-tenuifolium,Pycnanthemum tenuifolium,Pycnanthemum,tenuifolium,Lamiaceae,,,,,,2927347,Q7262901,,
acacia-confusa,Acacia confusa,Acacia,confusa,Fabaceae,,,,,,2978466,Q1316058,,
ficus-rubiginosa,Ficus rubiginosa,Ficus,rubiginosa,Moraceae,,,,,,5361929,Q2740464,,
magnolia-tripetala,Magnolia tripetala,Magnolia,tripetala,Magnoliaceae,,,,,,3153215,Q990982,,
trillium-grandiflorum,Trillium grandiflorum,Trillium,grandiflorum,Melanthiaceae,,,,,,2742283,Q1548077,,
malephora-crocea,Malephora crocea,Malephora,crocea,Aizoaceae,,,,,,3084858,Q9027146,,
aechmea-blanchetiana,Aechmea blanchetiana,Aechmea,blanchetiana,Bromeliaceae,,,,,,2698340,Q2705557,,
schinus-areira,Schinus areira,Schinus,areira,Anacardiaceae,,,,,,3661832,Q9075002,,
salvia-mexicana,Salvia mexicana,Salvia,mexicana,Lamiaceae,,,,,,8104661,Q7406836,,
melaleuca-bracteata,Melaleuca bracteata,Melaleuca,bracteata,Myrtaceae,,,,,,5416153,Q15369918,,
asclepias-subulata,Asclepias subulata,Asclepias,subulata,Apocynaceae,,,,,,3170301,Q292359,,
calliandra-tergemina,Calliandra tergemina,Calliandra,tergemina,Fabaceae,,,,,,2981879,Q5021966,,
syzygium-samarangense,Syzygium samarangense,Syzygium,samarangense,Myrtaceae,,,,,,3183180,Q11643111,,
melaleuca-alternifolia,Melaleuca alternifolia,Melaleuca,alternifolia,Myrtaceae,,,,,,5416091,Q782073,,
sabal-minor,Sabal minor,Sabal,minor,Arecaceae,,,,,,2732511,Q244278,,
galium-odoratum,Galium odoratum,Galium,odoratum,Rubiaceae,,,,,,2914642,Q161090,,
wallisia-cyanea,Wallisia cyanea,Wallisia,cyanea,Bromeliaceae,,,,,,9556126,Q64683022,,
salvia-azurea,Salvia azurea,Salvia,azurea,Lamiaceae,,,,,,8283204,Q768344,,
pinus-torreyana,Pinus torreyana,Pinus,torreyana,Pinaceae,,,,,,5285764,Q2746149,,
dichondra-argentea,Dichondra argentea,Dichondra,argentea,Convolvulaceae,,,,,,2928668,Q5805594,,
lagenaria-siceraria,Lagenaria siceraria,Lagenaria,siceraria,Cucurbitaceae,,,,,,2874672,Q1277255,,
malpighia-glabra,Malpighia glabra,Malpighia,glabra,Malpighiaceae,,,,,,5421429,Q273742,,
myoporum-laetum,Myoporum laetum,Myoporum,laetum,Scrophulariaceae,,,,,,3172657,Q153042,,
nephelium-lappaceum,Nephelium lappaceum,Nephelium,lappaceum,Sapindaceae,,,,,,5421126,Q476864,,
lindera-benzoin,Lindera benzoin,Lindera,benzoin,Lauraceae,,,,,,5371740,Q3024124,,
abutilon-palmeri,Abutilon palmeri,Abutilon,palmeri,Malvaceae,,,,,,3152638,Q3282774,,
ipomoea-cairica,Ipomoea cairica,Ipomoea,cairica,Convolvulaceae,,,,,,2928531,Q311175,,
rivina-humilis,Rivina humilis,Rivina,humilis,Phytolaccaceae,,,,,,3084027,Q886492,,
erigeron-glaucus,Erigeron glaucus,Erigeron,glaucus,Asteraceae,,,,,,3146888,Q254808,,
ledebouria-socialis,Ledebouria socialis,Ledebouria,socialis,Asparagaceae,,,,,,2773791,Q3497414,,
corylus-americana,Corylus americana,Corylus,americana,Betulaceae,,,,,,2876060,Q468659,,
phellodendron-amurense,Phellodendron amurense,Phellodendron,amurense,Rutaceae,,,,,,3190154,Q481711,,
sedum-sarmentosum,Sedum sarmentosum,Sedum,sarmentosum,Crassulaceae,,,,,,5362004,Q779570,,
bletilla-striata,Bletilla striata,Bletilla,striata,Orchidaceae,,,,,,2808791,Q159003,,
chrysobalanus-icaco,Chrysobalanus icaco,Chrysobalanus,icaco,Chrysobalanaceae,,,,,,2985082,Q577669,,
thalia-dealbata,Thalia dealbata,Thalia,dealbata,Marantaceae,,,,,,5303040,Q3519465,,
pinus-parviflora,Pinus parviflora,Pinus,parviflora,Pinaceae,,,,,,5285589,Q178116,,
barringtonia-asiatica,Barringtonia asiatica,Barringtonia,asiatica,Lecythidaceae,,,,,,3082920,Q311468,,
quercus-lobata,Quercus lobata,Quercus,lobata,Fagaceae,,,,,,2878373,Q1377986,,
aristolochia-littoralis,Aristolochia littoralis,Aristolochia,littoralis,Aristolochiaceae,,,,,,2873993,Q50827133,,
malus-angustifolia,Malus angustifolia,Malus,angustifolia,Rosaceae,,,,,,3001548,Q4535958,,
sarracenia-leucophylla,Sarracenia leucophylla,Sarracenia,leucophylla,Sarraceniaceae,,,,,,5421380,Q1752921,,
polyscias-guilfoylei,Polyscias guilfoylei,Polyscias,guilfoylei,Araliaceae,,,,,,3035681,Q7226925,,
philadelphus-lewisii,Philadelphus lewisii,Philadelphus,lewisii,Hydrangeaceae,,,,,,2986027,Q7182890,,
aloe-ferox,Aloe ferox,Aloe,ferox,Asphodelaceae,,,,,,2777789,Q1194889,,
taxodium-ascendens,Taxodium ascendens,Taxodium,ascendens,Cupressaceae,,,,,,2684195,Q759873,,
dysphania-ambrosioides,Dysphania ambrosioides,Dysphania,ambrosioides,Amaranthaceae,,,,,,5568446,Q640032,,
morus-indica,Morus indica,Morus,indica,Moraceae,,,,,,5569978,Q21977492,,
symphyotrichum-laeve,Symphyotrichum laeve,Symphyotrichum,laeve,Asteraceae,,,,,,8421156,Q544417,,
heliconia-bihai,Heliconia bihai,Heliconia,bihai,Heliconiaceae,,,,,,2760874,Q2727878,,
scutellaria-incana,Scutellaria incana,Scutellaria,incana,Lamiaceae,,,,,,5341378,Q7439562,,
muntingia-calabura,Muntingia calabura,Muntingia,calabura,Muntingiaceae,,,,,,3152036,Q1915507,,
phoenix-sylvestris,Phoenix sylvestris,Phoenix,sylvestris,Arecaceae,,,,,,5293177,Q2285767,,
lilium-formosanum,Lilium formosanum,Lilium,formosanum,Liliaceae,,,,,,2753371,Q7216343,,
amorpha-fruticosa,Amorpha fruticosa,Amorpha,fruticosa,Fabaceae,,,,,,5357407,Q157983,,
erythrostemon-mexicanus,Erythrostemon mexicanus,Erythrostemon,mexicanus,Fabaceae,,,,,,9619402,Q42672348,,
berberis-repens,Berberis repens,Berberis,repens,Berberidaceae,,,,,,3033850,Q17792701,,
brachychiton-rupestris,Brachychiton rupestris,Brachychiton,rupestris,Malvaceae,,,,,,3670980,Q2662709,,
mimosa-pudica,Mimosa pudica,Mimosa,pudica,Fabaceae,,,,,,2969284,Q148532,,
tradescantia-ohiensis,Tradescantia ohiensis,Tradescantia,ohiensis,Commelinaceae,,,,,,2765175,Q7832190,,
trichocereus-spachianus,Trichocereus spachianus,Trichocereus,spachianus,Cactaceae,,,,,,10987750,Q41793324,,
paubrasilia-echinata,Paubrasilia echinata,Paubrasilia,echinata,Fabaceae,,,,,,9119360,Q42675898,,
iris-douglasiana,Iris douglasiana,Iris,douglasiana,Iridaceae,,,,,,5298502,Q6070349,,
dicentra-eximia,Dicentra eximia,Dicentra,eximia,Papaveraceae,,,,,,2888546,Q5272370,,
calliandra-selloi,Calliandra selloi,Calliandra,selloi,Fabaceae,,,,,,2981788,Q50828232,,
thespesia-populnea,Thespesia populnea,Thespesia,populnea,Malvaceae,,,,,,3152795,Q715739,,
brugmansia-suaveolens,Brugmansia suaveolens,Brugmansia,suaveolens,Solanaceae,,,,,,5341758,Q3314772,,
prunus-salicina,Prunus salicina,Prunus,salicina,Rosaceae,,,,,,3021120,Q1250033,,
diplacus-aurantiacus,Diplacus aurantiacus,Diplacus,aurantiacus,Phrymaceae,,,,,,5414628,Q22104145,,
pilea-nummulariifolia,Pilea nummulariifolia,Pilea,nummulariifolia,Urticaceae,,,,,,5361828,Q646721,,
cenchrus-alopecuroides,Cenchrus alopecuroides,Cenchrus,alopecuroides,Poaceae,,,,,,5671747,,,
salvia-mellifera,Salvia mellifera,Salvia,mellifera,Lamiaceae,,,,,,2926986,Q3009692,,
euphorbia-neriifolia,Euphorbia neriifolia,Euphorbia,neriifolia,Euphorbiaceae,,,,,,3064865,Q9256163,,
cotinus-obovatus,Cotinus obovatus,Cotinus,obovatus,Anacardiaceae,,,,,,3190520,Q5175390,,
justicia-californica,Justicia californica,Justicia,californica,Acanthaceae,,,,,,3173092,Q3006248,,
dichorisandra-thyrsiflora,Dichorisandra thyrsiflora,Dichorisandra,thyrsiflora,Commelinaceae,,,,,,2763632,Q2843051,,
allium-cernuum,Allium cernuum,Allium,cernuum,Amaryllidaceae,,,,,,2856745,Q10641333,,
anaphalis-margaritacea,Anaphalis margaritacea,Anaphalis,margaritacea,Asteraceae,,,,,,4926336,Q2365610,,
stachytarpheta-jamaicensis,Stachytarpheta jamaicensis,Stachytarpheta,jamaicensis,Verbenaceae,,,,,,2925463,Q3556295,,
myrcianthes-hallii,Myrcianthes hallii,Myrcianthes,hallii,Myrtaceae,,,,,,10243671,Q15382132,,
eutrochium-maculatum,Eutrochium maculatum,Eutrochium,maculatum,Asteraceae,,,,,,3138195,Q1951405,,
agathis-australis,Agathis australis,Agathis,australis,Araucariaceae,,,,,,5284415,Q955413,,
pinus-densiflora,Pinus densiflora,Pinus,densiflora,Pinaceae,,,,,,5285104,Q1044186,,
erysimum-capitatum,Erysimum capitatum,Erysimum,capitatum,Brassicaceae,,,,,,3048540,Q3025685,,
ficus-auriculata,Ficus auriculata,Ficus,auriculata,Moraceae,,,,,,5571773,Q4959177,,
quillaja-saponaria,Quillaja saponaria,Quillaja,saponaria,Quillajaceae,,,,,,3029379,Q2382775,,
ilex-x-meserveae,Ilex × meserveae,Ilex,meserveae,Aquifoliaceae,,,,,,5533814,Q11722911,,
dianella-ensifolia,Dianella ensifolia,Dianella,ensifolia,Asphodelaceae,,,,,,8365251,Q3026265,,
archontophoenix-cunninghamiana,Archontophoenix cunninghamiana,Archontophoenix,cunninghamiana,Arecaceae,,,,,,2732621,Q2860589,,
aronia-arbutifolia,Aronia arbutifolia,Aronia,arbutifolia,Rosaceae,,,,,,5363629,Q164891,,
cistus-creticus,Cistus creticus,Cistus,creticus,Cistaceae,,,,,,6438085,Q891305,,
stenocereus-thurberi,Stenocereus thurberi,Stenocereus,thurberi,Cactaceae,,,,,,3084384,Q1975128,,
plectranthus-ciliatus,Plectranthus ciliatus,Plectranthus,ciliatus,Lamiaceae,,,,,,3905482,Q15350560,,
festuca-glauca,Festuca glauca,Festuca,glauca,Poaceae,,,,,,2705031,Q944944,,
hydrangea-serrata,Hydrangea serrata,Hydrangea,serrata,Hydrangeaceae,,,,,,7319016,Q1006867,,
annona-montana,Annona montana,Annona,montana,Annonaceae,,,,,,5407165,Q311448,,
crassula-arborescens,Crassula arborescens,Crassula,arborescens,Crassulaceae,,,,,,7334487,Q2705184,,
agave-lophantha,Agave lophantha,Agave,lophantha,Asparagaceae,,,,,,2766526,Q21238123,,
koelreuteria-bipinnata,Koelreuteria bipinnata,Koelreuteria,bipinnata,Sapindaceae,,,,,,5421179,Q2902122,,
butia-odorata,Butia odorata,Butia,odorata,Arecaceae,,,,,,5950060,Q16539451,,
tristellateia-australasiae,Tristellateia australasiae,Tristellateia,australasiae,Malpighiaceae,,,,,,3983468,Q10866108,,
nepeta-x-faassenii,Nepeta × faassenii,Nepeta,faassenii,Lamiaceae,,,,,,7350989,,,
polyscias-balfouriana,Polyscias balfouriana,Polyscias,balfouriana,Araliaceae,,,,,,3035891,Q16957041,,
ceanothus-papillosus,Ceanothus papillosus,Ceanothus,papillosus,Rhamnaceae,,,,,,3039343,Q5055730,,
eutrochium-fistulosum,Eutrochium fistulosum,Eutrochium,fistulosum,Asteraceae,,,,,,3138201,Q15595494,,
tagetes-lunulata,Tagetes lunulata,Tagetes,lunulata,Asteraceae,,,,,,3088477,Q15586061,,
goeppertia-majestica,Goeppertia majestica,Goeppertia,majestica,Marantaceae,,,,,,8299888,Q50841682,,
brasiliopuntia-brasiliensis,Brasiliopuntia brasiliensis,Brasiliopuntia,brasiliensis,Cactaceae,,,,,,7530646,Q135539,,
sphaeralcea-ambigua,Sphaeralcea ambigua,Sphaeralcea,ambigua,Malvaceae,,,,,,3152473,Q3493094,,
geranium-maderense,Geranium maderense,Geranium,maderense,Geraniaceae,,,,,,2890983,Q3123696,,
filipendula-rubra,Filipendula rubra,Filipendula,rubra,Rosaceae,,,,,,2988113,Q5448566,,
urceolina-amazonica,Urceolina amazonica,Urceolina,amazonica,Amaryllidaceae,,,,,,10989209,Q89271040,,
calycanthus-occidentalis,Calycanthus occidentalis,Calycanthus,occidentalis,Calycanthaceae,,,,,,3034110,Q10786205,,
calliandra-surinamensis,Calliandra surinamensis,Calliandra,surinamensis,Fabaceae,,,,,,2982188,Q159761,,
spondias-purpurea,Spondias purpurea,Spondias,purpurea,Anacardiaceae,,,,,,3190598,Q1424396,,
trimezia-northiana,Trimezia northiana,Trimezia,northiana,Iridaceae,,,,,,2745725,Q110160038,,
crocosmia-masoniorum,Crocosmia masoniorum,Crocosmia,masoniorum,Iridaceae,,,,,,2747946,Q15559630,,
pycnanthemum-virginianum,Pycnanthemum virginianum,Pycnanthemum,virginianum,Lamiaceae,,,,,,2927376,Q7262902,,
victoria-amazonica,Victoria amazonica,Victoria,amazonica,Nymphaeaceae,,,,,,5553148,Q162070,,
frangula-californica,Frangula californica,Frangula,californica,Rhamnaceae,,,,,,3039459,Q15539781,,
lomandra-longifolia,Lomandra longifolia,Lomandra,longifolia,Asparagaceae,,,,,,2770914,Q6669134,,
ruellia-humilis,Ruellia humilis,Ruellia,humilis,Acanthaceae,,,,,,5415395,Q814412,,
iris-cristata,Iris cristata,Iris,cristata,Iridaceae,,,,,,8271039,Q6070337,,
wrightia-antidysenterica,Wrightia antidysenterica,Wrightia,antidysenterica,Apocynaceae,,,,,,5535420,Q2248340,,
trimezia-candida,Trimezia candida,Trimezia,candida,Iridaceae,,,,,,2745682,Q110972381,,
oxydendrum-arboreum,Oxydendrum arboreum,Oxydendrum,arboreum,Ericaceae,,,,,,2882708,Q48677,,
eranthemum-pulchellum,Eranthemum pulchellum,Eranthemum,pulchellum,Acanthaceae,,,,,,3172936,Q15320545,,
euphorbia-graminea,Euphorbia graminea,Euphorbia,graminea,Euphorbiaceae,,,,,,3064170,Q8846346,,
passiflora-tripartita,Passiflora tripartita,Passiflora,tripartita,Passifloraceae,,,,,,7152132,Q3897284,,
narcissus-papyraceus,Narcissus papyraceus,Narcissus,papyraceus,Amaryllidaceae,,,,,,2858739,Q161450,,
acer-macrophyllum,Acer macrophyllum,Acer,macrophyllum,Sapindaceae,,,,,,3189835,Q599523,,
glandularia-canadensis,Glandularia canadensis,Glandularia,canadensis,Verbenaceae,,,,,,2925578,Q1721453,,
ochna-thomasiana,Ochna thomasiana,Ochna,thomasiana,Ochnaceae,,,,,,3189677,Q3348720,,
thalia-geniculata,Thalia geniculata,Thalia,geniculata,Marantaceae,,,,,,5303044,Q3519466,,
leea-guineensis,Leea guineensis,Leea,guineensis,Vitaceae,,,,,,4160417,Q10914832,,
podocarpus-henkelii,Podocarpus henkelii,Podocarpus,henkelii,Podocarpaceae,,,,,,5286114,Q5428443,,
quercus-velutina,Quercus velutina,Quercus,velutina,Fagaceae,,,,,,8086561,Q1001011,,
dahlia-imperialis,Dahlia imperialis,Dahlia,imperialis,Asteraceae,,,,,,8190990,Q5208908,,
aquilegia-formosa,Aquilegia formosa,Aquilegia,formosa,Ranunculaceae,,,,,,3033169,Q1093527,,
solidago-rigida,Solidago rigida,Solidago,rigida,Asteraceae,,,,,,5389156,Q15568528,,
heptacodium-miconioides,Heptacodium miconioides,Heptacodium,miconioides,Caprifoliaceae,,,,,,3855518,Q140334,,
datura-metel,Datura metel,Datura,metel,Solanaceae,,,,,,2928747,Q715019,,
xerochrysum-bracteatum,Xerochrysum bracteatum,Xerochrysum,bracteatum,Asteraceae,,,,,,3102871,Q15572857,,
galphimia-glauca,Galphimia glauca,Galphimia,glauca,Malpighiaceae,,,,,,7122389,Q15390111,,
artocarpus-treculianus,Artocarpus treculianus,Artocarpus,treculianus,Moraceae,,,,,,3763995,Q4801382,,
aesculus-flava,Aesculus flava,Aesculus,flava,Sapindaceae,,,,,,3189824,Q159620,,
ehretia-tinifolia,Ehretia tinifolia,Ehretia,tinifolia,Ehretiaceae,,,,,,7751398,Q15588975,,
inga-insignis,Inga insignis,Inga,insignis,Fabaceae,,,,,,5358024,Q15538363,,
cornus-nuttallii,Cornus nuttallii,Cornus,nuttallii,Cornaceae,,,,,,8288790,Q220777,,
muhlenbergia-lindheimeri,Muhlenbergia lindheimeri,Muhlenbergia,lindheimeri,Poaceae,,,,,,2703985,Q13933855,,
genista-monspessulana,Genista monspessulana,Genista,monspessulana,Fabaceae,,,,,,5347796,Q151046,,
opuntia-senilis,Opuntia senilis,Opuntia,senilis,,,,,,,,,,
clerodendrum-x-speciosum,Clerodendrum × speciosum,Clerodendrum,speciosum,Lamiaceae,,,,,,7363821,,,
dolichandra-unguis-cati,Dolichandra unguis-cati,Dolichandra,unguis-cati,Bignoniaceae,,,,,,5830619,Q3108604,,
bauhinia-galpinii,Bauhinia galpinii,Bauhinia,galpinii,Fabaceae,,,,,,2953703,Q2892020,,
datura-innoxia,Datura innoxia,Datura,innoxia,Solanaceae,,,,,,2928755,Q17464343,,
talinum-paniculatum,Talinum paniculatum,Talinum,paniculatum,Talinaceae,,,,,,3084672,Q7679537,,
stewartia-pseudocamellia,Stewartia pseudocamellia,Stewartia,pseudocamellia,Theaceae,,,,,,5528315,Q1041653,,
vitex-negundo,Vitex negundo,Vitex,negundo,Lamiaceae,,,,,,2925564,Q14807863,,
jatropha-gossypiifolia,Jatropha gossypiifolia,Jatropha,gossypiifolia,Euphorbiaceae,,,,,,3072900,Q3163048,,
leuenbergeria-bleo,Leuenbergeria bleo,Leuenbergeria,bleo,Cactaceae,,,,,,10629177,Q23055617,,
kalanchoe-sexangularis,Kalanchoe sexangularis,Kalanchoe,sexangularis,Crassulaceae,,,,,,7334146,Q1722032,,
delostoma-integrifolium,Delostoma integrifolium,Delostoma,integrifolium,Bignoniaceae,,,,,,4093319,Q3021777,,
malus-coronaria,Malus coronaria,Malus,coronaria,Rosaceae,,,,,,3001166,Q1936759,,
mimusops-elengi,Mimusops elengi,Mimusops,elengi,Sapotaceae,,,,,,2883768,L1375772-S1,,
campanula-medium,Campanula medium,Campanula,medium,Campanulaceae,,,,,,5411453,Q127555,,
passiflora-miniata,Passiflora miniata,Passiflora,miniata,Passifloraceae,,,,,,3587076,Q3447944,,
yucca-rostrata,Yucca rostrata,Yucca,rostrata,Asparagaceae,,,,,,2775576,Q310497,,
wrightia-religiosa,Wrightia religiosa,Wrightia,religiosa,Apocynaceae,,,,,,5536701,Q10789994,,
vanilla-planifolia,Vanilla planifolia,Vanilla,planifolia,Orchidaceae,,,,,,2803398,Q7224923,,
convolvulus-sabatius,Convolvulus sabatius,Convolvulus,sabatius,Convolvulaceae,,,,,,3678857,Q1788557,,
sabal-mexicana,Sabal mexicana,Sabal,mexicana,Arecaceae,,,,,,2732503,Q537305,,
nemophila-maculata,Nemophila maculata,Nemophila,maculata,Hydrophyllaceae,,,,,,2928034,Q10860459,,
rosa-chinensis,Rosa chinensis,Rosa,chinensis,Rosaceae,,,,,,3005039,Q344900,,
pseuderanthemum-maculatum,Pseuderanthemum maculatum,Pseuderanthemum,maculatum,Acanthaceae,,,,,,9450473,Q42711023,,
betonica-officinalis,Betonica officinalis,Betonica,officinalis,Lamiaceae,,,,,,2927280,Q21872006,,
ipomoea-tricolor,Ipomoea tricolor,Ipomoea,tricolor,Convolvulaceae,,,,,,2928589,Q159698,,
opuntia-lindheimeri,Opuntia lindheimeri,Opuntia,lindheimeri,Cactaceae,,,,,,5619968,Q14955003,,
dalbergia-sissoo,Dalbergia sissoo,Dalbergia,sissoo,Fabaceae,,,,,,2968532,Q1157813,,
passiflora-ligularis,Passiflora ligularis,Passiflora,ligularis,Passifloraceae,,,,,,2874198,Q917921,,
illicium-floridanum,Illicium floridanum,Illicium,floridanum,Schisandraceae,,,,,,2889758,Q840783,,
penstemon-hirsutus,Penstemon hirsutus,Penstemon,hirsutus,Plantaginaceae,,,,,,3171613,Q15351852,,
oxalis-debilis,Oxalis debilis,Oxalis,debilis,Oxalidaceae,,,,,,2891707,Q15346913,,
medinilla-formosana,Medinilla formosana,Medinilla,formosana,Melastomataceae,,,,,,3867134,Q10915089,,
nipponanthemum-nipponicum,Nipponanthemum nipponicum,Nipponanthemum,nipponicum,Asteraceae,,,,,,3151854,Q18667454,,
musa-velutina,Musa velutina,Musa,velutina,Musaceae,,,,,,2762971,Q3867465,,
dypsis-decaryi,Dypsis decaryi,Dypsis,decaryi,Arecaceae,,,,,,2736002,Q1054565,,
diervilla-lonicera,Diervilla lonicera,Diervilla,lonicera,Caprifoliaceae,,,,,,2888711,Q5274994,,
jatropha-multifida,Jatropha multifida,Jatropha,multifida,Euphorbiaceae,,,,,,3072985,Q2859740,,
neltuma-glandulosa,Neltuma glandulosa,Neltuma,glandulosa,Fabaceae,,,,,,5358457,,,
peperomia-urvilleana,Peperomia urvilleana,Peperomia,urvilleana,Piperaceae,,,,,,4189674,Q18034746,,
ostrya-virginiana,Ostrya virginiana,Ostrya,virginiana,Betulaceae,,,,,,5332289,Q1489573,,
sassafras-albidum,Sassafras albidum,Sassafras,albidum,Lauraceae,,,,,,3034002,Q584469,,
kalanchoe-marmorata,Kalanchoe marmorata,Kalanchoe,marmorata,Crassulaceae,,,,,,2985938,Q1722001,,
heritiera-littoralis,Heritiera littoralis,Heritiera,littoralis,Malvaceae,,,,,,7725132,Q2574713,,
hymenosporum-flavum,Hymenosporum flavum,Hymenosporum,flavum,Pittosporaceae,,,,,,8281671,Q2495026,,
berberis-oiwakensis,Berberis oiwakensis,Berberis,oiwakensis,Berberidaceae,,,,,,3981426,,,
crassula-muscosa,Crassula muscosa,Crassula,muscosa,Crassulaceae,,,,,,7396425,Q5182516,,
brunfelsia-uniflora,Brunfelsia uniflora,Brunfelsia,uniflora,Solanaceae,,,,,,2932913,Q148761,,
atocion-armeria,Atocion armeria,Atocion,armeria,Caryophyllaceae,,,,,,7268098,Q30578318,,
yucca-flaccida,Yucca flaccida,Yucca,flaccida,Asparagaceae,,,,,,2775530,Q2237972,,
carya-ovata,Carya ovata,Carya,ovata,Juglandaceae,,,,,,3054296,Q2601238,,
pinus-elliottii,Pinus elliottii,Pinus,elliottii,Pinaceae,,,,,,5285777,Q1249109,,
arachis-hypogaea,Arachis hypogaea,Arachis,hypogaea,Fabaceae,,,,,,5353770,L1375573-S1,,
encelia-californica,Encelia californica,Encelia,californica,Asteraceae,,,,,,3118771,Q5375329,,
ophiopogon-planiscapus,Ophiopogon planiscapus,Ophiopogon,planiscapus,Asparagaceae,,,,,,2774115,Q7097961,,
ixora-finlaysoniana,Ixora finlaysoniana,Ixora,finlaysoniana,Rubiaceae,,,,,,2905676,Q5923633,,
tradescantia-sillamontana,Tradescantia sillamontana,Tradescantia,sillamontana,Commelinaceae,,,,,,2765120,Q4461763,,
ligularia-dentata,Ligularia dentata,Ligularia,dentata,Asteraceae,,,,,,5395475,Q2614795,,
prunella-vulgaris,Prunella vulgaris,Prunella,vulgaris,Lamiaceae,,,,,,5341297,Q158469,,
helianthus-maximiliani,Helianthus maximiliani,Helianthus,maximiliani,Asteraceae,,,,,,3119206,Q5704865,,
melaleuca-cajuputi,Melaleuca cajuputi,Melaleuca,cajuputi,Myrtaceae,,,,,,5415885,Q2933398,,
phoenix-loureiroi,Phoenix loureiroi,Phoenix,loureiroi,Arecaceae,,,,,,5293119,Q7187040,,
cnidoscolus-aconitifolius,Cnidoscolus aconitifolius,Cnidoscolus,aconitifolius,Euphorbiaceae,,,,,,3073512,Q928244,,
juniperus-scopulorum,Juniperus scopulorum,Juniperus,scopulorum,Cupressaceae,,,,,,2684773,Q533674,,
diospyros-ferrea,Diospyros ferrea,Diospyros,ferrea,Ebenaceae,,,,,,3032960,Q15245351,,
turnera-subulata,Turnera subulata,Turnera,subulata,Turneraceae,,,,,,4161154,Q13016344,,
spondias-dulcis,Spondias dulcis,Spondias,dulcis,Anacardiaceae,,,,,,3190595,Q500383,,
physalis-philadelphica,Physalis philadelphica,Physalis,philadelphica,Solanaceae,,,,,,8969026,Q622525,,
petasites-japonicus,Petasites japonicus,Petasites,japonicus,Asteraceae,,,,,,3088310,Q1204762,,
tristaniopsis-laurina,Tristaniopsis laurina,Tristaniopsis,laurina,Myrtaceae,,,,,,3188062,Q3005022,,
chrysanthemum-indicum,Chrysanthemum indicum,Chrysanthemum,indicum,Asteraceae,,,,,,3150814,Q4157858,,
aloe-juvenna,Aloe juvenna,Aloe,juvenna,Asphodelaceae,,,,,,2777599,Q291572,,
anthurium-schlechtendalii,Anthurium schlechtendalii,Anthurium,schlechtendalii,Araceae,,,,,,2872288,Q15320329,,
echeveria-pulidonis,Echeveria pulidonis,Echeveria,pulidonis,Crassulaceae,,,,,,4199275,Q15484959,,
nyctocereus-serpentinus,Nyctocereus serpentinus,Nyctocereus,serpentinus,Cactaceae,,,,,,7280585,Q29557335,,
oxalis-corniculata,Oxalis corniculata,Oxalis,corniculata,Oxalidaceae,,,,,,8427624,Q162795,,
primula-meadia,Primula meadia,Primula,meadia,Primulaceae,,,,,,6390043,Q22108552,,
aloe-striata,Aloe striata,Aloe,striata,Asphodelaceae,,,,,,2778035,Q138180,,
acanthocereus-tetragonus,Acanthocereus tetragonus,Acanthocereus,tetragonus,Cactaceae,,,,,,3084455,Q149401,,
pittosporum-eugenioides,Pittosporum eugenioides,Pittosporum,eugenioides,Pittosporaceae,,,,,,4161770,Q7199141,,
centaurea-cineraria,Centaurea cineraria,Centaurea,cineraria,Asteraceae,,,,,,3128305,Q4117857,,
aquilegia-atrata,Aquilegia atrata,Aquilegia,atrata,Ranunculaceae,,,,,,3921447,Q149749,,
scilla-peruviana,Scilla peruviana,Scilla,peruviana,Asparagaceae,,,,,,2767432,Q2072707,,
abies-balsamea,Abies balsamea,Abies,balsamea,Pinaceae,,,,,,2685383,Q428023,,
tricyrtis-hirta,Tricyrtis hirta,Tricyrtis,hirta,Liliaceae,,,,,,2752087,Q1433082,,
monarda-bradburyana,Monarda bradburyana,Monarda,bradburyana,Lamiaceae,,,,,,5341418,,,
griselinia-littoralis,Griselinia littoralis,Griselinia,littoralis,Griseliniaceae,,,,,,5581563,Q5609634,,
syzygium-cordatum,Syzygium cordatum,Syzygium,cordatum,Myrtaceae,,,,,,8652576,Q2477640,,
calanthe-tankervilleae,Calanthe tankervilleae,Calanthe,tankervilleae,Orchidaceae,,,,,,12246654,Q106900696,,
rhopalostylis-sapida,Rhopalostylis sapida,Rhopalostylis,sapida,Arecaceae,,,,,,8532149,Q1990136,,
polygonatum-biflorum,Polygonatum biflorum,Polygonatum,biflorum,Asparagaceae,,,,,,2770039,Q4117736,,
dracaena-angustifolia,Dracaena angustifolia,Dracaena,angustifolia,Asparagaceae,,,,,,5304502,Q771512,,
solanum-quitoense,Solanum quitoense,Solanum,quitoense,Solanaceae,,,,,,6403105,Q795069,,
eriocapitella-x-hybrida,Eriocapitella × hybrida,Eriocapitella,hybrida,Ranunculaceae,,,,,,9673106,,,
prunus-ilicifolia,Prunus ilicifolia,Prunus,ilicifolia,Rosaceae,,,,,,3020610,Q2114443,,
cleistocactus-strausii,Cleistocactus strausii,Cleistocactus,strausii,Cactaceae,,,,,,3947777,Q144921,,
oncidium-sphacelatum,Oncidium sphacelatum,Oncidium,sphacelatum,Orchidaceae,,,,,,5322412,Q3005570,,
searsia-pendulina,Searsia pendulina,Searsia,pendulina,Anacardiaceae,,,,,,5544263,Q50869924,,
hypoestes-aristata,Hypoestes aristata,Hypoestes,aristata,Acanthaceae,,,,,,7264156,Q5905797,,
eucalyptus-polyanthemos,Eucalyptus polyanthemos,Eucalyptus,polyanthemos,Myrtaceae,,,,,,3176703,Q2666533,,
leonotis-nepetifolia,Leonotis nepetifolia,Leonotis,nepetifolia,Lamiaceae,,,,,,4924659,Q2512194,,
alnus-acuminata,Alnus acuminata,Alnus,acuminata,Betulaceae,,,,,,2876131,Q3926843,,
zantedeschia-albomaculata,Zantedeschia albomaculata,Zantedeschia,albomaculata,Araceae,,,,,,2868796,Q4023818,,
haworthiopsis-limifolia,Haworthiopsis limifolia,Haworthiopsis,limifolia,Asphodelaceae,,,,,,9509404,Q39865426,,
phyla-nodiflora,Phyla nodiflora,Phyla,nodiflora,Verbenaceae,,,,,,5341112,Q3273836,,
morella-californica,Morella californica,Morella,californica,Myricaceae,,,,,,3168990,Q17252791,,
keteleeria-davidiana,Keteleeria davidiana,Keteleeria,davidiana,Pinaceae,,,,,,2685721,Q137004,,
gaudium-laevigatum,Gaudium laevigatum,Gaudium,laevigatum,,,,,,,,,,
coleus-hadiensis,Coleus hadiensis,Coleus,hadiensis,Lamiaceae,,,,,,10964472,Q88986463,,
pinus-palustris,Pinus palustris,Pinus,palustris,Pinaceae,,,,,,5285816,Q148542,,
centratherum-punctatum,Centratherum punctatum,Centratherum,punctatum,Asteraceae,,,,,,3090864,Q15546599,,
brachychiton-discolor,Brachychiton discolor,Brachychiton,discolor,Malvaceae,,,,,,7426033,Q287052,,
arundo-donax,Arundo donax,Arundo,donax,Poaceae,,,,,,2703041,Q161114,,
senna-multiglandulosa,Senna multiglandulosa,Senna,multiglandulosa,Fabaceae,,,,,,2957656,Q7450839,,
pinus-brutia,Pinus brutia,Pinus,brutia,Pinaceae,,,,,,5285710,Q628329,,
inga-edulis,Inga edulis,Inga,edulis,Fabaceae,,,,,,5357677,Q138183,,
kalanchoe-gastonis-bonnieri,Kalanchoe gastonis-bonnieri,Kalanchoe,gastonis-bonnieri,Crassulaceae,,,,,,2985946,Q1721984,,
artemisia-ludoviciana,Artemisia ludoviciana,Artemisia,ludoviciana,Asteraceae,,,,,,3120950,Q2716821,,
libidibia-ferrea,Libidibia ferrea,Libidibia,ferrea,Fabaceae,,,,,,5832783,Q29549903,,
leucospermum-cordifolium,Leucospermum cordifolium,Leucospermum,cordifolium,Proteaceae,,,,,,3997490,Q3642251,,
passiflora-alata,Passiflora alata,Passiflora,alata,Passifloraceae,,,,,,2874181,Q2914497,,
malus-ioensis,Malus ioensis,Malus,ioensis,Rosaceae,,,,,,3001596,Q3332919,,
viburnum-dentatum,Viburnum dentatum,Viburnum,dentatum,Viburnaceae,,,,,,2888594,Q4115036,,
silene-regia,Silene regia,Silene,regia,Caryophyllaceae,,,,,,5384746,Q7514491,,
pelargonium-cucullatum,Pelargonium cucullatum,Pelargonium,cucullatum,Geraniaceae,,,,,,7268508,Q3898876,,
microsorum-scolopendria,Microsorum scolopendria,Microsorum,scolopendria,Polypodiaceae,,,,,,2650532,Q15248487,,
roseodendron-donnell-smithii,Roseodendron donnell-smithii,Roseodendron,donnell-smithii,Bignoniaceae,,,,,,3172541,Q15551903,,
polyscias-scutellaria,Polyscias scutellaria,Polyscias,scutellaria,Araliaceae,,,,,,3035778,Q3024559,,
sedum-dendroideum,Sedum dendroideum,Sedum,dendroideum,Crassulaceae,,,,,,5361995,Q7445422,,
heterotis-rotundifolia,Heterotis rotundifolia,Heterotis,rotundifolia,Melastomataceae,,,,,,5599385,Q15390985,,
hedychium-gardnerianum,Hedychium gardnerianum,Hedychium,gardnerianum,Zingiberaceae,,,,,,2758700,Q3142116,,
pereskia-aculeata,Pereskia aculeata,Pereskia,aculeata,Cactaceae,,,,,,5384215,Q134422,,
cleomella-arborea,Cleomella arborea,Cleomella,arborea,Cleomaceae,,,,,,7893492,Q42734327,,
phlox-drummondii,Phlox drummondii,Phlox,drummondii,Polemoniaceae,,,,,,2927723,Q164835,,
ceanothus-americanus,Ceanothus americanus,Ceanothus,americanus,Rhamnaceae,,,,,,3039318,Q5055704,,
salvia-lyrata,Salvia lyrata,Salvia,lyrata,Lamiaceae,,,,,,2927027,Q5963510,,
calliandra-eriophylla,Calliandra eriophylla,Calliandra,eriophylla,Fabaceae,,,,,,2982181,Q2709989,,
ardisia-crenata,Ardisia crenata,Ardisia,crenata,Primulaceae,,,,,,5414379,Q163675,,
echeveria-runyonii,Echeveria runyonii,Echeveria,runyonii,Crassulaceae,,,,,,7334164,Q5332387,,
sixalix-atropurpurea,Sixalix atropurpurea,Sixalix,atropurpurea,Caprifoliaceae,,,,,,7301010,Q17436334,,
fraxinus-berlandieriana,Fraxinus berlandieriana,Fraxinus,berlandieriana,Oleaceae,,,,,,3172326,Q16753004,,
iris-versicolor,Iris versicolor,Iris,versicolor,Iridaceae,,,,,,5298019,Q164844,,
elaeocarpus-decipiens,Elaeocarpus decipiens,Elaeocarpus,decipiens,Elaeocarpaceae,,,,,,7291057,Q18009882,,
cleistocactus-colademononis,Cleistocactus colademononis,Cleistocactus,colademononis,Cactaceae,,,,,,7281482,Q1099707,,
salvia-hispanica,Salvia hispanica,Salvia,hispanica,Lamiaceae,,,,,,2926992,Q1071585,,
rosa-setigera,Rosa setigera,Rosa,setigera,Rosaceae,,,,,,3004638,Q3442147,,
glandularia-lilacina,Glandularia lilacina,Glandularia,lilacina,Verbenaceae,,,,,,4085901,Q15494054,,
acer-nigrum,Acer nigrum,Acer,nigrum,Sapindaceae,,,,,,3189854,Q9578380,,
buddleja-coriacea,Buddleja coriacea,Buddleja,coriacea,Scrophulariaceae,,,,,,4055468,Q1001080,,
cornus-alternifolia,Cornus alternifolia,Cornus,alternifolia,Cornaceae,,,,,,3082242,Q639615,,
salix-humboldtiana,Salix humboldtiana,Salix,humboldtiana,Salicaceae,,,,,,5372914,Q2889020,,
lupinus-texensis,Lupinus texensis,Lupinus,texensis,Fabaceae,,,,,,2963880,Q4115567,,
rhododendron-occidentale,Rhododendron occidentale,Rhododendron,occidentale,Ericaceae,,,,,,2883077,Q1129673,,
disocactus-ackermannii,Disocactus ackermannii,Disocactus,ackermannii,Cactaceae,,,,,,7649247,Q139813,,
tricyrtis-formosana,Tricyrtis formosana,Tricyrtis,formosana,Liliaceae,,,,,,2752120,Q3539076,,
gypsophila-paniculata,Gypsophila paniculata,Gypsophila,paniculata,Caryophyllaceae,,,,,,5384458,Q162134,,
veronica-stricta,Veronica stricta,Veronica,stricta,Plantaginaceae,,,,,,7861306,Q87627267,,
ageratina-altissima,Ageratina altissima,Ageratina,altissima,Asteraceae,,,,,,5400552,Q3271463,,
dicentra-formosa,Dicentra formosa,Dicentra,formosa,Papaveraceae,,,,,,2888553,Q1871251,,
chlorophytum-laxum,Chlorophytum laxum,Chlorophytum,laxum,Asparagaceae,,,,,,2774395,Q15224947,,
nephrolepis-falcata,Nephrolepis falcata,Nephrolepis,falcata,Nephrolepidaceae,,,,,,2650928,Q15240299,,
dracaena-cochinchinensis,Dracaena cochinchinensis,Dracaena,cochinchinensis,Asparagaceae,,,,,,5304529,Q10899151,,
phoenix-reclinata,Phoenix reclinata,Phoenix,reclinata,Arecaceae,,,,,,5293164,Q161241,,
onoclea-sensibilis,Onoclea sensibilis,Onoclea,sensibilis,Onocleaceae,,,,,,2650903,Q718312,,
eucalyptus-cladocalyx,Eucalyptus cladocalyx,Eucalyptus,cladocalyx,Myrtaceae,,,,,,3176313,Q5405566,,
ilex-rotunda,Ilex rotunda,Ilex,rotunda,Aquifoliaceae,,,,,,7154501,Q844306,,
tabernaemontana-pandacaqui,Tabernaemontana pandacaqui,Tabernaemontana,pandacaqui,Apocynaceae,,,,,,7792065,Q14862280,,
thrinax-radiata,Thrinax radiata,Thrinax,radiata,Arecaceae,,,,,,6109608,Q3525968,,
polystichum-polyblepharon,Polystichum polyblepharon,Polystichum,polyblepharon,Dryopteridaceae,,,,,,7158449,,,
fragaria-virginiana,Fragaria virginiana,Fragaria,virginiana,Rosaceae,,,,,,7950792,Q978247,,
opuntia-monacantha,Opuntia monacantha,Opuntia,monacantha,Cactaceae,,,,,,5384142,Q311192,,
sidneya-tenuifolia,Sidneya tenuifolia,Sidneya,tenuifolia,Asteraceae,,,,,,9292233,Q43375305,,
ptelea-trifoliata,Ptelea trifoliata,Ptelea,trifoliata,Rutaceae,,,,,,3190411,Q1326200,,
averrhoa-bilimbi,Averrhoa bilimbi,Averrhoa,bilimbi,Oxalidaceae,,,,,,2891640,Q237465,,
fraxinus-velutina,Fraxinus velutina,Fraxinus,velutina,Oleaceae,,,,,,3172334,Q258068,,
dimorphotheca-sinuata,Dimorphotheca sinuata,Dimorphotheca,sinuata,Asteraceae,,,,,,5402350,Q1017366,,
ferocactus-wislizeni,Ferocactus wislizeni,Ferocactus,wislizeni,Cactaceae,,,,,,3084153,Q147282,,
cephalanthus-tetrandrus,Cephalanthus tetrandrus,Cephalanthus,tetrandrus,Rubiaceae,,,,,,2923940,Q15239795,,
radermachera-hainanensis,Radermachera hainanensis,Radermachera,hainanensis,Bignoniaceae,,,,,,4092385,Q11150181,,
opuntia-cespitosa,Opuntia cespitosa,Opuntia,cespitosa,Cactaceae,,,,,,5619414,Q49000929,,
pentalinon-luteum,Pentalinon luteum,Pentalinon,luteum,Apocynaceae,,,,,,3169681,Q7165009,,
adiantum-pedatum,Adiantum pedatum,Adiantum,pedatum,Pteridaceae,,,,,,2651832,Q1199865,,
populus-fremontii,Populus fremontii,Populus,fremontii,Salicaceae,,,,,,3040237,Q3838136,,
dasylirion-acrotrichum,Dasylirion acrotrichum,Dasylirion,acrotrichum,Asparagaceae,,,,,,2772610,Q151206,,
hedera-algeriensis,Hedera algeriensis,Hedera,algeriensis,Araliaceae,,,,,,3036075,Q12141126,,
cotoneaster-pannosus,Cotoneaster pannosus,Cotoneaster,pannosus,Rosaceae,,,,,,3025572,Q5175446,,
elaeocarpus-hainanensis,Elaeocarpus hainanensis,Elaeocarpus,hainanensis,Elaeocarpaceae,,,,,,4032315,Q11130365,,
arisaema-triphyllum,Arisaema triphyllum,Arisaema,triphyllum,Araceae,,,,,,2867316,Q2716758,,
sambucus-cerulea,Sambucus cerulea,Sambucus,cerulea,Viburnaceae,,,,,,2888726,Q353892,,
nymphaea-lotus,Nymphaea lotus,Nymphaea,lotus,Nymphaeaceae,,,,,,2882429,Q161111,,
zingiber-zerumbet,Zingiber zerumbet,Zingiber,zerumbet,Zingiberaceae,,,,,,2757108,Q60980,,
cereus-jamacaru,Cereus jamacaru,Cereus,jamacaru,Cactaceae,,,,,,7282182,Q140991,,
kumara-plicatilis,Kumara plicatilis,Kumara,plicatilis,Asphodelaceae,,,,,,9611708,Q39589434,,
sanchezia-tigrina,Sanchezia tigrina,Sanchezia,tigrina,Acanthaceae,,,,,,3778475,Q15363326,,
juglans-cinerea,Juglans cinerea,Juglans,cinerea,Juglandaceae,,,,,,3054352,Q630288,,
eriogonum-grande,Eriogonum grande,Eriogonum,grande,Polygonaceae,,,,,,2889599,Q5389383,,
dracunculus-vulgaris,Dracunculus vulgaris,Dracunculus,vulgaris,Araceae,,,,,,5330001,Q934650,,
nymphaea-elegans,Nymphaea elegans,Nymphaea,elegans,Nymphaeaceae,,,,,,2882415,Q15482103,,
opuntia-engelmannii,Opuntia engelmannii,Opuntia,engelmannii,Cactaceae,,,,,,8014872,Q142016,,
sedum-spathulifolium,Sedum spathulifolium,Sedum,spathulifolium,Crassulaceae,,,,,,5362046,Q7445441,,
copernicia-alba,Copernicia alba,Copernicia,alba,Arecaceae,,,,,,2738280,Q2718997,,
ranunculus-asiaticus,Ranunculus asiaticus,Ranunculus,asiaticus,Ranunculaceae,,,,,,7721054,Q728595,,
baccharis-pilularis,Baccharis pilularis,Baccharis,pilularis,Asteraceae,,,,,,3129497,Q1028765,,
agave-sisalana,Agave sisalana,Agave,sisalana,Asparagaceae,,,,,,2766636,Q159221,,
phyllanthus-emblica,Phyllanthus emblica,Phyllanthus,emblica,Phyllanthaceae,,,,,,5381660,Q310050,,
jasminum-multiflorum,Jasminum multiflorum,Jasminum,multiflorum,Oleaceae,,,,,,3172267,Q6161821,,
prunus-americana,Prunus americana,Prunus,americana,Rosaceae,,,,,,3021106,Q469524,,
andropogon-gerardi,Andropogon gerardi,Andropogon,gerardi,Poaceae,,,,,,4932035,Q663311,,
retrophyllum-rospigliosii,Retrophyllum rospigliosii,Retrophyllum,rospigliosii,Podocarpaceae,,,,,,2687731,Q4251304,,
nicotiana-glauca,Nicotiana glauca,Nicotiana,glauca,Solanaceae,,,,,,2928783,Q882908,,
melampodium-leucanthum,Melampodium leucanthum,Melampodium,leucanthum,Asteraceae,,,,,,3139009,Q3304872,,
ilex-decidua,Ilex decidua,Ilex,decidua,Aquifoliaceae,,,,,,5414259,Q5997670,,
schlumbergera-x-buckleyi,Schlumbergera × buckleyi,Schlumbergera,buckleyi,Cactaceae,,,,,,5620162,,,
tradescantia-cerinthoides,Tradescantia cerinthoides,Tradescantia,cerinthoides,Commelinaceae,,,,,,2765318,Q15564402,,
darmera-peltata,Darmera peltata,Darmera,peltata,Saxifragaceae,,,,,,3032611,Q1537045,,
adenanthera-pavonina,Adenanthera pavonina,Adenanthera,pavonina,Fabaceae,,,,,,2951846,Q2717414,,
chasmanthe-floribunda,Chasmanthe floribunda,Chasmanthe,floribunda,Iridaceae,,,,,,2744155,Q5087378,,
elaeagnus-umbellata,Elaeagnus umbellata,Elaeagnus,umbellata,Elaeagnaceae,,,,,,3039267,Q367242,,
iresine-lindenii,Iresine lindenii,Iresine,lindenii,Amaranthaceae,,,,,,11141106,Q49553222,,
curcuma-alismatifolia,Curcuma alismatifolia,Curcuma,alismatifolia,Zingiberaceae,,,,,,2757556,Q633124,,
viburnum-lentago,Viburnum lentago,Viburnum,lentago,Viburnaceae,,,,,,2888586,Q3321544,,
albuca-bracteata,Albuca bracteata,Albuca,bracteata,Asparagaceae,,,,,,3647605,Q3495727,,
macaranga-tanarius,Macaranga tanarius,Macaranga,tanarius,Euphorbiaceae,,,,,,3074251,Q3020630,,
ekebergia-capensis,Ekebergia capensis,Ekebergia,capensis,Meliaceae,,,,,,3851310,Q939334,,
sophora-tomentosa,Sophora tomentosa,Sophora,tomentosa,Fabaceae,,,,,,2958970,Q3206158,,
baptisia-sphaerocarpa,Baptisia sphaerocarpa,Baptisia,sphaerocarpa,Fabaceae,,,,,,2976070,Q15525403,,
pseudomussaenda-flava,Pseudomussaenda flava,Pseudomussaenda,flava,Rubiaceae,,,,,,2899673,Q15489476,,
chrysophyllum-cainito,Chrysophyllum cainito,Chrysophyllum,cainito,Sapotaceae,,,,,,2885828,Q1612679,,
gilia-tricolor,Gilia tricolor,Gilia,tricolor,Polemoniaceae,,,,,,5341558,Q3822167,,
filicium-decipiens,Filicium decipiens,Filicium,decipiens,Sapindaceae,,,,,,3189977,Q13112934,,
gladiolus-dalenii,Gladiolus dalenii,Gladiolus,dalenii,Iridaceae,,,,,,2750406,Q2109825,,
thymus-pulegioides,Thymus pulegioides,Thymus,pulegioides,Lamiaceae,,,,,,5341443,Q149474,,
cotyledon-tomentosa,Cotyledon tomentosa,Cotyledon,tomentosa,Crassulaceae,,,,,,7334615,Q3448252,,
hydrocotyle-verticillata,Hydrocotyle verticillata,Hydrocotyle,verticillata,Araliaceae,,,,,,3034602,Q469988,,
eurybia-divaricata,Eurybia divaricata,Eurybia,divaricata,Asteraceae,,,,,,5396125,Q19848818,,
amelanchier-canadensis,Amelanchier canadensis,Amelanchier,canadensis,Rosaceae,,,,,,3023833,Q159030,,
ferocactus-pilosus,Ferocactus pilosus,Ferocactus,pilosus,Cactaceae,,,,,,3959149,Q138529,,
tabebuia-roseoalba,Tabebuia roseoalba,Tabebuia,roseoalba,Bignoniaceae,,,,,,4091431,Q15553086,,
musa-ornata,Musa ornata,Musa,ornata,Musaceae,,,,,,2762989,Q2365924,,
brachyglottis-greyi,Brachyglottis greyi,Brachyglottis,greyi,Asteraceae,,,,,,3138479,Q4096143,,
sarracenia-purpurea,Sarracenia purpurea,Sarracenia,purpurea,Sarraceniaceae,,,,,,5421389,Q1927560,,
aquilaria-sinensis,Aquilaria sinensis,Aquilaria,sinensis,Thymelaeaceae,,,,,,5523984,Q716542,,
artemisia-vulgaris,Artemisia vulgaris,Artemisia,vulgaris,Asteraceae,,,,,,3120946,Q26663,,
ptychosperma-propinquum,Ptychosperma propinquum,Ptychosperma,propinquum,Arecaceae,,,,,,2733837,Q15469088,,
volkameria-inermis,Volkameria inermis,Volkameria,inermis,Lamiaceae,,,,,,2925354,Q21877743,,
ocimum-campechianum,Ocimum campechianum,Ocimum,campechianum,Lamiaceae,,,,,,2927098,Q7076504,,
begonia-grandis,Begonia grandis,Begonia,grandis,Begoniaceae,,,,,,8414451,Q1037925,,
firmiana-simplex,Firmiana simplex,Firmiana,simplex,Malvaceae,,,,,,3152111,Q776705,,
begonia-heracleifolia,Begonia heracleifolia,Begonia,heracleifolia,Begoniaceae,,,,,,2874712,Q9168329,,
betula-populifolia,Betula populifolia,Betula,populifolia,Betulaceae,,,,,,8184083,Q1543680,,
pereskia-grandifolia,Pereskia grandifolia,Pereskia,grandifolia,Cactaceae,,,,,,5384214,Q134266,,
trillium-cuneatum,Trillium cuneatum,Trillium,cuneatum,Melanthiaceae,,,,,,2742247,Q3062186,,
salvia-involucrata,Salvia involucrata,Salvia,involucrata,Lamiaceae,,,,,,3899311,Q891024,,
phanera-kockiana,Phanera kockiana,Phanera,kockiana,Fabaceae,,,,,,2953058,Q21309909,,
quercus-lyrata,Quercus lyrata,Quercus,lyrata,Fagaceae,,,,,,2878378,Q1633311,,
thunbergia-laurifolia,Thunbergia laurifolia,Thunbergia,laurifolia,Acanthaceae,,,,,,5415460,Q514393,,
ophiopogon-jaburan,Ophiopogon jaburan,Ophiopogon,jaburan,Asparagaceae,,,,,,2774214,Q3354126,,
saxifraga-stolonifera,Saxifraga stolonifera,Saxifraga,stolonifera,Saxifragaceae,,,,,,3032762,Q159002,,
eutrochium-purpureum,Eutrochium purpureum,Eutrochium,purpureum,Asteraceae,,,,,,3138192,Q19848832,,
sempervivum-calcareum,Sempervivum calcareum,Sempervivum,calcareum,Crassulaceae,,,,,,4201278,Q606821,,
salix-discolor,Salix discolor,Salix,discolor,Salicaceae,,,,,,5372785,Q3124760,,
artabotrys-hexapetalus,Artabotrys hexapetalus,Artabotrys,hexapetalus,Annonaceae,,,,,,3154909,Q8287860,,
alluaudia-procera,Alluaudia procera,Alluaudia,procera,Didiereaceae,,,,,,5687098,Q287086,,
alcantarea-imperialis,Alcantarea imperialis,Alcantarea,imperialis,Bromeliaceae,,,,,,2700429,Q1840374,,
primula-japonica,Primula japonica,Primula,japonica,Primulaceae,,,,,,5414324,Q161431,,
liriope-spicata,Liriope spicata,Liriope,spicata,Asparagaceae,,,,,,3685256,Q3010159,,
melaleuca-linariifolia,Melaleuca linariifolia,Melaleuca,linariifolia,Myrtaceae,,,,,,5415842,Q2709936,,
sophora-microphylla,Sophora microphylla,Sophora,microphylla,Fabaceae,,,,,,2959082,Q7563131,,
hura-crepitans,Hura crepitans,Hura,crepitans,Euphorbiaceae,,,,,,5380015,Q2001703,,
solidago-altissima,Solidago altissima,Solidago,altissima,Asteraceae,,,,,,5389058,Q7557949,,
pinus-bungeana,Pinus bungeana,Pinus,bungeana,Pinaceae,,,,,,5285775,Q1074872,,
parkinsonia-florida,Parkinsonia florida,Parkinsonia,florida,Fabaceae,,,,,,5359949,Q2052735,,
echinacea-pallida,Echinacea pallida,Echinacea,pallida,Asteraceae,,,,,,3150919,Q1813728,,
elegia-tectorum,Elegia tectorum,Elegia,tectorum,Restionaceae,,,,,,6312125,Q5358684,,
toona-sinensis,Toona sinensis,Toona,sinensis,Meliaceae,,,,,,7271504,Q855853,,
goeppertia-roseopicta,Goeppertia roseopicta,Goeppertia,roseopicta,Marantaceae,,,,,,8023661,Q50841692,,
vitex-rotundifolia,Vitex rotundifolia,Vitex,rotundifolia,Lamiaceae,,,,,,2925558,Q290236,,
elaeocarpus-serratus,Elaeocarpus serratus,Elaeocarpus,serratus,Elaeocarpaceae,,,,,,7880979,Q28501,,
stenocarpus-sinuatus,Stenocarpus sinuatus,Stenocarpus,sinuatus,Proteaceae,,,,,,2891789,Q1409640,,
alyogyne-huegelii,Alyogyne huegelii,Alyogyne,huegelii,Malvaceae,,,,,,7279068,Q4738673,,
arbutus-menziesii,Arbutus menziesii,Arbutus,menziesii,Ericaceae,,,,,,2882802,Q469695,,
paraserianthes-lophantha,Paraserianthes lophantha,Paraserianthes,lophantha,Fabaceae,,,,,,2943719,Q7135903,,
curio-ficoides,Curio ficoides,Curio,ficoides,Asteraceae,,,,,,3149556,Q50840598,,
aristolochia-macrophylla,Aristolochia macrophylla,Aristolochia,macrophylla,,,,,,,,Q159506,,
gaillardia-aristata,Gaillardia aristata,Gaillardia,aristata,Asteraceae,,,,,,5387859,Q5517196,,
rhodomyrtus-tomentosa,Rhodomyrtus tomentosa,Rhodomyrtus,tomentosa,Myrtaceae,,,,,,3179997,Q1142869,,
morus-rubra,Morus rubra,Morus,rubra,Moraceae,,,,,,5361886,Q1520764,,
dahlia-coccinea,Dahlia coccinea,Dahlia,coccinea,Asteraceae,,,,,,5387098,Q1804715,,
halesia-carolina,Halesia carolina,Halesia,carolina,Styracaceae,,,,,,5371655,Q3125935,,
penstemon-heterophyllus,Penstemon heterophyllus,Penstemon,heterophyllus,Plantaginaceae,,,,,,3171314,Q7164860,,
parodia-lenninghausii,Parodia lenninghausii,Parodia,lenninghausii,Cactaceae,,,,,,10953066,Q143021,,
selenicereus-anthonyanus,Selenicereus anthonyanus,Selenicereus,anthonyanus,Cactaceae,,,,,,3944930,Q144855,,
hygrophila-pogonocalyx,Hygrophila pogonocalyx,Hygrophila,pogonocalyx,Acanthaceae,,,,,,5575291,Q10934859,,
eupatorium-serotinum,Eupatorium serotinum,Eupatorium,serotinum,Asteraceae,,,,,,5402972,Q5409977,,
pinus-banksiana,Pinus banksiana,Pinus,banksiana,Pinaceae,,,,,,5285533,Q806838,,
agave-shawii,Agave shawii,Agave,shawii,Asparagaceae,,,,,,2766475,Q146168,,
erigeron-canadensis,Erigeron canadensis,Erigeron,canadensis,Asteraceae,,,,,,3146791,Q21874197,,
iris-ensata,Iris ensata,Iris,ensata,Iridaceae,,,,,,5298900,Q674136,,
iris-albicans,Iris albicans,Iris,albicans,Iridaceae,,,,,,5298079,Q6070319,,
sporobolus-heterolepis,Sporobolus heterolepis,Sporobolus,heterolepis,Poaceae,,,,,,2704766,Q7579245,,
franklinia-alatamaha,Franklinia alatamaha,Franklinia,alatamaha,Theaceae,,,,,,5421082,Q1445326,,
aristolochia-fimbriata,Aristolochia fimbriata,Aristolochia,fimbriata,Aristolochiaceae,,,,,,3589582,Q10306402,,
mammillaria-prolifera,Mammillaria prolifera,Mammillaria,prolifera,Cactaceae,,,,,,5384029,Q150678,,
ungnadia-speciosa,Ungnadia speciosa,Ungnadia,speciosa,Sapindaceae,,,,,,3190006,Q12221127,,
helianthus-angustifolius,Helianthus angustifolius,Helianthus,angustifolius,Asteraceae,,,,,,3119144,Q12212025,,
portulaca-pilosa,Portulaca pilosa,Portulaca,pilosa,Portulacaceae,,,,,,3084704,Q7232815,,
costus-comosus,Costus comosus,Costus,comosus,Costaceae,,,,,,2756856,Q1136540,,
rhus-integrifolia,Rhus integrifolia,Rhus,integrifolia,Anacardiaceae,,,,,,7160609,Q7321565,,
prunus-triloba,Prunus triloba,Prunus,triloba,Rosaceae,,,,,,3023130,Q2727171,,
capsicum-pubescens,Capsicum pubescens,Capsicum,pubescens,Solanaceae,,,,,,2932943,Q133428,,
plerandra-elegantissima,Plerandra elegantissima,Plerandra,elegantissima,Araliaceae,,,,,,7916408,Q80685380,,
musella-lasiocarpa,Musella lasiocarpa,Musella,lasiocarpa,Musaceae,,,,,,2763088,Q5100760,,
nicotiana-sylvestris,Nicotiana sylvestris,Nicotiana,sylvestris,Solanaceae,,,,,,2928767,Q2715751,,
eupatorium-perfoliatum,Eupatorium perfoliatum,Eupatorium,perfoliatum,Asteraceae,,,,,,5402874,Q683940,,
viburnum-macrocephalum,Viburnum macrocephalum,Viburnum,macrocephalum,Viburnaceae,,,,,,3856046,Q15232320,,
sabdariffa-acetosella,Sabdariffa acetosella,Sabdariffa,acetosella,,,,,,,,,,
artemisia-californica,Artemisia californica,Artemisia,californica,Asteraceae,,,,,,3120755,Q4797496,,
tulipa-clusiana,Tulipa clusiana,Tulipa,clusiana,Liliaceae,,,,,,7923165,Q1158346,,
oenothera-macrocarpa,Oenothera macrocarpa,Oenothera,macrocarpa,Onagraceae,,,,,,3188904,Q9373395,,
encelia-farinosa,Encelia farinosa,Encelia,farinosa,Asteraceae,,,,,,3118746,Q597275,,
dacrycarpus-dacrydioides,Dacrycarpus dacrydioides,Dacrycarpus,dacrydioides,Podocarpaceae,,,,,,2687859,Q1981615,,
lonicera-involucrata,Lonicera involucrata,Lonicera,involucrata,Caprifoliaceae,,,,,,5334253,Q785106,,
macadamia-integrifolia,Macadamia integrifolia,Macadamia,integrifolia,Proteaceae,,,,,,2891785,Q311178,,
parthenium-integrifolium,Parthenium integrifolium,Parthenium,integrifolium,Asteraceae,,,,,,3086802,Q7140245,,
tagetes-lucida,Tagetes lucida,Tagetes,lucida,Asteraceae,,,,,,3088537,Q2714702,,
allium-siculum,Allium siculum,Allium,siculum,Amaryllidaceae,,,,,,2856204,Q2291021,,
muehlenbeckia-astonii,Muehlenbeckia astonii,Muehlenbeckia,astonii,Polygonaceae,,,,,,4033163,Q6931939,,
peperomia-argyraea,Peperomia argyraea,Peperomia,argyraea,Piperaceae,,,,,,12251984,,,
vernonia-noveboracensis,Vernonia noveboracensis,Vernonia,noveboracensis,Asteraceae,,,,,,8271565,Q1983017,,
calathea-lutea,Calathea lutea,Calathea,lutea,Marantaceae,,,,,,2761987,Q3650073,,
euphorbia-umbellata,Euphorbia umbellata,Euphorbia,umbellata,Euphorbiaceae,,,,,,3070438,Q5851947,,
erythrina-herbacea,Erythrina herbacea,Erythrina,herbacea,Fabaceae,,,,,,5349731,Q5396418,,
nymphoides-indica,Nymphoides indica,Nymphoides,indica,Menyanthaceae,,,,,,5341503,Q5366747,,
phyllanthus-acidus,Phyllanthus acidus,Phyllanthus,acidus,Phyllanthaceae,,,,,,5381567,Q941464,,
euphorbia-rigida,Euphorbia rigida,Euphorbia,rigida,Euphorbiaceae,,,,,,3067205,Q4117008,,
ipomoea-pauciflora,Ipomoea pauciflora,Ipomoea,pauciflora,Convolvulaceae,,,,,,4927175,Q1672244,,
tsuga-heterophylla,Tsuga heterophylla,Tsuga,heterophylla,Pinaceae,,,,,,2687210,Q1144409,,
pinus-rigida,Pinus rigida,Pinus,rigida,Pinaceae,,,,,,5285635,Q837410,,
lycium-barbarum,Lycium barbarum,Lycium,barbarum,Solanaceae,,,,,,2928835,Q196332,,
gliricidia-sepium,Gliricidia sepium,Gliricidia,sepium,Fabaceae,,,,,,8082978,Q2717303,,
opuntia-dillenii,Opuntia dillenii,Opuntia,dillenii,Cactaceae,,,,,,6378623,Q2027589,,
gymnanthemum-amygdalinum,Gymnanthemum amygdalinum,Gymnanthemum,amygdalinum,Asteraceae,,,,,,3130899,Q15553103,,
verbena-pulchella,Verbena pulchella,Verbena,pulchella,,,,,,,,Q32856896,,
agathis-robusta,Agathis robusta,Agathis,robusta,Araucariaceae,,,,,,5284418,Q144112,,
commelina-communis,Commelina communis,Commelina,communis,Commelinaceae,,,,,,2764179,Q159111,,
sorghastrum-nutans,Sorghastrum nutans,Sorghastrum,nutans,Poaceae,,,,,,2704414,Q3046578,,
chrysogonum-virginianum,Chrysogonum virginianum,Chrysogonum,virginianum,Asteraceae,,,,,,3152026,Q5114830,,
rumohra-adiantiformis,Rumohra adiantiformis,Rumohra,adiantiformis,Dryopteridaceae,,,,,,2650944,Q7379334,,
chelone-glabra,Chelone glabra,Chelone,glabra,Plantaginaceae,,,,,,5414935,Q5089995,,
antidesma-montanum,Antidesma montanum,Antidesma,montanum,Phyllanthaceae,,,,,,3076595,Q11044855,,
haemanthus-albiflos,Haemanthus albiflos,Haemanthus,albiflos,Amaryllidaceae,,,,,,2855156,Q1459502,,
allium-ampeloprasum,Allium ampeloprasum,Allium,ampeloprasum,Amaryllidaceae,,,,,,2856037,Q148995,,
solidago-rugosa,Solidago rugosa,Solidago,rugosa,Asteraceae,,,,,,5388967,Q3020839,,
hyacinthoides-non-scripta,Hyacinthoides non-scripta,Hyacinthoides,non-scripta,Asparagaceae,,,,,,5304283,Q164013,,
campanula-punctata,Campanula punctata,Campanula,punctata,Campanulaceae,,,,,,5411557,Q1330506,,
grevillea-banksii,Grevillea banksii,Grevillea,banksii,Proteaceae,,,,,,2891792,Q138429,,
eriogonum-giganteum,Eriogonum giganteum,Eriogonum,giganteum,Polygonaceae,,,,,,2889699,Q5389376,,
tulipa-sylvestris,Tulipa sylvestris,Tulipa,sylvestris,Liliaceae,,,,,,5299536,Q163050,,
encephalartos-ferox,Encephalartos ferox,Encephalartos,ferox,Zamiaceae,,,,,,2683828,Q139237,,
aristolochia-gigantea,Aristolochia gigantea,Aristolochia,gigantea,Aristolochiaceae,,,,,,3589283,Q1844598,,
cornus-officinalis,Cornus officinalis,Cornus,officinalis,Cornaceae,,,,,,7161076,Q728125,,
linaria-maroccana,Linaria maroccana,Linaria,maroccana,Plantaginaceae,,,,,,5415016,Q4115410,,
romneya-trichocalyx,Romneya trichocalyx,Romneya,trichocalyx,Papaveraceae,,,,,,2888394,Q7363270,,
hibiscus-arnottianus,Hibiscus arnottianus,Hibiscus,arnottianus,Malvaceae,,,,,,3152543,Q1617209,,
pritchardia-pacifica,Pritchardia pacifica,Pritchardia,pacifica,Arecaceae,,,,,,5294627,Q1243278,,
coleus-madagascariensis,Coleus madagascariensis,Coleus,madagascariensis,Lamiaceae,,,,,,5605442,Q113654083,,
sisyrinchium-striatum,Sisyrinchium striatum,Sisyrinchium,striatum,Iridaceae,,,,,,5296432,Q3485364,,
eriobotrya-deflexa,Eriobotrya deflexa,Eriobotrya,deflexa,Rosaceae,,,,,,10855510,Q292425,,
euphorbia-antisyphilitica,Euphorbia antisyphilitica,Euphorbia,antisyphilitica,Euphorbiaceae,,,,,,3069440,Q143244,,
ilex-cassine,Ilex cassine,Ilex,cassine,Aquifoliaceae,,,,,,5414255,Q3141413,,
pteris-ensiformis,Pteris ensiformis,Pteris,ensiformis,Pteridaceae,,,,,,3914366,Q3410386,,
stachytarpheta-cayennensis,Stachytarpheta cayennensis,Stachytarpheta,cayennensis,Verbenaceae,,,,,,2925454,Q6711834,,
viburnum-prunifolium,Viburnum prunifolium,Viburnum,prunifolium,Viburnaceae,,,,,,2888608,Q678294,,
diplacus-puniceus,Diplacus puniceus,Diplacus,puniceus,Phrymaceae,,,,,,5414624,Q17746275,,
cenchrus-longisetus,Cenchrus longisetus,Cenchrus,longisetus,Poaceae,,,,,,5290192,Q50840687,,
anigozanthos-rufus,Anigozanthos rufus,Anigozanthos,rufus,Haemodoraceae,,,,,,2765833,Q15316838,,
parodia-magnifica,Parodia magnifica,Parodia,magnifica,Cactaceae,,,,,,3949270,Q137551,,
bidens-alba,Bidens alba,Bidens,alba,Asteraceae,,,,,,5391861,Q2901708,,
acacia-saligna,Acacia saligna,Acacia,saligna,Fabaceae,,,,,,2978552,Q402385,,
oreomecon-nudicaulis,Oreomecon nudicaulis,Oreomecon,nudicaulis,Papaveraceae,,,,,,7096656,Q119150816,,
simmondsia-chinensis,Simmondsia chinensis,Simmondsia,chinensis,Simmondsiaceae,,,,,,5361949,Q267749,,
byrsonima-crassifolia,Byrsonima crassifolia,Byrsonima,crassifolia,Malpighiaceae,,,,,,3191361,Q2046782,,
ipomoea-alba,Ipomoea alba,Ipomoea,alba,Convolvulaceae,,,,,,2928631,Q133294,,
cercis-chinensis,Cercis chinensis,Cercis,chinensis,Fabaceae,,,,,,5353599,Q12955905,,
schotia-brachypetala,Schotia brachypetala,Schotia,brachypetala,Fabaceae,,,,,,2959242,Q3642835,,
cattleya-trianae,Cattleya trianae,Cattleya,trianae,Orchidaceae,,,,,,4935172,Q369006,,
impatiens-glandulifera,Impatiens glandulifera,Impatiens,glandulifera,Balsaminaceae,,,,,,2891770,Q158035,,
echinodorus-cordifolius,Echinodorus cordifolius,Echinodorus,cordifolius,Alismataceae,,,,,,11062899,Q477826,,
lotus-berthelotii,Lotus berthelotii,Lotus,berthelotii,Fabaceae,,,,,,5356822,Q5492395,,
pometia-pinnata,Pometia pinnata,Pometia,pinnata,Sapindaceae,,,,,,5577338,Q3711244,,
ipomopsis-rubra,Ipomopsis rubra,Ipomopsis,rubra,Polemoniaceae,,,,,,2927974,Q17235206,,
wedelia-hispida,Wedelia hispida,Wedelia,hispida,Asteraceae,,,,,,5699523,Q15571446,,
pyracantha-angustifolia,Pyracantha angustifolia,Pyracantha,angustifolia,Rosaceae,,,,,,2988222,Q1023586,,
beaucarnea-gracilis,Beaucarnea gracilis,Beaucarnea,gracilis,Asparagaceae,,,,,,2768022,Q813342,,
opuntia-basilaris,Opuntia basilaris,Opuntia,basilaris,Cactaceae,,,,,,5384070,Q136763,,
gardenia-taitensis,Gardenia taitensis,Gardenia,taitensis,Rubiaceae,,,,,,5335073,Q1245878,,
psychotria-nervosa,Psychotria nervosa,Psychotria,nervosa,Rubiaceae,,,,,,2920385,Q3410207,,
aristolochia-californica,Aristolochia californica,Aristolochia,californica,Aristolochiaceae,,,,,,3589499,Q2133273,,
penstemon-eatonii,Penstemon eatonii,Penstemon,eatonii,Plantaginaceae,,,,,,3171478,Q7164849,,
arbutus-x-andrachnoides,Arbutus × andrachnoides,Arbutus,andrachnoides,Ericaceae,,,,,,4170894,Q1237221,,
carpobrotus-chilensis,Carpobrotus chilensis,Carpobrotus,chilensis,Aizoaceae,,,,,,3084844,Q964408,,
chrysopogon-zizanioides,Chrysopogon zizanioides,Chrysopogon,zizanioides,Poaceae,,,,,,5677150,Q378568,,
citharexylum-spinosum,Citharexylum spinosum,Citharexylum,spinosum,Verbenaceae,,,,,,2925396,Q1524349,,
fuchsia-paniculata,Fuchsia paniculata,Fuchsia,paniculata,Onagraceae,,,,,,5938223,Q1472595,,
verbena-stricta,Verbena stricta,Verbena,stricta,Verbenaceae,,,,,,2925531,Q15439351,,
myoporum-parvifolium,Myoporum parvifolium,Myoporum,parvifolium,Scrophulariaceae,,,,,,3746026,Q6948023,,
begonia-x-tuberhybrida,Begonia × tuberhybrida,Begonia,tuberhybrida,Begoniaceae,,,,,,8374675,Q161438,,
pericallis-x-hybrida,Pericallis × hybrida,Pericallis,hybrida,Asteraceae,,,,,,8656996,,,
crassula-perfoliata,Crassula perfoliata,Crassula,perfoliata,Crassulaceae,,,,,,7172987,Q15482666,,
maianthemum-racemosum,Maianthemum racemosum,Maianthemum,racemosum,Asparagaceae,,,,,,2769457,Q3486643,,
vitex-trifolia,Vitex trifolia,Vitex,trifolia,Lamiaceae,,,,,,2925561,Q29533,,
chamaebatiaria-millefolium,Chamaebatiaria millefolium,Chamaebatiaria,millefolium,Rosaceae,,,,,,3026352,Q17246150,,
stapelia-grandiflora,Stapelia grandiflora,Stapelia,grandiflora,Apocynaceae,,,,,,7968832,Q2332048,,
serenoa-repens,Serenoa repens,Serenoa,repens,Arecaceae,,,,,,2735055,Q927607,,
berlandiera-lyrata,Berlandiera lyrata,Berlandiera,lyrata,Asteraceae,,,,,,3148290,Q503792,,
castanospermum-australe,Castanospermum australe,Castanospermum,australe,Fabaceae,,,,,,7579806,Q783001,,
rubus-occidentalis,Rubus occidentalis,Rubus,occidentalis,Rosaceae,,,,,,2991466,Q7376217,,
eriophyllum-lanatum,Eriophyllum lanatum,Eriophyllum,lanatum,Asteraceae,,,,,,3130472,Q2592617,,
cussonia-spicata,Cussonia spicata,Cussonia,spicata,Araliaceae,,,,,,3035241,Q5196278,,
thevetia-ahouai,Thevetia ahouai,Thevetia,ahouai,Apocynaceae,,,,,,5536401,Q15225215,,
iris-foetidissima,Iris foetidissima,Iris,foetidissima,Iridaceae,,,,,,5298765,Q2484930,,
grevillea-lanigera,Grevillea lanigera,Grevillea,lanigera,Proteaceae,,,,,,7287304,Q2749543,,
yucca-elata,Yucca elata,Yucca,elata,Asparagaceae,,,,,,2775775,Q200844,,
yucca-filifera,Yucca filifera,Yucca,filifera,Asparagaceae,,,,,,2775707,Q150210,,
morella-rubra,Morella rubra,Morella,rubra,Myricaceae,,,,,,3745136,Q17252882,,
glandularia-x-hybrida,Glandularia × hybrida,Glandularia,hybrida,Verbenaceae,,,,,,2925616,,,
ligustrum-obtusifolium,Ligustrum obtusifolium,Ligustrum,obtusifolium,Oleaceae,,,,,,3172296,Q1069783,,
rhododendron-viscosum,Rhododendron viscosum,Rhododendron,viscosum,Ericaceae,,,,,,2883059,Q15392729,,
chamelaucium-uncinatum,Chamelaucium uncinatum,Chamelaucium,uncinatum,Myrtaceae,,,,,,3188340,Q470993,,
ficus-subpisocarpa,Ficus subpisocarpa,Ficus,subpisocarpa,Moraceae,,,,,,7262408,Q15476234,,
passiflora-quadrangularis,Passiflora quadrangularis,Passiflora,quadrangularis,Passifloraceae,,,,,,2874183,Q159105,,
microsorum-grossum,Microsorum grossum,Microsorum,grossum,Polypodiaceae,,,,,,4025380,Q17170090,,
sterculia-monosperma,Sterculia monosperma,Sterculia,monosperma,Malvaceae,,,,,,7797610,Q4923879,,
helleborus-argutifolius,Helleborus argutifolius,Helleborus,argutifolius,Ranunculaceae,,,,,,3924221,Q441083,,
ferocactus-cylindraceus,Ferocactus cylindraceus,Ferocactus,cylindraceus,Cactaceae,,,,,,3084150,Q138301,,
dendrobium-aphyllum,Dendrobium aphyllum,Dendrobium,aphyllum,Orchidaceae,,,,,,5316701,Q3337713,,
penstemon-roseus,Penstemon roseus,Penstemon,roseus,Plantaginaceae,,,,,,3730926,Q15349997,,
agastache-scrophulariifolia,Agastache scrophulariifolia,Agastache,scrophulariifolia,Lamiaceae,,,,,,2926394,Q15339351,,
penstemon-tenuis,Penstemon tenuis,Penstemon,tenuis,Plantaginaceae,,,,,,3171344,Q17739095,,
parkinsonia-praecox,Parkinsonia praecox,Parkinsonia,praecox,Fabaceae,,,,,,8619679,Q15493967,,
iris-virginica,Iris virginica,Iris,virginica,Iridaceae,,,,,,5298008,Q7934335,,
iochroma-cyaneum,Iochroma cyaneum,Iochroma,cyaneum,Solanaceae,,,,,,3802360,Q1671939,,
asclepias-perennis,Asclepias perennis,Asclepias,perennis,Apocynaceae,,,,,,3170346,Q15393299,,
coreopsis-tripteris,Coreopsis tripteris,Coreopsis,tripteris,Asteraceae,,,,,,3133996,Q4232937,,
durio-zibethinus,Durio zibethinus,Durio,zibethinus,Malvaceae,,,,,,3152230,Q1135236,,
calodendrum-capense,Calodendrum capense,Calodendrum,capense,Rutaceae,,,,,,4937111,Q1002550,,
convolvulus-cneorum,Convolvulus cneorum,Convolvulus,cneorum,Convolvulaceae,,,,,,8069501,Q149738,,
begonia-rex-cultorum,Begonia rex-cultorum,Begonia,rex-cultorum,Begoniaceae,,,,,,4930983,Q21399042,,
brachylaena-discolor,Brachylaena discolor,Brachylaena,discolor,Asteraceae,,,,,,3140959,Q4953462,,
symphyotrichum-subspicatum,Symphyotrichum subspicatum,Symphyotrichum,subspicatum,Asteraceae,,,,,,3151704,Q15555329,,
liatris-aspera,Liatris aspera,Liatris,aspera,Asteraceae,,,,,,3104265,Q6540301,,
viburnum-x-carlocephalum,Viburnum × carlocephalum,Viburnum,carlocephalum,Viburnaceae,,,,,,10737380,,,
dalea-purpurea,Dalea purpurea,Dalea,purpurea,Fabaceae,,,,,,5353342,Q5210721,,
vernonia-gigantea,Vernonia gigantea,Vernonia,gigantea,Asteraceae,,,,,,5397391,Q1115547,,
rhododendron-mucronulatum,Rhododendron mucronulatum,Rhododendron,mucronulatum,Ericaceae,,,,,,7328287,Q73315,,
calycanthus-x-raulstonii,Calycanthus × raulstonii,Calycanthus,raulstonii,Calycanthaceae,,,,,,7856660,,,
zephyranthes-citrina,Zephyranthes citrina,Zephyranthes,citrina,Amaryllidaceae,,,,,,2859827,Q6171156,,
kalanchoe-laxiflora,Kalanchoe laxiflora,Kalanchoe,laxiflora,Crassulaceae,,,,,,2985945,Q1721995,,
bouteloua-gracilis,Bouteloua gracilis,Bouteloua,gracilis,Poaceae,,,,,,7861320,Q2922605,,
lippia-alba,Lippia alba,Lippia,alba,Verbenaceae,,,,,,2925385,Q10954705,,
salvia-polystachia,Salvia polystachia,Salvia,polystachia,Lamiaceae,,,,,,4931086,Q87586210,,
drosera-capensis,Drosera capensis,Drosera,capensis,Droseraceae,,,,,,3191008,Q1570130,,
passiflora-tarminiana,Passiflora tarminiana,Passiflora,tarminiana,Passifloraceae,,,,,,3587792,Q135365,,
leucothoe-fontanesiana,Leucothoe fontanesiana,Leucothoe,fontanesiana,Ericaceae,,,,,,5333354,Q6534431,,
buddleja-marrubiifolia,Buddleja marrubiifolia,Buddleja,marrubiifolia,Scrophulariaceae,,,,,,3173334,Q4984680,,
aphelandra-squarrosa,Aphelandra squarrosa,Aphelandra,squarrosa,Acanthaceae,,,,,,7263987,Q3231986,,
echinocactus-platyacanthus,Echinocactus platyacanthus,Echinocactus,platyacanthus,Cactaceae,,,,,,7279711,Q239734,,
pelargonium-capitatum,Pelargonium capitatum,Pelargonium,capitatum,Geraniaceae,,,,,,9711656,Q931842,,
acer-japonicum,Acer japonicum,Acer,japonicum,Sapindaceae,,,,,,3767816,Q149269,,
senna-hebecarpa,Senna hebecarpa,Senna,hebecarpa,Fabaceae,,,,,,2957404,Q10956199,,
khaya-senegalensis,Khaya senegalensis,Khaya,senegalensis,Meliaceae,,,,,,3190508,Q927609,,
sedum-ternatum,Sedum ternatum,Sedum,ternatum,Crassulaceae,,,,,,5362037,Q7445445,,
semecarpus-gigantifolius,Semecarpus gigantifolius,Semecarpus,gigantifolius,Anacardiaceae,,,,,,7461699,,,
penstemon-strictus,Penstemon strictus,Penstemon,strictus,Plantaginaceae,,,,,,3171460,Q7164896,,
cojoba-arborea,Cojoba arborea,Cojoba,arborea,Fabaceae,,,,,,2981383,Q5141681,,
alocasia-brisbanensis,Alocasia brisbanensis,Alocasia,brisbanensis,Araceae,,,,,,5329885,Q4734104,,
osmundastrum-cinnamomeum,Osmundastrum cinnamomeum,Osmundastrum,cinnamomeum,Osmundaceae,,,,,,7319895,Q1802734,,
triteleia-laxa,Triteleia laxa,Triteleia,laxa,Asparagaceae,,,,,,5304187,Q882550,,
muehlenbeckia-complexa,Muehlenbeckia complexa,Muehlenbeckia,complexa,Polygonaceae,,,,,,2888859,Q2039835,,
aloe-marlothii,Aloe marlothii,Aloe,marlothii,Asphodelaceae,,,,,,2778219,Q138252,,
diospyros-texana,Diospyros texana,Diospyros,texana,Ebenaceae,,,,,,3032981,Q5279625,,
senna-pendula,Senna pendula,Senna,pendula,Fabaceae,,,,,,2957187,Q10370080,,
lobelia-laxiflora,Lobelia laxiflora,Lobelia,laxiflora,Campanulaceae,,,,,,5408996,Q15063640,,
saururus-chinensis,Saururus chinensis,Saururus,chinensis,Saururaceae,,,,,,7979280,Q10545549,,
euonymus-americanus,Euonymus americanus,Euonymus,americanus,Celastraceae,,,,,,3169130,Q4117758,,
fagraea-berteroana,Fagraea berteroana,Fagraea,berteroana,Gentianaceae,,,,,,6388630,Q50840957,,
senna-bicapsularis,Senna bicapsularis,Senna,bicapsularis,Fabaceae,,,,,,2958076,Q7450831,,
jeffersonia-diphylla,Jeffersonia diphylla,Jeffersonia,diphylla,Berberidaceae,,,,,,5371713,Q15344873,,
zephyranthes-rosea,Zephyranthes rosea,Zephyranthes,rosea,Amaryllidaceae,,,,,,2859817,Q932524,,
plectocephalus-americanus,Plectocephalus americanus,Plectocephalus,americanus,Asteraceae,,,,,,3128990,Q468566,,
celtis-laevigata,Celtis laevigata,Celtis,laevigata,Cannabaceae,,,,,,2984491,Q1529852,,
amorpha-canescens,Amorpha canescens,Amorpha,canescens,Fabaceae,,,,,,5357388,Q2074094,,
camellia-azalea,Camellia azalea,Camellia,azalea,Theaceae,,,,,,3591076,Q15390883,,
iris-tectorum,Iris tectorum,Iris,tectorum,Iridaceae,,,,,,5298774,Q1023515,,
caryota-urens,Caryota urens,Caryota,urens,Arecaceae,,,,,,2738914,Q766995,,
canna-glauca,Canna glauca,Canna,glauca,Cannaceae,,,,,,5303128,Q3318493,,
larrea-tridentata,Larrea tridentata,Larrea,tridentata,Zygophyllaceae,,,,,,7568403,Q965954,,
malus-hupehensis,Malus hupehensis,Malus,hupehensis,Rosaceae,,,,,,3001077,Q1712421,,
erythrina-speciosa,Erythrina speciosa,Erythrina,speciosa,Fabaceae,,,,,,5349528,Q991059,,
asclepias-verticillata,Asclepias verticillata,Asclepias,verticillata,Apocynaceae,,,,,,3170235,Q311159,,
dasylirion-texanum,Dasylirion texanum,Dasylirion,texanum,Asparagaceae,,,,,,2772591,Q163111,,
mentha-aquatica,Mentha aquatica,Mentha,aquatica,Lamiaceae,,,,,,2927208,Q161232,,
lupinus-perennis,Lupinus perennis,Lupinus,perennis,Fabaceae,,,,,,2964435,Q2365593,,
populus-balsamifera,Populus balsamifera,Populus,balsamifera,Salicaceae,,,,,,3040184,Q149471,,
phormium-cookianum,Phormium cookianum,Phormium,cookianum,Asphodelaceae,,,,,,4931274,Q21396801,,
eucalyptus-caesia,Eucalyptus caesia,Eucalyptus,caesia,Myrtaceae,,,,,,3176747,Q962750,,
nelumbo-lutea,Nelumbo lutea,Nelumbo,lutea,Nelumbonaceae,,,,,,7503234,Q468996,,
cassia-javanica,Cassia javanica,Cassia,javanica,Fabaceae,,,,,,5357125,Q164110,,
acer-grandidentatum,Acer grandidentatum,Acer,grandidentatum,Sapindaceae,,,,,,7546232,Q2702054,,
asarum-europaeum,Asarum europaeum,Asarum,europaeum,Aristolochiaceae,,,,,,7313595,Q156853,,
eutrochium-dubium,Eutrochium dubium,Eutrochium,dubium,Asteraceae,,,,,,3138187,Q15548024,,
bignonia-callistegioides,Bignonia callistegioides,Bignonia,callistegioides,Bignoniaceae,,,,,,4093976,Q15545682,,
euphorbia-peplus,Euphorbia peplus,Euphorbia,peplus,Euphorbiaceae,,,,,,3066386,Q148924,,
quercus-laceyi,Quercus laceyi,Quercus,laceyi,Fagaceae,,,,,,2879361,Q3024386,,
cereus-hexagonus,Cereus hexagonus,Cereus,hexagonus,Cactaceae,,,,,,5383999,Q1055079,,
lavandula-pedunculata,Lavandula pedunculata,Lavandula,pedunculata,Lamiaceae,,,,,,7307760,Q4251970,,
dianthus-carthusianorum,Dianthus carthusianorum,Dianthus,carthusianorum,Caryophyllaceae,,,,,,8400876,Q159735,,
anigozanthos-flavidus,Anigozanthos flavidus,Anigozanthos,flavidus,Haemodoraceae,,,,,,8193234,Q2849950,,
begonia-masoniana,Begonia masoniana,Begonia,masoniana,Begoniaceae,,,,,,8423065,Q2893849,,
fragaria-chiloensis,Fragaria chiloensis,Fragaria,chiloensis,Rosaceae,,,,,,7738624,Q149467,,
tagetes-minuta,Tagetes minuta,Tagetes,minuta,Asteraceae,,,,,,3088481,Q599870,,
sanchezia-parvibracteata,Sanchezia parvibracteata,Sanchezia,parvibracteata,Acanthaceae,,,,,,3778815,Q10960368,,
heptapleurum-heptaphyllum,Heptapleurum heptaphyllum,Heptapleurum,heptaphyllum,Araliaceae,,,,,,11047823,Q89145635,,
rhus-glabra,Rhus glabra,Rhus,glabra,Anacardiaceae,,,,,,3190544,Q3177997,,
metrosideros-collina,Metrosideros collina,Metrosideros,collina,Myrtaceae,,,,,,3185262,Q781752,,
drypetes-littoralis,Drypetes littoralis,Drypetes,littoralis,Putranjivaceae,,,,,,3075658,Q15246642,,
cornus-amomum,Cornus amomum,Cornus,amomum,Cornaceae,,,,,,3082227,Q2266551,,
eriogonum-arborescens,Eriogonum arborescens,Eriogonum,arborescens,Polygonaceae,,,,,,2889638,Q5389341,,
alocasia-micholitziana,Alocasia micholitziana,Alocasia,micholitziana,Araceae,,,,,,5329899,,,
verbesina-virginica,Verbesina virginica,Verbesina,virginica,Asteraceae,,,,,,3148137,Q15564201,,
dianella-tasmanica,Dianella tasmanica,Dianella,tasmanica,Asphodelaceae,,,,,,5305181,Q5271631,,
ficus-vaccinioides,Ficus vaccinioides,Ficus,vaccinioides,Moraceae,,,,,,5571825,Q15227841,,
agave-ovatifolia,Agave ovatifolia,Agave,ovatifolia,Asparagaceae,,,,,,2766511,Q391831,,
justicia-adhatoda,Justicia adhatoda,Justicia,adhatoda,Acanthaceae,,,,,,3173105,Q61022811,,
aechmea-bracteata,Aechmea bracteata,Aechmea,bracteata,Bromeliaceae,,,,,,2697927,Q2708835,,
piper-betle,Piper betle,Piper,betle,Piperaceae,,,,,,4187904,L1371240-S1,,
impatiens-niamniamensis,Impatiens niamniamensis,Impatiens,niamniamensis,Balsaminaceae,,,,,,4194166,Q2203945,,
opuntia-stricta,Opuntia stricta,Opuntia,stricta,Cactaceae,,,,,,5384075,Q141416,,
amsonia-ciliata,Amsonia ciliata,Amsonia,ciliata,Apocynaceae,,,,,,3169696,Q15393252,,
sedum-sexangulare,Sedum sexangulare,Sedum,sexangulare,Crassulaceae,,,,,,5361991,Q159471,,
melicytus-ramiflorus,Melicytus ramiflorus,Melicytus,ramiflorus,Violaceae,,,,,,7296373,Q311756,,
agave-potatorum,Agave potatorum,Agave,potatorum,Asparagaceae,,,,,,2766741,Q391865,,
sisyrinchium-bellum,Sisyrinchium bellum,Sisyrinchium,bellum,Iridaceae,,,,,,5296053,Q4049557,,
silphium-laciniatum,Silphium laciniatum,Silphium,laciniatum,Asteraceae,,,,,,3092583,Q1780806,,
malus-fusca,Malus fusca,Malus,fusca,Rosaceae,,,,,,3001080,Q2564409,,
silphium-terebinthinaceum,Silphium terebinthinaceum,Silphium,terebinthinaceum,Asteraceae,,,,,,7475866,Q15563670,,
crataegus-mexicana,Crataegus mexicana,Crataegus,mexicana,Rosaceae,,,,,,3014233,Q2669488,,
guaiacum-sanctum,Guaiacum sanctum,Guaiacum,sanctum,Zygophyllaceae,,,,,,3189908,Q2248958,,
physocarpus-capitatus,Physocarpus capitatus,Physocarpus,capitatus,Rosaceae,,,,,,2988390,Q7061692,,
trillium-luteum,Trillium luteum,Trillium,luteum,Melanthiaceae,,,,,,2742408,Q3006279,,
acacia-podalyriifolia,Acacia podalyriifolia,Acacia,podalyriifolia,Fabaceae,,,,,,2979014,Q2701186,,
impatiens-balfourii,Impatiens balfourii,Impatiens,balfourii,Balsaminaceae,,,,,,2891783,Q2881538,,
illicium-parviflorum,Illicium parviflorum,Illicium,parviflorum,Schisandraceae,,,,,,7826434,Q743566,,
yucca-treculiana,Yucca treculiana,Yucca,treculiana,Asparagaceae,,,,,,9163943,Q804174,,
ceanothus-impressus,Ceanothus impressus,Ceanothus,impressus,Rhamnaceae,,,,,,3039310,Q5055718,,
pterospermum-acerifolium,Pterospermum acerifolium,Pterospermum,acerifolium,Malvaceae,,,,,,3669210,Q33221,,
arthropodium-cirratum,Arthropodium cirratum,Arthropodium,cirratum,Asparagaceae,,,,,,8401316,,,
arctostaphylos-manzanita,Arctostaphylos manzanita,Arctostaphylos,manzanita,Ericaceae,,,,,,2882567,Q2709035,,
alectryon-excelsus,Alectryon excelsus,Alectryon,excelsus,Sapindaceae,,,,,,7102475,Q1955888,,
pinus-morrisonicola,Pinus morrisonicola,Pinus,morrisonicola,Pinaceae,,,,,,5285538,Q716590,,
corynocarpus-laevigatus,Corynocarpus laevigatus,Corynocarpus,laevigatus,Corynocarpaceae,,,,,,3169083,Q5477982,,
veronica-salicifolia,Veronica salicifolia,Veronica,salicifolia,Plantaginaceae,,,,,,7331824,Q87627248,,
carya-cordiformis,Carya cordiformis,Carya,cordiformis,Juglandaceae,,,,,,3054299,Q879016,,
fraxinus-latifolia,Fraxinus latifolia,Fraxinus,latifolia,Oleaceae,,,,,,3172343,Q1581524,,
ficus-altissima,Ficus altissima,Ficus,altissima,Moraceae,,,,,,5361907,Q4921039,,
goeppertia-sanderiana,Goeppertia sanderiana,Goeppertia,sanderiana,Marantaceae,,,,,,7517855,Q50841694,,
layia-platyglossa,Layia platyglossa,Layia,platyglossa,Asteraceae,,,,,,5392998,Q6505577,,
philodendron-radiatum,Philodendron radiatum,Philodendron,radiatum,Araceae,,,,,,2870769,Q15315283,,
tiarella-cordifolia,Tiarella cordifolia,Tiarella,cordifolia,Saxifragaceae,,,,,,5371610,Q11891603,,
peperomia-pellucida,Peperomia pellucida,Peperomia,pellucida,Piperaceae,,,,,,3086412,Q3337038,,
doryanthes-excelsa,Doryanthes excelsa,Doryanthes,excelsa,Doryanthaceae,,,,,,5303645,Q3269736,,
tacca-chantrieri,Tacca chantrieri,Tacca,chantrieri,Dioscoreaceae,,,,,,2755905,Q1427686,,
nuxia-floribunda,Nuxia floribunda,Nuxia,floribunda,Stilbaceae,,,,,,4055807,Q3642259,,
verbesina-encelioides,Verbesina encelioides,Verbesina,encelioides,Asteraceae,,,,,,3147913,Q7160909,,
sarracenia-flava,Sarracenia flava,Sarracenia,flava,Sarraceniaceae,,,,,,5421391,Q1499289,,
campsis-x-tagliabueana,Campsis × tagliabueana,Campsis,tagliabueana,Bignoniaceae,,,,,,12229184,,,
quercus-stellata,Quercus stellata,Quercus,stellata,Fagaceae,,,,,,8879961,Q2600501,,
ipomoea-aquatica,Ipomoea aquatica,Ipomoea,aquatica,Convolvulaceae,,,,,,2928525,Q272754,,
phedimus-ellacombeanus,Phedimus ellacombeanus,Phedimus,ellacombeanus,Crassulaceae,,,,,,4201717,Q17759748,,
myrcianthes-fragrans,Myrcianthes fragrans,Myrcianthes,fragrans,Myrtaceae,,,,,,9920389,Q15381387,,
phyllostachys-nigra,Phyllostachys nigra,Phyllostachys,nigra,Poaceae,,,,,,5290171,Q983798,,
polyspora-axillaris,Polyspora axillaris,Polyspora,axillaris,Theaceae,,,,,,7313778,Q17436758,,
rosa-carolina,Rosa carolina,Rosa,carolina,Rosaceae,,,,,,3006171,Q2658104,,
harpullia-pendula,Harpullia pendula,Harpullia,pendula,Sapindaceae,,,,,,3786672,Q5663711,,
clerodendrum-schmidtii,Clerodendrum schmidtii,Clerodendrum,schmidtii,Lamiaceae,,,,,,7307567,Q15349580,,
dais-cotinifolia,Dais cotinifolia,Dais,cotinifolia,Thymelaeaceae,,,,,,3570325,Q3642894,,
lippia-origanoides,Lippia origanoides,Lippia,origanoides,Verbenaceae,,,,,,7297353,Q15433814,,
cedrela-odorata,Cedrela odorata,Cedrela,odorata,Meliaceae,,,,,,3190511,Q163004,,
salvia-chamaedryoides,Salvia chamaedryoides,Salvia,chamaedryoides,Lamiaceae,,,,,,7306439,Q767665,,
tara-spinosa,Tara spinosa,Tara,spinosa,Fabaceae,,,,,,5354727,Q21315230,,
rosa-californica,Rosa californica,Rosa,californica,Rosaceae,,,,,,3006252,Q143186,,
malva-arborea,Malva arborea,Malva,arborea,Malvaceae,,,,,,3935079,Q12210226,,
bistorta-officinalis,Bistorta officinalis,Bistorta,officinalis,Polygonaceae,,,,,,7925535,Q112917,,
axonopus-compressus,Axonopus compressus,Axonopus,compressus,Poaceae,,,,,,2705924,Q4830676,,
pseudosasa-japonica,Pseudosasa japonica,Pseudosasa,japonica,Poaceae,,,,,,7952471,Q527901,,
echeveria-pulvinata,Echeveria pulvinata,Echeveria,pulvinata,Crassulaceae,,,,,,8107364,Q10269958,,
bouteloua-curtipendula,Bouteloua curtipendula,Bouteloua,curtipendula,Poaceae,,,,,,5289861,Q4950436,,
veronica-odora,Veronica odora,Veronica,odora,Plantaginaceae,,,,,,4936152,Q17744791,,
pachysandra-procumbens,Pachysandra procumbens,Pachysandra,procumbens,Buxaceae,,,,,,2984677,Q160280,,
linaria-vulgaris,Linaria vulgaris,Linaria,vulgaris,Plantaginaceae,,,,,,5415020,Q157078,,
acacia-verticillata,Acacia verticillata,Acacia,verticillata,Fabaceae,,,,,,2979292,Q4059358,,
yucca-baccata,Yucca baccata,Yucca,baccata,Asparagaceae,,,,,,2775788,Q284896,,
chamaecyparis-thyoides,Chamaecyparis thyoides,Chamaecyparis,thyoides,Cupressaceae,,,,,,2683871,Q1744650,,
penstemon-parryi,Penstemon parryi,Penstemon,parryi,Plantaginaceae,,,,,,3171390,Q7164874,,
phlox-stolonifera,Phlox stolonifera,Phlox,stolonifera,Polemoniaceae,,,,,,2927738,Q7186548,,
pseudo-fumaria-lutea,Pseudo-fumaria lutea,Pseudo-fumaria,lutea,Papaveraceae,,,,,,2888513,,,
piper-nigrum,Piper nigrum,Piper,nigrum,Piperaceae,,,,,,3086357,Q43084,,
erythrina-lysistemon,Erythrina lysistemon,Erythrina,lysistemon,Fabaceae,,,,,,5349556,Q3644036,,
umbellularia-californica,Umbellularia californica,Umbellularia,californica,Lauraceae,,,,,,5371727,Q692162,,
polianthes-tuberosa,Polianthes tuberosa,Polianthes,tuberosa,Asparagaceae,,,,,,10868891,Q17270998,,
begonia-x-lucerna,Begonia × lucerna,Begonia,lucerna,,,,,,,,,,
thunbergia-gregorii,Thunbergia gregorii,Thunbergia,gregorii,Acanthaceae,,,,,,5574124,Q10637261,,
nicandra-physalodes,Nicandra physalodes,Nicandra,physalodes,Solanaceae,,,,,,5341754,Q1509784,,
populus-trichocarpa,Populus trichocarpa,Populus,trichocarpa,Salicaceae,,,,,,6362904,Q149382,,
poliomintha-bustamanta,Poliomintha bustamanta,Poliomintha,bustamanta,Lamiaceae,,,,,,3899190,Q15353807,,
kopsia-fruticosa,Kopsia fruticosa,Kopsia,fruticosa,Apocynaceae,,,,,,5536025,Q15232794,,
begonia-bowerae,Begonia bowerae,Begonia,bowerae,Begoniaceae,,,,,,7303280,Q2583299,,
deutzia-gracilis,Deutzia gracilis,Deutzia,gracilis,Hydrangeaceae,,,,,,2985964,Q181521,,
anemone-virginiana,Anemone virginiana,Anemone,virginiana,Ranunculaceae,,,,,,3033255,Q4117342,,
opuntia-robusta,Opuntia robusta,Opuntia,robusta,Cactaceae,,,,,,8171268,Q289085,,
ampelopsis-glandulosa,Ampelopsis glandulosa,Ampelopsis,glandulosa,Vitaceae,,,,,,7293727,Q15559085,,
bacopa-monnieri,Bacopa monnieri,Bacopa,monnieri,Plantaginaceae,,,,,,3171169,Q1366575,,
betula-utilis,Betula utilis,Betula,utilis,Betulaceae,,,,,,5332157,Q930814,,
calotropis-procera,Calotropis procera,Calotropis,procera,Apocynaceae,,,,,,5414566,Q948690,,
erigeron-speciosus,Erigeron speciosus,Erigeron,speciosus,Asteraceae,,,,,,3147146,Q5835771,,
baccharis-latifolia,Baccharis latifolia,Baccharis,latifolia,Asteraceae,,,,,,3129805,Q8239272,,
gaultheria-shallon,Gaultheria shallon,Gaultheria,shallon,Ericaceae,,,,,,2882758,Q941600,,
fouquieria-columnaris,Fouquieria columnaris,Fouquieria,columnaris,Fouquieriaceae,,,,,,3874352,Q143016,,
tripsacum-dactyloides,Tripsacum dactyloides,Tripsacum,dactyloides,Poaceae,,,,,,2705536,Q2421782,,
cotoneaster-dammeri,Cotoneaster dammeri,Cotoneaster,dammeri,Rosaceae,,,,,,3026049,Q159655,,
sophora-tetraptera,Sophora tetraptera,Sophora,tetraptera,Fabaceae,,,,,,8397826,Q7563134,,
sanchezia-oblonga,Sanchezia oblonga,Sanchezia,oblonga,Acanthaceae,,,,,,3778854,Q15362794,,
tellima-grandiflora,Tellima grandiflora,Tellima,grandiflora,Saxifragaceae,,,,,,3032698,Q847750,,
clematis-virginiana,Clematis virginiana,Clematis,virginiana,Ranunculaceae,,,,,,3033541,Q4266308,,
symphyotrichum-cordifolium,Symphyotrichum cordifolium,Symphyotrichum,cordifolium,Asteraceae,,,,,,3151421,Q4050493,,
seemannia-sylvatica,Seemannia sylvatica,Seemannia,sylvatica,Gesneriaceae,,,,,,5589197,Q15443827,,
clausena-lansium,Clausena lansium,Clausena,lansium,Rutaceae,,,,,,3190413,Q311077,,
aloiampelos-tenuior,Aloiampelos tenuior,Aloiampelos,tenuior,Asphodelaceae,,,,,,9568726,Q42729491,,
clerodendrum-japonicum,Clerodendrum japonicum,Clerodendrum,japonicum,Lamiaceae,,,,,,2925348,Q15232428,,
prunus-sargentii,Prunus sargentii,Prunus,sargentii,Rosaceae,,,,,,3020955,Q163039,,
acer-truncatum,Acer truncatum,Acer,truncatum,Sapindaceae,,,,,,7263012,Q1074224,,
athyrium-filix-femina,Athyrium filix-femina,Athyrium,filix-femina,Athyriaceae,,,,,,5275044,Q1345500,,
heuchera-villosa,Heuchera villosa,Heuchera,villosa,Saxifragaceae,,,,,,3032655,Q16983134,,
melampodium-divaricatum,Melampodium divaricatum,Melampodium,divaricatum,Asteraceae,,,,,,3138949,Q15556456,,
sophora-molloyi,Sophora molloyi,Sophora,molloyi,Fabaceae,,,,,,3974277,Q7563133,,
fagraea-ceilanica,Fagraea ceilanica,Fagraea,ceilanica,Gentianaceae,,,,,,7289420,Q13614044,,
neltuma-juliflora,Neltuma juliflora,Neltuma,juliflora,Fabaceae,,,,,,5358460,Q127800004,,
lysimachia-ciliata,Lysimachia ciliata,Lysimachia,ciliata,Primulaceae,,,,,,3169391,Q2706407,,
phlox-pilosa,Phlox pilosa,Phlox,pilosa,Polemoniaceae,,,,,,2927734,Q7186544,,
cuphea-llavea,Cuphea llavea,Cuphea,llavea,Lythraceae,,,,,,7522746,Q15528810,,
talinum-fruticosum,Talinum fruticosum,Talinum,fruticosum,Talinaceae,,,,,,3084670,Q3276822,,
eysenhardtia-texana,Eysenhardtia texana,Eysenhardtia,texana,Fabaceae,,,,,,2964734,Q5423024,,
lophophora-williamsii,Lophophora williamsii,Lophophora,williamsii,Cactaceae,,,,,,5384220,Q271937,,
parajubaea-cocoides,Parajubaea cocoides,Parajubaea,cocoides,Arecaceae,,,,,,2732160,Q7134805,,
epimedium-x-versicolor,Epimedium × versicolor,Epimedium,versicolor,Berberidaceae,,,,,,8197209,,,
furcraea-andina,Furcraea andina,Furcraea,andina,Asparagaceae,,,,,,2769788,Q1474880,,
silene-latifolia,Silene latifolia,Silene,latifolia,Caryophyllaceae,,,,,,5384805,Q27624,,
sparaxis-tricolor,Sparaxis tricolor,Sparaxis,tricolor,Iridaceae,,,,,,2745841,Q954256,,
verbena-rigida,Verbena rigida,Verbena,rigida,Verbenaceae,,,,,,2925496,Q2339187,,
dacrydium-cupressinum,Dacrydium cupressinum,Dacrydium,cupressinum,Podocarpaceae,,,,,,5286163,Q382469,,
syngonium-angustatum,Syngonium angustatum,Syngonium,angustatum,Araceae,,,,,,2867888,Q15315797,,
capsicum-baccatum,Capsicum baccatum,Capsicum,baccatum,Solanaceae,,,,,,2932938,Q132263,,
prosthechea-cochleata,Prosthechea cochleata,Prosthechea,cochleata,Orchidaceae,,,,,,2794350,Q1314648,,
fuchsia-triphylla,Fuchsia triphylla,Fuchsia,triphylla,Onagraceae,,,,,,6029253,Q642915,,
adenium-multiflorum,Adenium multiflorum,Adenium,multiflorum,Apocynaceae,,,,,,6712876,Q4682225,,
muehlenbeckia-platyclada,Muehlenbeckia platyclada,Muehlenbeckia,platyclada,Polygonaceae,,,,,,8160440,Q29032483,,
aloysia-virgata,Aloysia virgata,Aloysia,virgata,Verbenaceae,,,,,,7297208,Q15493899,,
podocarpus-latifolius,Podocarpus latifolius,Podocarpus,latifolius,Podocarpaceae,,,,,,5285951,Q164767,,
rubus-parviflorus,Rubus parviflorus,Rubus,parviflorus,Rosaceae,,,,,,7872219,Q2614003,,
leonurus-cardiaca,Leonurus cardiaca,Leonurus,cardiaca,Lamiaceae,,,,,,5341389,Q161130,,
helianthus-debilis,Helianthus debilis,Helianthus,debilis,Asteraceae,,,,,,3119191,Q12212016,,
trichostema-lanatum,Trichostema lanatum,Trichostema,lanatum,Lamiaceae,,,,,,2926652,Q7841025,,
asclepias-purpurascens,Asclepias purpurascens,Asclepias,purpurascens,Apocynaceae,,,,,,3170271,Q310133,,
eremophila-maculata,Eremophila maculata,Eremophila,maculata,Scrophulariaceae,,,,,,5565561,Q5385578,,
dovyalis-afra,Dovyalis afra,Dovyalis,afra,,,,,,,,Q1987504,,
picea-obovata,Picea obovata,Picea,obovata,Pinaceae,,,,,,5284765,Q1137607,,
oenothera-elata,Oenothera elata,Oenothera,elata,Onagraceae,,,,,,3188829,Q7078660,,
ipomoea-murucoides,Ipomoea murucoides,Ipomoea,murucoides,Convolvulaceae,,,,,,4927177,Q1672237,,
meryta-sinclairii,Meryta sinclairii,Meryta,sinclairii,Araliaceae,,,,,,3036415,Q5459044,,
rhipsalidopsis-gaertneri,Rhipsalidopsis gaertneri,Rhipsalidopsis,gaertneri,Cactaceae,,,,,,7280947,Q87584907,,
pinus-scopulorum,Pinus scopulorum,Pinus,scopulorum,Pinaceae,,,,,,5285070,Q136825959,,
enterolobium-cyclocarpum,Enterolobium cyclocarpum,Enterolobium,cyclocarpum,Fabaceae,,,,,,2961150,Q135127,,
coreopsis-grandiflora,Coreopsis grandiflora,Coreopsis,grandiflora,Asteraceae,,,,,,3133927,Q1319071,,
billbergia-nutans,Billbergia nutans,Billbergia,nutans,Bromeliaceae,,,,,,2693788,Q1021163,,
quercus-montana,Quercus montana,Quercus,montana,Fagaceae,,,,,,2881118,Q1735296,,
begonia-x-erythrophylla,Begonia × erythrophylla,Begonia,erythrophylla,Begoniaceae,,,,,,4156797,,,
petunia-axillaris,Petunia axillaris,Petunia,axillaris,Solanaceae,,,,,,2928863,Q3377722,,
linum-lewisii,Linum lewisii,Linum,lewisii,Linaceae,,,,,,2873876,Q3113824,,
syzygium-formosanum,Syzygium formosanum,Syzygium,formosanum,Myrtaceae,,,,,,3182768,Q10915027,,
coreopsis-auriculata,Coreopsis auriculata,Coreopsis,auriculata,Asteraceae,,,,,,3133965,Q4232936,,
impatiens-capensis,Impatiens capensis,Impatiens,capensis,Balsaminaceae,,,,,,2891774,Q2462343,,
coleonema-album,Coleonema album,Coleonema,album,Rutaceae,,,,,,5594432,Q5777346,,
anemopsis-californica,Anemopsis californica,Anemopsis,californica,Saururaceae,,,,,,3086504,Q4761678,,
caryota-maxima,Caryota maxima,Caryota,maxima,Arecaceae,,,,,,8245256,Q12232868,,
pinus-virginiana,Pinus virginiana,Pinus,virginiana,Pinaceae,,,,,,5285091,Q3505749,,
myriophyllum-aquaticum,Myriophyllum aquaticum,Myriophyllum,aquaticum,Haloragaceae,,,,,,5361785,Q899338,,
rosa-glauca,Rosa glauca,Rosa,glauca,Rosaceae,,,,,,3003709,Q158929,,
abies-procera,Abies procera,Abies,procera,Pinaceae,,,,,,2685308,Q1283223,,
claytonia-perfoliata,Claytonia perfoliata,Claytonia,perfoliata,Montiaceae,,,,,,7736011,Q1376670,,
nephrolepis-biserrata,Nephrolepis biserrata,Nephrolepis,biserrata,Nephrolepidaceae,,,,,,12262828,Q5875385,,
rhododendron-austrinum,Rhododendron austrinum,Rhododendron,austrinum,Ericaceae,,,,,,2883083,Q7321127,,
buckinghamia-celsissima,Buckinghamia celsissima,Buckinghamia,celsissima,Proteaceae,,,,,,8278148,Q13550472,,
cyclamen-coum,Cyclamen coum,Cyclamen,coum,Primulaceae,,,,,,7127354,Q82611,,
iberis-umbellata,Iberis umbellata,Iberis,umbellata,Brassicaceae,,,,,,5377303,Q160368,,
iris-unguicularis,Iris unguicularis,Iris,unguicularis,Iridaceae,,,,,,5298051,Q1788059,,
premna-serratifolia,Premna serratifolia,Premna,serratifolia,Lamiaceae,,,,,,6411486,Q1888249,,
ambrosia-deltoidea,Ambrosia deltoidea,Ambrosia,deltoidea,Asteraceae,,,,,,3110610,Q4741891,,
cyperus-prolifer,Cyperus prolifer,Cyperus,prolifer,Cyperaceae,,,,,,2715505,Q15535438,,
psilotum-nudum,Psilotum nudum,Psilotum,nudum,Psilotaceae,,,,,,2688176,Q1197925,,
cephalocereus-senilis,Cephalocereus senilis,Cephalocereus,senilis,Cactaceae,,,,,,7283905,Q312190,,
viburnum-suspensum,Viburnum suspensum,Viburnum,suspensum,Viburnaceae,,,,,,2888582,Q7924705,,
aloysia-gratissima,Aloysia gratissima,Aloysia,gratissima,Verbenaceae,,,,,,5341161,Q2421262,,
eucalyptus-conferruminata,Eucalyptus conferruminata,Eucalyptus,conferruminata,Myrtaceae,,,,,,3177088,Q2712351,,
quercus-michauxii,Quercus michauxii,Quercus,michauxii,Fagaceae,,,,,,2880340,Q1460497,,
exochorda-racemosa,Exochorda racemosa,Exochorda,racemosa,Rosaceae,,,,,,3024256,Q5420521,,
correa-alba,Correa alba,Correa,alba,Rutaceae,,,,,,7269234,Q5172732,,
rhododendron-arboreum,Rhododendron arboreum,Rhododendron,arboreum,Ericaceae,,,,,,7328114,Q2659683,,
gladiolus-murielae,Gladiolus murielae,Gladiolus,murielae,Iridaceae,,,,,,2750356,Q319791,,
elaeagnus-oldhamii,Elaeagnus oldhamii,Elaeagnus,oldhamii,Elaeagnaceae,,,,,,5834430,Q11117470,,
teucrium-canadense,Teucrium canadense,Teucrium,canadense,Lamiaceae,,,,,,2926899,Q15370692,,
crocosmia-paniculata,Crocosmia paniculata,Crocosmia,paniculata,Iridaceae,,,,,,2747927,Q5187424,,
collinsia-heterophylla,Collinsia heterophylla,Collinsia,heterophylla,Plantaginaceae,,,,,,5414959,Q5147432,,
reevesia-formosana,Reevesia formosana,Reevesia,formosana,Malvaceae,,,,,,3672078,Q10914786,,
aloidendron-dichotomum,Aloidendron dichotomum,Aloidendron,dichotomum,Asphodelaceae,,,,,,9485745,Q42729505,,
philodendron-quinquenervium,Philodendron quinquenervium,Philodendron,quinquenervium,Araceae,,,,,,2871133,Q28806502,,
cleyera-japonica,Cleyera japonica,Cleyera,japonica,Pentaphylacaceae,,,,,,3189627,Q775470,,
roystonea-oleracea,Roystonea oleracea,Roystonea,oleracea,Arecaceae,,,,,,2733738,Q141233,,
asplenium-australasicum,Asplenium australasicum,Asplenium,australasicum,Aspleniaceae,,,,,,7310642,Q4235309,,
chamaedorea-seifrizii,Chamaedorea seifrizii,Chamaedorea,seifrizii,Arecaceae,,,,,,2734708,Q15248029,,
diospyros-vaccinioides,Diospyros vaccinioides,Diospyros,vaccinioides,Ebenaceae,,,,,,7295838,Q10959212,,
crataegus-douglasii,Crataegus douglasii,Crataegus,douglasii,Rosaceae,,,,,,3013580,Q918920,,
artemisia-stelleriana,Artemisia stelleriana,Artemisia,stelleriana,Asteraceae,,,,,,3121391,Q2862331,,
pouteria-sapota,Pouteria sapota,Pouteria,sapota,Sapotaceae,,,,,,2884162,Q1292857,,
tridax-procumbens,Tridax procumbens,Tridax,procumbens,Asteraceae,,,,,,3149462,Q2717999,,
rhododendron-mucronatum,Rhododendron mucronatum,Rhododendron,mucronatum,Ericaceae,,,,,,4169836,Q7321154,,
vitis-californica,Vitis californica,Vitis,californica,Vitaceae,,,,,,5372406,Q2275493,,
dioon-edule,Dioon edule,Dioon,edule,Zamiaceae,,,,,,2683503,Q134518,,
clerodendrum-laevifolium,Clerodendrum laevifolium,Clerodendrum,laevifolium,Lamiaceae,,,,,,7307919,Q15352227,,
begonia-boliviensis,Begonia boliviensis,Begonia,boliviensis,Begoniaceae,,,,,,7303307,Q4880534,,
cylindropuntia-fulgida,Cylindropuntia fulgida,Cylindropuntia,fulgida,Cactaceae,,,,,,7282673,Q149599,,
kleinia-fulgens,Kleinia fulgens,Kleinia,fulgens,Asteraceae,,,,,,5405633,Q6420307,,
rhododendron-periclymenoides,Rhododendron periclymenoides,Rhododendron,periclymenoides,Ericaceae,,,,,,2883027,Q7321157,,
vaccinium-angustifolium,Vaccinium angustifolium,Vaccinium,angustifolium,Ericaceae,,,,,,2882868,Q512441,,
solidago-caesia,Solidago caesia,Solidago,caesia,Asteraceae,,,,,,5389076,Q738279,,
aralia-elata,Aralia elata,Aralia,elata,Araliaceae,,,,,,3036892,Q284736,,
eryngium-amethystinum,Eryngium amethystinum,Eryngium,amethystinum,Apiaceae,,,,,,3034402,Q3732705,,
cascabela-thevetioides,Cascabela thevetioides,Cascabela,thevetioides,Apocynaceae,,,,,,8667261,Q15397569,,
solanum-muricatum,Solanum muricatum,Solanum,muricatum,Solanaceae,,,,,,2931290,Q135928,,
freesia-leichtlinii,Freesia leichtlinii,Freesia,leichtlinii,Iridaceae,,,,,,2747079,Q15563264,,
cistus-x-incanus,Cistus × incanus,Cistus,incanus,Cistaceae,,,,,,2874028,Q1433994,,
eucalyptus-pulverulenta,Eucalyptus pulverulenta,Eucalyptus,pulverulenta,Myrtaceae,,,,,,3176788,Q1081413,,
salix-nigra,Salix nigra,Salix,nigra,Salicaceae,,,,,,5372854,Q469220,,
pinus-edulis,Pinus edulis,Pinus,edulis,Pinaceae,,,,,,5285796,Q133096,,
oxalis-latifolia,Oxalis latifolia,Oxalis,latifolia,Oxalidaceae,,,,,,2891755,Q7115068,,
engelmannia-peristenia,Engelmannia peristenia,Engelmannia,peristenia,Asteraceae,,,,,,5386402,Q15585895,,
opuntia-tomentosa,Opuntia tomentosa,Opuntia,tomentosa,Cactaceae,,,,,,5384035,Q2027738,,
doryanthes-palmeri,Doryanthes palmeri,Doryanthes,palmeri,Doryanthaceae,,,,,,8004821,Q5299073,,
sphaeropteris-lepifera,Sphaeropteris lepifera,Sphaeropteris,lepifera,Cyatheaceae,,,,,,7936045,Q24852185,,
sedum-japonicum,Sedum japonicum,Sedum,japonicum,Crassulaceae,,,,,,7334050,Q11086400,,
althaea-officinalis,Althaea officinalis,Althaea,officinalis,Malvaceae,,,,,,3152520,Q158496,,
backhousia-citriodora,Backhousia citriodora,Backhousia,citriodora,Myrtaceae,,,,,,3185109,Q2708073,,
alpinia-galanga,Alpinia galanga,Alpinia,galanga,Zingiberaceae,,,,,,5302225,Q402971,,
alocasia-longiloba,Alocasia longiloba,Alocasia,longiloba,Araceae,,,,,,5329978,Q4062813,,
trimezia-coerulea,Trimezia coerulea,Trimezia,coerulea,Iridaceae,,,,,,9256007,,,
anredera-cordifolia,Anredera cordifolia,Anredera,cordifolia,Basellaceae,,,,,,3083508,Q848254,,
pyracantha-crenulata,Pyracantha crenulata,Pyracantha,crenulata,Rosaceae,,,,,,2988172,Q5240324,,
felicia-amelloides,Felicia amelloides,Felicia,amelloides,Asteraceae,,,,,,7668873,Q354211,,
astrophytum-ornatum,Astrophytum ornatum,Astrophytum,ornatum,Cactaceae,,,,,,7282413,Q133127,,
salvia-uliginosa,Salvia uliginosa,Salvia,uliginosa,Lamiaceae,,,,,,3882686,Q5230112,,
aegle-marmelos,Aegle marmelos,Aegle,marmelos,Rutaceae,,,,,,5421195,Q234126,,
commelina-erecta,Commelina erecta,Commelina,erecta,Commelinaceae,,,,,,2764389,Q2920683,,
leucadendron-argenteum,Leucadendron argenteum,Leucadendron,argenteum,Proteaceae,,,,,,5638376,Q3644294,,
vachellia-karroo,Vachellia karroo,Vachellia,karroo,Fabaceae,,,,,,3974754,Q41778476,,
gazania-krebsiana,Gazania krebsiana,Gazania,krebsiana,Asteraceae,,,,,,3112466,Q12229340,,
elaeagnus-commutata,Elaeagnus commutata,Elaeagnus,commutata,Elaeagnaceae,,,,,,3039274,Q159188,,
allium-moly,Allium moly,Allium,moly,Amaryllidaceae,,,,,,2855825,Q2602766,,
banksia-robur,Banksia robur,Banksia,robur,Proteaceae,,,,,,7287436,Q2712748,,
myrospermum-sousanum,Myrospermum sousanum,Myrospermum,sousanum,Fabaceae,,,,,,3909434,Q15535949,,
asystasia-intrusa,Asystasia intrusa,Asystasia,intrusa,Acanthaceae,,,,,,7468660,Q49599827,,
holodiscus-discolor,Holodiscus discolor,Holodiscus,discolor,Rosaceae,,,,,,2987780,Q3139473,,
plumbago-zeylanica,Plumbago zeylanica,Plumbago,zeylanica,Plumbaginaceae,,,,,,3082282,Q5240308,,
quercus-humboldtii,Quercus humboldtii,Quercus,humboldtii,Fagaceae,,,,,,2880642,Q4112124,,
hibiscus-laevis,Hibiscus laevis,Hibiscus,laevis,Malvaceae,,,,,,3152576,Q5750837,,
cucurbita-ficifolia,Cucurbita ficifolia,Cucurbita,ficifolia,Cucurbitaceae,,,,,,2874512,Q431138,,
rudbeckia-amplexicaulis,Rudbeckia amplexicaulis,Rudbeckia,amplexicaulis,Asteraceae,,,,,,4255472,Q15550340,,
cornus-racemosa,Cornus racemosa,Cornus,racemosa,Cornaceae,,,,,,3082264,Q1134291,,
kalanchoe-pumila,Kalanchoe pumila,Kalanchoe,pumila,Crassulaceae,,,,,,7334193,Q1722022,,
cenchrus-x-cupreus,Cenchrus × cupreus,Cenchrus,cupreus,Poaceae,,,,,,9498354,,,
comptonia-peregrina,Comptonia peregrina,Comptonia,peregrina,Myricaceae,,,,,,5414197,Q929465,,
ageratina-havanensis,Ageratina havanensis,Ageratina,havanensis,Asteraceae,,,,,,5400768,Q4692124,,
echinocereus-pentalophus,Echinocereus pentalophus,Echinocereus,pentalophus,Cactaceae,,,,,,8243203,Q309767,,
iris-orientalis,Iris orientalis,Iris,orientalis,Iridaceae,,,,,,2748312,Q2030539,,
luma-apiculata,Luma apiculata,Luma,apiculata,Myrtaceae,,,,,,5420309,Q699330,,
alstroemeria-psittacina,Alstroemeria psittacina,Alstroemeria,psittacina,Alstroemeriaceae,,,,,,2753743,Q1580322,,
adenanthos-sericeus,Adenanthos sericeus,Adenanthos,sericeus,Proteaceae,,,,,,7287259,Q550566,,
mentha-longifolia,Mentha longifolia,Mentha,longifolia,Lamiaceae,,,,,,7510173,Q161924,,
uvularia-grandiflora,Uvularia grandiflora,Uvularia,grandiflora,Colchicaceae,,,,,,2740310,Q635060,,
echinocereus-reichenbachii,Echinocereus reichenbachii,Echinocereus,reichenbachii,Cactaceae,,,,,,7939246,Q148185,,
sapindus-drummondii,Sapindus drummondii,Sapindus,drummondii,Sapindaceae,,,,,,5576859,Q15528348,,
vitex-lucens,Vitex lucens,Vitex,lucens,Lamiaceae,,,,,,3904526,Q1861046,,
delosperma-echinatum,Delosperma echinatum,Delosperma,echinatum,Aizoaceae,,,,,,3707303,Q5254369,,
prunus-pumila,Prunus pumila,Prunus,pumila,Rosaceae,,,,,,3021605,Q1249454,,
pinus-monticola,Pinus monticola,Pinus,monticola,Pinaceae,,,,,,5285621,Q261309,,
araujia-sericifera,Araujia sericifera,Araujia,sericifera,Apocynaceae,,,,,,3170442,Q2704519,,
fallopia-baldschuanica,Fallopia baldschuanica,Fallopia,baldschuanica,Polygonaceae,,,,,,5334351,Q1340076,,
solidago-flexicaulis,Solidago flexicaulis,Solidago,flexicaulis,Asteraceae,,,,,,5389012,Q3489405,,
microsorum-punctatum,Microsorum punctatum,Microsorum,punctatum,Polypodiaceae,,,,,,2650536,Q11088672,,
melicoccus-bijugatus,Melicoccus bijugatus,Melicoccus,bijugatus,Sapindaceae,,,,,,3189990,Q279728,,
primula-malacoides,Primula malacoides,Primula,malacoides,Primulaceae,,,,,,5640601,Q11076662,,
rubus-allegheniensis,Rubus allegheniensis,Rubus,allegheniensis,Rosaceae,,,,,,8235931,Q276439,,
viburnum-dilatatum,Viburnum dilatatum,Viburnum,dilatatum,Viburnaceae,,,,,,2888584,Q5965416,,
senecio-tamoides,Senecio tamoides,Senecio,tamoides,Asteraceae,,,,,,3107187,Q7450429,,
veronica-persica,Veronica persica,Veronica,persica,Plantaginaceae,,,,,,3172077,Q157397,,
ziziphus-mauritiana,Ziziphus mauritiana,Ziziphus,mauritiana,Rhamnaceae,,,,,,3039424,Q327859,,
euphorbia-cyathophora,Euphorbia cyathophora,Euphorbia,cyathophora,Euphorbiaceae,,,,,,7386046,Q8100620,,
guazuma-ulmifolia,Guazuma ulmifolia,Guazuma,ulmifolia,Malvaceae,,,,,,3152195,Q3281935,,
hesperantha-coccinea,Hesperantha coccinea,Hesperantha,coccinea,Iridaceae,,,,,,2746005,Q940248,,
brassica-juncea,Brassica juncea,Brassica,juncea,Brassicaceae,,,,,,3042751,Q504781,,
aralia-racemosa,Aralia racemosa,Aralia,racemosa,Araliaceae,,,,,,3036958,Q3926761,,
quercus-vaseyana,Quercus vaseyana,Quercus,vaseyana,Fagaceae,,,,,,2879249,Q6372344,,
ficus-burkei,Ficus burkei,Ficus,burkei,Moraceae,,,,,,5361900,Q50840972,,
celastrus-orbiculatus,Celastrus orbiculatus,Celastrus,orbiculatus,Celastraceae,,,,,,3169169,Q259033,,
poa-cita,Poa cita,Poa,cita,Poaceae,,,,,,4137852,Q15513999,,
vasconcellea-pubescens,Vasconcellea pubescens,Vasconcellea,pubescens,Caricaceae,,,,,,3838768,Q15588942,,
curculigo-capitulata,Curculigo capitulata,Curculigo,capitulata,Hypoxidaceae,,,,,,2852556,Q10933901,,
hibiscus-trionum,Hibiscus trionum,Hibiscus,trionum,Malvaceae,,,,,,3152560,Q157854,,
rosa-bracteata,Rosa bracteata,Rosa,bracteata,Rosaceae,,,,,,12190776,Q2166503,,
diospyros-nigra,Diospyros nigra,Diospyros,nigra,Ebenaceae,,,,,,8115692,Q15341609,,
pachystegia-insignis,Pachystegia insignis,Pachystegia,insignis,Asteraceae,,,,,,3150323,Q7122223,,
pseudocydonia-sinensis,Pseudocydonia sinensis,Pseudocydonia,sinensis,Rosaceae,,,,,,3000699,Q1334892,,
maianthemum-stellatum,Maianthemum stellatum,Maianthemum,stellatum,Asparagaceae,,,,,,2769493,Q6735249,,
banksia-ericifolia,Banksia ericifolia,Banksia,ericifolia,Proteaceae,,,,,,7124454,Q257098,,
aglaia-formosana,Aglaia formosana,Aglaia,formosana,Meliaceae,,,,,,5597755,Q10914913,,
piper-sarmentosum,Piper sarmentosum,Piper,sarmentosum,Piperaceae,,,,,,4191172,Q2035606,,
viola-banksii,Viola banksii,Viola,banksii,Violaceae,,,,,,5665311,Q7933053,,
pleroma-granulosum,Pleroma granulosum,Pleroma,granulosum,Melastomataceae,,,,,,5601452,Q80702724,,
prunus-maritima,Prunus maritima,Prunus,maritima,Rosaceae,,,,,,3023529,Q2081045,,
helianthus-divaricatus,Helianthus divaricatus,Helianthus,divaricatus,Asteraceae,,,,,,3119249,Q3129696,,
platanus-rzedowskii,Platanus rzedowskii,Platanus,rzedowskii,Platanaceae,,,,,,4097977,Q18080352,,
rhus-ovata,Rhus ovata,Rhus,ovata,Anacardiaceae,,,,,,3190541,Q7321569,,
oenothera-fruticosa,Oenothera fruticosa,Oenothera,fruticosa,Onagraceae,,,,,,7884360,Q7078662,,
zephyranthes-formosissima,Zephyranthes formosissima,Zephyranthes,formosissima,,,,,,,,Q133098246,,
woodwardia-fimbriata,Woodwardia fimbriata,Woodwardia,fimbriata,Blechnaceae,,,,,,5275361,Q8033593,,
hyophorbe-verschaffeltii,Hyophorbe verschaffeltii,Hyophorbe,verschaffeltii,Arecaceae,,,,,,2735589,Q390085,,
ruscus-hypophyllum,Ruscus hypophyllum,Ruscus,hypophyllum,Asparagaceae,,,,,,2769757,Q3648105,,
corymbia-ptychocarpa,Corymbia ptychocarpa,Corymbia,ptychocarpa,Myrtaceae,,,,,,5418424,Q5173737,,
spathoglottis-unguiculata,Spathoglottis unguiculata,Spathoglottis,unguiculata,Orchidaceae,,,,,,2795348,Q15450156,,
cycas-circinalis,Cycas circinalis,Cycas,circinalis,Cycadaceae,,,,,,2683264,Q161198,,
zinnia-peruviana,Zinnia peruviana,Zinnia,peruviana,Asteraceae,,,,,,9193953,Q8072438,,
magnolia-coco,Magnolia coco,Magnolia,coco,Magnoliaceae,,,,,,3153695,Q4274131,,
epilobium-ciliatum,Epilobium ciliatum,Epilobium,ciliatum,Onagraceae,,,,,,9188840,Q164151,,
rotala-rotundifolia,Rotala rotundifolia,Rotala,rotundifolia,Lythraceae,,,,,,7122825,Q2569339,,
penstemon-spectabilis,Penstemon spectabilis,Penstemon,spectabilis,Plantaginaceae,,,,,,3171459,Q7164891,,
rosa-rubiginosa,Rosa rubiginosa,Rosa,rubiginosa,Rosaceae,,,,,,8174785,Q15546415,,
eupatorium-capillifolium,Eupatorium capillifolium,Eupatorium,capillifolium,Asteraceae,,,,,,5403126,Q5409948,,
hakea-laurina,Hakea laurina,Hakea,laurina,Proteaceae,,,,,,3995159,Q2705988,,
hibbertia-scandens,Hibbertia scandens,Hibbertia,scandens,Dilleniaceae,,,,,,8129928,Q5750660,,
scilla-mischtschenkoana,Scilla mischtschenkoana,Scilla,mischtschenkoana,Asparagaceae,,,,,,2767312,Q933086,,
osteospermum-moniliferum,Osteospermum moniliferum,Osteospermum,moniliferum,Asteraceae,,,,,,4252828,Q21876051,,
caryopteris-x-clandonensis,Caryopteris × clandonensis,Caryopteris,clandonensis,Lamiaceae,,,,,,8654143,Q12043427,,
acacia-longifolia,Acacia longifolia,Acacia,longifolia,Fabaceae,,,,,,2978730,Q2701053,,
lespedeza-bicolor,Lespedeza bicolor,Lespedeza,bicolor,Fabaceae,,,,,,2955759,Q232652,,
borassus-flabellifer,Borassus flabellifer,Borassus,flabellifer,Arecaceae,,,,,,2733934,Q500857,,
cornus-drummondii,Cornus drummondii,Cornus,drummondii,Cornaceae,,,,,,3082256,Q187040,,
prunus-pensylvanica,Prunus pensylvanica,Prunus,pensylvanica,Rosaceae,,,,,,8202030,Q2707920,,
cassia-grandis,Cassia grandis,Cassia,grandis,Fabaceae,,,,,,5357158,Q164094,,
senna-corymbosa,Senna corymbosa,Senna,corymbosa,Fabaceae,,,,,,2957431,Q4115408,,
senecio-barbertonicus,Senecio barbertonicus,Senecio,barbertonicus,Asteraceae,,,,,,5694160,Q13952587,,
syzygium-aqueum,Syzygium aqueum,Syzygium,aqueum,Myrtaceae,,,,,,3183335,Q31904,,
rhododendron-schlippenbachii,Rhododendron schlippenbachii,Rhododendron,schlippenbachii,Ericaceae,,,,,,7135016,Q843080,,
viburnum-obovatum,Viburnum obovatum,Viburnum,obovatum,Viburnaceae,,,,,,2888620,Q17434645,,
viburnum-recognitum,Viburnum recognitum,Viburnum,recognitum,Viburnaceae,,,,,,6369733,Q17434696,,
plectranthus-ecklonii,Plectranthus ecklonii,Plectranthus,ecklonii,Lamiaceae,,,,,,3904963,Q15350649,,
pseuderanthemum-laxiflorum,Pseuderanthemum laxiflorum,Pseuderanthemum,laxiflorum,Acanthaceae,,,,,,3772955,Q7254330,,
gardenia-thunbergia,Gardenia thunbergia,Gardenia,thunbergia,Rubiaceae,,,,,,5334998,Q2893198,,
schizolobium-parahyba,Schizolobium parahyba,Schizolobium,parahyba,Fabaceae,,,,,,2945453,Q2711230,,
solanum-americanum,Solanum americanum,Solanum,americanum,Solanaceae,,,,,,2930222,Q2729601,,
linum-perenne,Linum perenne,Linum,perenne,Linaceae,,,,,,2873878,Q159266,,
camassia-scilloides,Camassia scilloides,Camassia,scilloides,Asparagaceae,,,,,,2769112,Q5025007,,
crinum-americanum,Crinum americanum,Crinum,americanum,Amaryllidaceae,,,,,,2853938,Q5185769,,
juncus-patens,Juncus patens,Juncus,patens,Juncaceae,,,,,,2701529,Q6311890,,
collomia-grandiflora,Collomia grandiflora,Collomia,grandiflora,Polemoniaceae,,,,,,2927556,Q5147550,,
santalum-album,Santalum album,Santalum,album,Santalaceae,,,,,,2889785,Q210858,,
pseudopanax-ferox,Pseudopanax ferox,Pseudopanax,ferox,Araliaceae,,,,,,3037484,Q2725374,,
cinnamomum-verum,Cinnamomum verum,Cinnamomum,verum,Lauraceae,,,,,,3033987,Q370239,,
thujopsis-dolabrata,Thujopsis dolabrata,Thujopsis,dolabrata,Cupressaceae,,,,,,2684102,Q1330391,,
ardisia-elliptica,Ardisia elliptica,Ardisia,elliptica,Primulaceae,,,,,,5414375,Q2716675,,
ipomoea-lobata,Ipomoea lobata,Ipomoea,lobata,Convolvulaceae,,,,,,11065948,Q159207,,
baccharis-halimifolia,Baccharis halimifolia,Baccharis,halimifolia,Asteraceae,,,,,,3129663,Q948018,,
helianthus-mollis,Helianthus mollis,Helianthus,mollis,Asteraceae,,,,,,7937401,Q12212020,,
rhodotypos-scandens,Rhodotypos scandens,Rhodotypos,scandens,Rosaceae,,,,,,3032442,Q135191,,
nicotiana-alata,Nicotiana alata,Nicotiana,alata,Solanaceae,,,,,,2928761,Q924207,,
euphorbia-lomelii,Euphorbia lomelii,Euphorbia,lomelii,Euphorbiaceae,,,,,,3063997,Q5851748,,
zantedeschia-rehmannii,Zantedeschia rehmannii,Zantedeschia,rehmannii,Araceae,,,,,,2868821,Q8066273,,
syzygium-smithii,Syzygium smithii,Syzygium,smithii,Myrtaceae,,,,,,3184410,Q63991537,,
scutellaria-suffrutescens,Scutellaria suffrutescens,Scutellaria,suffrutescens,Lamiaceae,,,,,,5608082,Q15365710,,
trillium-erectum,Trillium erectum,Trillium,erectum,Melanthiaceae,,,,,,2742342,Q3539177,,
monardella-villosa,Monardella villosa,Monardella,villosa,Lamiaceae,,,,,,12185524,Q6898206,,
pteris-vittata,Pteris vittata,Pteris,vittata,Pteridaceae,,,,,,5275398,Q2523014,,
solidago-gigantea,Solidago gigantea,Solidago,gigantea,Asteraceae,,,,,,5389017,Q609627,,
carludovica-palmata,Carludovica palmata,Carludovica,palmata,Cyclanthaceae,,,,,,2860922,Q4745262,,
pseudophoenix-sargentii,Pseudophoenix sargentii,Pseudophoenix,sargentii,Arecaceae,,,,,,2737019,Q7255286,,
solanum-diphyllum,Solanum diphyllum,Solanum,diphyllum,Solanaceae,,,,,,2931088,Q7988429,,
deutzia-crenata,Deutzia crenata,Deutzia,crenata,Hydrangeaceae,,,,,,2985963,Q161446,,
trichocereus-bertramianus,Trichocereus bertramianus,Trichocereus,bertramianus,Cactaceae,,,,,,11997471,Q14947677,,
macleaya-cordata,Macleaya cordata,Macleaya,cordata,Papaveraceae,,,,,,5334194,Q159327,,
hippeastrum-reticulatum,Hippeastrum reticulatum,Hippeastrum,reticulatum,Amaryllidaceae,,,,,,2854320,Q5479778,,
acanthus-spinosus,Acanthus spinosus,Acanthus,spinosus,Acanthaceae,,,,,,5415453,Q4672078,,
acacia-auriculiformis,Acacia auriculiformis,Acacia,auriculiformis,Fabaceae,,,,,,2981001,Q2673522,,
gypsophila-elegans,Gypsophila elegans,Gypsophila,elegans,Caryophyllaceae,,,,,,5384466,Q1194086,,
ribes-viburnifolium,Ribes viburnifolium,Ribes,viburnifolium,Grossulariaceae,,,,,,2986110,Q7322363,,
acoelorraphe-wrightii,Acoelorraphe wrightii,Acoelorraphe,wrightii,Arecaceae,,,,,,6418688,Q140088,,
hoya-pubicalyx,Hoya pubicalyx,Hoya,pubicalyx,Apocynaceae,,,,,,3572445,Q1632113,,
clausena-excavata,Clausena excavata,Clausena,excavata,Rutaceae,,,,,,5834596,Q6854041,,
rosa-gallica,Rosa gallica,Rosa,gallica,Rosaceae,,,,,,3002530,Q157668,,
erythranthe-guttata,Erythranthe guttata,Erythranthe,guttata,Phrymaceae,,,,,,7346102,Q17746419,,
phedimus-kamtschaticus,Phedimus kamtschaticus,Phedimus,kamtschaticus,Crassulaceae,,,,,,4201688,Q18121631,,
plectritis-congesta,Plectritis congesta,Plectritis,congesta,Caprifoliaceae,,,,,,2888738,Q7204397,,
securigera-varia,Securigera varia,Securigera,varia,Fabaceae,,,,,,5350005,Q158908,,
malpighia-coccigera,Malpighia coccigera,Malpighia,coccigera,Malpighiaceae,,,,,,5421430,Q1054017,,
oenothera-gaura,Oenothera gaura,Oenothera,gaura,Onagraceae,,,,,,3666302,Q17602219,,
crotalaria-juncea,Crotalaria juncea,Crotalaria,juncea,Fabaceae,,,,,,2942877,Q2855436,,
eustoma-russellianum,Eustoma russellianum,Eustoma,russellianum,Gentianaceae,,,,,,6366858,Q3061088,,
hippobroma-longiflora,Hippobroma longiflora,Hippobroma,longiflora,Campanulaceae,,,,,,3168943,Q311092,,
justicia-gendarussa,Justicia gendarussa,Justicia,gendarussa,Acanthaceae,,,,,,7447231,Q2717628,,
trichocereus-bridgesii,Trichocereus bridgesii,Trichocereus,bridgesii,Cactaceae,,,,,,5622588,Q41793332,,
teucrium-chamaedrys,Teucrium chamaedrys,Teucrium,chamaedrys,Lamiaceae,,,,,,6411747,Q161937,,
ficus-sur,Ficus sur,Ficus,sur,Moraceae,,,,,,5569827,Q2484621,,
neolamarckia-cadamba,Neolamarckia cadamba,Neolamarckia,cadamba,Rubiaceae,,,,,,2896888,Q573791,,
vachellia-caven,Vachellia caven,Vachellia,caven,Fabaceae,,,,,,3795588,Q15544357,,
symphyotrichum-chilense,Symphyotrichum chilense,Symphyotrichum,chilense,Asteraceae,,,,,,3151392,Q7661725,,
melaleuca-styphelioides,Melaleuca styphelioides,Melaleuca,styphelioides,Myrtaceae,,,,,,5416005,Q6811101,,
barleria-cristata,Barleria cristata,Barleria,cristata,Acanthaceae,,,,,,3173128,Q2707329,,
sternbergia-lutea,Sternbergia lutea,Sternbergia,lutea,Amaryllidaceae,,,,,,5326791,Q733273,,
senegalia-galpinii,Senegalia galpinii,Senegalia,galpinii,Fabaceae,,,,,,6710011,Q50870334,,
hesperocyparis-glabra,Hesperocyparis glabra,Hesperocyparis,glabra,Cupressaceae,,,,,,2683990,Q50843032,,
oscularia-deltoides,Oscularia deltoides,Oscularia,deltoides,Aizoaceae,,,,,,3707693,Q7106437,,
callicarpa-formosana,Callicarpa formosana,Callicarpa,formosana,Lamiaceae,,,,,,7308776,Q5021984,,
hedlundia-hybrida,Hedlundia hybrida,Hedlundia,hybrida,Rosaceae,,,,,,9245228,Q41202362,,
thalictrum-thalictroides,Thalictrum thalictroides,Thalictrum,thalictroides,Ranunculaceae,,,,,,3033114,Q18121632,,
trillium-recurvatum,Trillium recurvatum,Trillium,recurvatum,Melanthiaceae,,,,,,2742260,Q3009702,,
mentha-canadensis,Mentha canadensis,Mentha,canadensis,Lamiaceae,,,,,,2927198,Q2977225,,
pseudogynoxys-chenopodioides,Pseudogynoxys chenopodioides,Pseudogynoxys,chenopodioides,Asteraceae,,,,,,3150256,Q15551114,,
lithocarpus-konishii,Lithocarpus konishii,Lithocarpus,konishii,Fagaceae,,,,,,5332853,Q11142532,,
cotoneaster-franchetii,Cotoneaster franchetii,Cotoneaster,franchetii,Rosaceae,,,,,,3026162,Q1441316,,
brahea-armata,Brahea armata,Brahea,armata,Arecaceae,,,,,,2736794,Q1758201,,
bauhinia-divaricata,Bauhinia divaricata,Bauhinia,divaricata,Fabaceae,,,,,,2953439,Q5723680,,
tephrocactus-articulatus,Tephrocactus articulatus,Tephrocactus,articulatus,Cactaceae,,,,,,7283993,Q309937,,
opuntia-polyacantha,Opuntia polyacantha,Opuntia,polyacantha,Cactaceae,,,,,,5384095,Q309965,,
scabiosa-columbaria,Scabiosa columbaria,Scabiosa,columbaria,Caprifoliaceae,,,,,,2888802,Q159263,,
lycium-chinense,Lycium chinense,Lycium,chinense,Solanaceae,,,,,,2928809,Q141303,,
cotoneaster-glaucophyllus,Cotoneaster glaucophyllus,Cotoneaster,glaucophyllus,Rosaceae,,,,,,3025781,Q3280921,,
solidago-speciosa,Solidago speciosa,Solidago,speciosa,Asteraceae,,,,,,5389063,Q664217,,
prunus-x-subhirtella,Prunus × subhirtella,Prunus,subhirtella,Rosaceae,,,,,,3021229,Q163070,,
neltuma-velutina,Neltuma velutina,Neltuma,velutina,Fabaceae,,,,,,5358538,Q132290402,,
madia-elegans,Madia elegans,Madia,elegans,Asteraceae,,,,,,7745385,Q6727675,,
erigeron-philadelphicus,Erigeron philadelphicus,Erigeron,philadelphicus,Asteraceae,,,,,,3119285,Q4115565,,
staphylea-trifolia,Staphylea trifolia,Staphylea,trifolia,Staphyleaceae,,,,,,3190467,Q3496910,,
corokia-cotoneaster,Corokia cotoneaster,Corokia,cotoneaster,Argophyllaceae,,,,,,3932870,Q17479806,,
barleria-repens,Barleria repens,Barleria,repens,Acanthaceae,,,,,,3771015,Q13034397,,
abutilon-theophrasti,Abutilon theophrasti,Abutilon,theophrasti,Malvaceae,,,,,,3152614,Q606369,,
actinidia-arguta,Actinidia arguta,Actinidia,arguta,Actinidiaceae,,,,,,3189693,Q848074,,
peltophorum-dubium,Peltophorum dubium,Peltophorum,dubium,Fabaceae,,,,,,2952798,Q2719049,,
vernicia-montana,Vernicia montana,Vernicia,montana,Euphorbiaceae,,,,,,3074918,Q3016642,,
sedum-kimnachii,Sedum kimnachii,Sedum,kimnachii,Crassulaceae,,,,,,5688090,Q17773653,,
echinocereus-triglochidiatus,Echinocereus triglochidiatus,Echinocereus,triglochidiatus,Cactaceae,,,,,,3084112,Q144597,,
ornithogalum-dubium,Ornithogalum dubium,Ornithogalum,dubium,Asparagaceae,,,,,,2773605,Q2028145,,
waldsteinia-ternata,Waldsteinia ternata,Waldsteinia,ternata,Rosaceae,,,,,,11844792,Q497124,,
glebionis-segetum,Glebionis segetum,Glebionis,segetum,Asteraceae,,,,,,3141101,Q28242,,
rosa-palustris,Rosa palustris,Rosa,palustris,Rosaceae,,,,,,3004297,Q958046,,
tecomanthe-speciosa,Tecomanthe speciosa,Tecomanthe,speciosa,Bignoniaceae,,,,,,4093362,Q7692779,,
haworthia-cymbiformis,Haworthia cymbiformis,Haworthia,cymbiformis,Asphodelaceae,,,,,,2779810,Q247484,,
aristolochia-tomentosa,Aristolochia tomentosa,Aristolochia,tomentosa,Aristolochiaceae,,,,,,3589400,Q4791042,,
metrosideros-robusta,Metrosideros robusta,Metrosideros,robusta,Myrtaceae,,,,,,3185294,Q744244,,
machilus-thunbergii,Machilus thunbergii,Machilus,thunbergii,Lauraceae,,,,,,4177874,Q5792073,,
senecio-angulatus,Senecio angulatus,Senecio,angulatus,Asteraceae,,,,,,4933568,Q1402425,,
syzygium-buxifolium,Syzygium buxifolium,Syzygium,buxifolium,Myrtaceae,,,,,,3182771,Q10958324,,
rhododendron-canescens,Rhododendron canescens,Rhododendron,canescens,Ericaceae,,,,,,7657461,Q16918488,,
haematoxylum-campechianum,Haematoxylum campechianum,Haematoxylum,campechianum,Fabaceae,,,,,,2950903,Q376320,,
cinnamomum-kotoense,Cinnamomum kotoense,Cinnamomum,kotoense,Lauraceae,,,,,,4182883,Q10893587,,
streptocarpus-saxorum,Streptocarpus saxorum,Streptocarpus,saxorum,Gesneriaceae,,,,,,5590445,Q17708902,,
vitis-rotundifolia,Vitis rotundifolia,Vitis,rotundifolia,Vitaceae,,,,,,5372394,Q2701573,,
clianthus-puniceus,Clianthus puniceus,Clianthus,puniceus,Fabaceae,,,,,,2941713,Q1616054,,
rumex-sanguineus,Rumex sanguineus,Rumex,sanguineus,Polygonaceae,,,,,,2888960,Q212246,,
gillenia-trifoliata,Gillenia trifoliata,Gillenia,trifoliata,Rosaceae,,,,,,2986435,Q827013,,
baileya-multiradiata,Baileya multiradiata,Baileya,multiradiata,Asteraceae,,,,,,8347815,Q665546,,
yucca-pallida,Yucca pallida,Yucca,pallida,Asparagaceae,,,,,,2775601,Q141798,,
echeveria-lilacina,Echeveria lilacina,Echeveria,lilacina,Crassulaceae,,,,,,4200810,Q5332386,,
crateva-unilocularis,Crateva unilocularis,Crateva,unilocularis,Capparaceae,,,,,,3871303,Q3002201,,
cryptocarya-alba,Cryptocarya alba,Cryptocarya,alba,Lauraceae,,,,,,4178741,Q2661699,,
mimosa-strigillosa,Mimosa strigillosa,Mimosa,strigillosa,Fabaceae,,,,,,2969657,Q6862340,,
sedum-potosinum,Sedum potosinum,Sedum,potosinum,Crassulaceae,,,,,,5689215,Q15486049,,
cassia-x-nealiae,Cassia × nealiae,Cassia,nealiae,Fabaceae,,,,,,5357134,,,
papaver-dubium,Papaver dubium,Papaver,dubium,Papaveraceae,,,,,,2888464,Q149325,,
saururus-cernuus,Saururus cernuus,Saururus,cernuus,Saururaceae,,,,,,5384932,Q162365,,
ipomoea-pes-caprae,Ipomoea pes-caprae,Ipomoea,pes-caprae,Convolvulaceae,,,,,,7999386,Q198794,,
arctostaphylos-densiflora,Arctostaphylos densiflora,Arctostaphylos,densiflora,Ericaceae,,,,,,2882538,Q4787657,,
epidendrum-secundum,Epidendrum secundum,Epidendrum,secundum,Orchidaceae,,,,,,5319755,Q1094025,,
pteridium-aquilinum,Pteridium aquilinum,Pteridium,aquilinum,Dennstaedtiaceae,,,,,,5275012,Q213548,,
ficus-virens,Ficus virens,Ficus,virens,Moraceae,,,,,,9512597,Q2717818,,
trichocereus-candicans,Trichocereus candicans,Trichocereus,candicans,Cactaceae,,,,,,10968642,Q41793345,,
hesperoyucca-whipplei,Hesperoyucca whipplei,Hesperoyucca,whipplei,Asparagaceae,,,,,,2770323,Q19848612,,
pentaglottis-sempervirens,Pentaglottis sempervirens,Pentaglottis,sempervirens,Boraginaceae,,,,,,2926130,Q2761526,,
clarkia-purpurea,Clarkia purpurea,Clarkia,purpurea,Onagraceae,,,,,,5420968,Q5127558,,
verbesina-alternifolia,Verbesina alternifolia,Verbesina,alternifolia,Asteraceae,,,,,,3147815,Q11933237,,
juglans-neotropica,Juglans neotropica,Juglans,neotropica,Juglandaceae,,,,,,3054364,Q6304900,,
aloe-thraskii,Aloe thraskii,Aloe,thraskii,Asphodelaceae,,,,,,2777953,Q149302,,
asclepias-viridis,Asclepias viridis,Asclepias,viridis,Apocynaceae,,,,,,3170294,Q4803921,,
coprosma-robusta,Coprosma robusta,Coprosma,robusta,Rubiaceae,,,,,,2911561,Q5168972,,
sanguisorba-officinalis,Sanguisorba officinalis,Sanguisorba,officinalis,Rosaceae,,,,,,3029627,Q157347,,
haworthiopsis-coarctata,Haworthiopsis coarctata,Haworthiopsis,coarctata,Asphodelaceae,,,,,,9549498,Q58927106,,
carex-pendula,Carex pendula,Carex,pendula,Cyperaceae,,,,,,2722051,Q1466032,,
solanum-laciniatum,Solanum laciniatum,Solanum,laciniatum,Solanaceae,,,,,,2930439,Q151035,,
aster-indicus,Aster indicus,Aster,indicus,,,,,,,,Q15248295,,
pycnanthemum-incanum,Pycnanthemum incanum,Pycnanthemum,incanum,Lamiaceae,,,,,,2927354,Q7262900,,
salvia-lavanduloides,Salvia lavanduloides,Salvia,lavanduloides,Lamiaceae,,,,,,7308690,Q15359861,,
erythronium-revolutum,Erythronium revolutum,Erythronium,revolutum,Liliaceae,,,,,,2752833,Q1595305,,
gmelina-arborea,Gmelina arborea,Gmelina,arborea,Lamiaceae,,,,,,8247889,Q311345,,
pinus-greggii,Pinus greggii,Pinus,greggii,Pinaceae,,,,,,5285216,Q137015,,
crocus-x-stellaris,Crocus × stellaris,Crocus,stellaris,Iridaceae,,,,,,2747750,,,
cotoneaster-divaricatus,Cotoneaster divaricatus,Cotoneaster,divaricatus,Rosaceae,,,,,,3026334,Q162405,,
crateva-adansonii,Crateva adansonii,Crateva,adansonii,Capparaceae,,,,,,3871686,Q15545890,,
salix-x-fragilis,Salix × fragilis,Salix,fragilis,Salicaceae,,,,,,5372829,,,
achillea-ptarmica,Achillea ptarmica,Achillea,ptarmica,Asteraceae,,,,,,3120333,Q1335122,,
tamarix-aphylla,Tamarix aphylla,Tamarix,aphylla,Tamaricaceae,,,,,,2874704,Q2889746,,
forestiera-pubescens,Forestiera pubescens,Forestiera,pubescens,Oleaceae,,,,,,3172385,Q7159145,,
pinus-maximartinezii,Pinus maximartinezii,Pinus,maximartinezii,Pinaceae,,,,,,5285632,Q3308307,,
ferocactus-histrix,Ferocactus histrix,Ferocactus,histrix,Cactaceae,,,,,,3949565,Q145195,,
carex-grayi,Carex grayi,Carex,grayi,Cyperaceae,,,,,,2726360,Q10675688,,
cestrum-aurantiacum,Cestrum aurantiacum,Cestrum,aurantiacum,Solanaceae,,,,,,2928790,Q147708,,
malus-x-floribunda,Malus × floribunda,Malus,floribunda,Rosaceae,,,,,,3001365,Q1683370,,
nyctanthes-arbor-tristis,Nyctanthes arbor-tristis,Nyctanthes,arbor-tristis,Oleaceae,,,,,,3683008,Q764525,,
quercus-dentata,Quercus dentata,Quercus,dentata,Fagaceae,,,,,,2879353,Q1377319,,
callaeum-macropterum,Callaeum macropterum,Callaeum,macropterum,Malpighiaceae,,,,,,3191331,Q15387893,,
hyacinthoides-x-massartiana,Hyacinthoides × massartiana,Hyacinthoides,massartiana,Asparagaceae,,,,,,5304294,Q15296397,,
allium-triquetrum,Allium triquetrum,Allium,triquetrum,Amaryllidaceae,,,,,,2856457,Q1532690,,
saraca-asoca,Saraca asoca,Saraca,asoca,Fabaceae,,,,,,7458904,Q757356,,
millingtonia-hortensis,Millingtonia hortensis,Millingtonia,hortensis,Bignoniaceae,,,,,,7629955,Q1549453,,
aechmea-distichantha,Aechmea distichantha,Aechmea,distichantha,Bromeliaceae,,,,,,2698018,Q4687229,,
philodendron-gloriosum,Philodendron gloriosum,Philodendron,gloriosum,Araceae,,,,,,2870786,Q11071985,,
hypericum-geminiflorum,Hypericum geminiflorum,Hypericum,geminiflorum,Hypericaceae,,,,,,7330063,Q10912517,,
spiraea-betulifolia,Spiraea betulifolia,Spiraea,betulifolia,Rosaceae,,,,,,3026550,Q6133271,,
cryptostegia-grandiflora,Cryptostegia grandiflora,Cryptostegia,grandiflora,Apocynaceae,,,,,,3170473,Q135531,,
cosmos-caudatus,Cosmos caudatus,Cosmos,caudatus,Asteraceae,,,,,,3098932,Q5174633,,
justicia-betonica,Justicia betonica,Justicia,betonica,Acanthaceae,,,,,,7418885,Q3190385,,
sedum-x-luteoviride,Sedum × luteoviride,Sedum,luteoviride,Crassulaceae,,,,,,5690841,,,
euphorbia-bracteata,Euphorbia bracteata,Euphorbia,bracteata,Euphorbiaceae,,,,,,3070597,Q5851442,,
ctenanthe-oppenheimiana,Ctenanthe oppenheimiana,Ctenanthe,oppenheimiana,Marantaceae,,,,,,2762437,Q5191611,,
dendrobium-anosmum,Dendrobium anosmum,Dendrobium,anosmum,Orchidaceae,,,,,,5316950,Q3314284,,
ficus-racemosa,Ficus racemosa,Ficus,racemosa,Moraceae,,,,,,5361904,Q713794,,
viburnum-x-burkwoodii,Viburnum × burkwoodii,Viburnum,burkwoodii,Viburnaceae,,,,,,3857337,Q3502059,,
narcissus-bulbocodium,Narcissus bulbocodium,Narcissus,bulbocodium,Amaryllidaceae,,,,,,2858846,Q1356993,,
moluccella-laevis,Moluccella laevis,Moluccella,laevis,Lamiaceae,,,,,,2926881,Q3545393,,
eucalyptus-grandis,Eucalyptus grandis,Eucalyptus,grandis,Myrtaceae,,,,,,3177028,Q482510,,
amorphophallus-paeoniifolius,Amorphophallus paeoniifolius,Amorphophallus,paeoniifolius,Araceae,,,,,,2871533,Q151527,,
selaginella-kraussiana,Selaginella kraussiana,Selaginella,kraussiana,Selaginellaceae,,,,,,2688189,Q7447419,,
cotoneaster-hjelmqvistii,Cotoneaster hjelmqvistii,Cotoneaster,hjelmqvistii,Rosaceae,,,,,,3026092,Q17246959,,
phedimus-hybridus,Phedimus hybridus,Phedimus,hybridus,Crassulaceae,,,,,,4201695,Q17759746,,
verbascum-nigrum,Verbascum nigrum,Verbascum,nigrum,Scrophulariaceae,,,,,,3171945,Q162040,,
pinus-cembroides,Pinus cembroides,Pinus,cembroides,Pinaceae,,,,,,5285172,Q3506511,,
rosa-woodsii,Rosa woodsii,Rosa,woodsii,Rosaceae,,,,,,3004072,Q1031875,,
muehlenbeckia-axillaris,Muehlenbeckia axillaris,Muehlenbeckia,axillaris,Polygonaceae,,,,,,2888860,Q2254225,,
quercus-frainetto,Quercus frainetto,Quercus,frainetto,Fagaceae,,,,,,2879520,Q857075,,
dicentra-cucullaria,Dicentra cucullaria,Dicentra,cucullaria,Papaveraceae,,,,,,2888548,Q2499207,,
eleusine-indica,Eleusine indica,Eleusine,indica,Poaceae,,,,,,2705953,Q1148930,,
quercus-buckleyi,Quercus buckleyi,Quercus,buckleyi,Fagaceae,,,,,,2879863,Q3017139,,
xiphidium-caeruleum,Xiphidium caeruleum,Xiphidium,caeruleum,Haemodoraceae,,,,,,5303594,Q15335012,,
ruellia-californica,Ruellia californica,Ruellia,californica,Acanthaceae,,,,,,7264163,Q15357005,,
ficus-sycomorus,Ficus sycomorus,Ficus,sycomorus,Moraceae,,,,,,5361921,Q750217,,
nothofagus-fusca,Nothofagus fusca,Nothofagus,fusca,Nothofagaceae,,,,,,2874959,Q311764,,
banksia-serrata,Banksia serrata,Banksia,serrata,Proteaceae,,,,,,8144360,Q2124919,,
chrysactinia-mexicana,Chrysactinia mexicana,Chrysactinia,mexicana,Asteraceae,,,,,,3151386,Q15593479,,
nymphaea-tetragona,Nymphaea tetragona,Nymphaea,tetragona,Nymphaeaceae,,,,,,2882422,Q244009,,
chrysocephalum-apiculatum,Chrysocephalum apiculatum,Chrysocephalum,apiculatum,Asteraceae,,,,,,3150895,Q5114724,,
dudleya-brittonii,Dudleya brittonii,Dudleya,brittonii,Crassulaceae,,,,,,4199328,Q10956818,,
ceroxylon-quindiuense,Ceroxylon quindiuense,Ceroxylon,quindiuense,Arecaceae,,,,,,2731831,Q907665,,
puya-alpestris,Puya alpestris,Puya,alpestris,Bromeliaceae,,,,,,2696359,Q143989,,
oxalis-spiralis,Oxalis spiralis,Oxalis,spiralis,Oxalidaceae,,,,,,7156841,Q3887771,,
terminalia-arjuna,Terminalia arjuna,Terminalia,arjuna,Combretaceae,,,,,,3699548,Q2719381,,
colchicum-speciosum,Colchicum speciosum,Colchicum,speciosum,Colchicaceae,,,,,,2739794,Q2671042,,
breynia-androgyna,Breynia androgyna,Breynia,androgyna,Phyllanthaceae,,,,,,9197670,Q65931971,,
iris-tenax,Iris tenax,Iris,tenax,Iridaceae,,,,,,5298736,Q13638423,,
lonicera-morrowii,Lonicera morrowii,Lonicera,morrowii,Caprifoliaceae,,,,,,5334275,Q2701825,,
berberis-nervosa,Berberis nervosa,Berberis,nervosa,Berberidaceae,,,,,,3033875,Q19848987,,
opuntia-leucotricha,Opuntia leucotricha,Opuntia,leucotricha,Cactaceae,,,,,,5384076,Q149394,,
cleomella-serrulata,Cleomella serrulata,Cleomella,serrulata,Cleomaceae,,,,,,8145885,Q42734358,,
silphium-asteriscus,Silphium asteriscus,Silphium,asteriscus,Asteraceae,,,,,,3092582,Q7515560,,
yucca-rupicola,Yucca rupicola,Yucca,rupicola,Asparagaceae,,,,,,2775732,Q2601655,,
bambusa-oldhamii,Bambusa oldhamii,Bambusa,oldhamii,Poaceae,,,,,,4141692,Q309923,,
corokia-x-virgata,Corokia × virgata,Corokia,virgata,Argophyllaceae,,,,,,3932838,,,
apocynum-cannabinum,Apocynum cannabinum,Apocynum,cannabinum,Apocynaceae,,,,,,3169790,Q2598218,,
lepechinia-fragrans,Lepechinia fragrans,Lepechinia,fragrans,Lamiaceae,,,,,,2926565,Q6527337,,
picea-engelmannii,Picea engelmannii,Picea,engelmannii,Pinaceae,,,,,,5284917,Q165387,,
solidago-sempervirens,Solidago sempervirens,Solidago,sempervirens,Asteraceae,,,,,,5388927,Q7557963,,
tetragonia-tetragonoides,Tetragonia tetragonoides,Tetragonia,tetragonoides,Aizoaceae,,,,,,5554574,Q278283,,
echinocereus-engelmannii,Echinocereus engelmannii,Echinocereus,engelmannii,Cactaceae,,,,,,3084111,Q142731,,
euphorbia-corollata,Euphorbia corollata,Euphorbia,corollata,Euphorbiaceae,,,,,,3068091,Q5410423,,
bromelia-pinguin,Bromelia pinguin,Bromelia,pinguin,Bromeliaceae,,,,,,5287905,Q5158994,,
piper-excelsum,Piper excelsum,Piper,excelsum,Piperaceae,,,,,,7305291,Q21306444,,
pilosella-aurantiaca,Pilosella aurantiaca,Pilosella,aurantiaca,Asteraceae,,,,,,3122924,Q20757547,,
rhododendron-kanehirae,Rhododendron kanehirae,Rhododendron,kanehirae,Ericaceae,,,,,,4936864,Q3024319,,
acacia-mearnsii,Acacia mearnsii,Acacia,mearnsii,Fabaceae,,,,,,2979775,Q311430,,
desmanthus-illinoensis,Desmanthus illinoensis,Desmanthus,illinoensis,Fabaceae,,,,,,7484581,Q5264596,,
prosopis-cineraria,Prosopis cineraria,Prosopis,cineraria,Fabaceae,,,,,,5358521,Q1136117,,
encephalartos-natalensis,Encephalartos natalensis,Encephalartos,natalensis,Zamiaceae,,,,,,2683756,Q538001,,
rhinacanthus-nasutus,Rhinacanthus nasutus,Rhinacanthus,nasutus,Acanthaceae,,,,,,7263230,Q1039258,,
sedum-pallidum,Sedum pallidum,Sedum,pallidum,Crassulaceae,,,,,,8016728,Q15485780,,
curio-radicans,Curio radicans,Curio,radicans,Asteraceae,,,,,,3107396,Q50840600,,
oemleria-cerasiformis,Oemleria cerasiformis,Oemleria,cerasiformis,Rosaceae,,,,,,2988485,Q919244,,
pinus-coulteri,Pinus coulteri,Pinus,coulteri,Pinaceae,,,,,,5285113,Q1137001,,
daphne-laureola,Daphne laureola,Daphne,laureola,Thymelaeaceae,,,,,,5420853,Q161418,,
rhododendron-prinophyllum,Rhododendron prinophyllum,Rhododendron,prinophyllum,Ericaceae,,,,,,2883082,Q7321161,,
melastoma-malabathricum,Melastoma malabathricum,Melastoma,malabathricum,Melastomataceae,,,,,,3188511,Q722767,,
oxalis-pes-caprae,Oxalis pes-caprae,Oxalis,pes-caprae,Oxalidaceae,,,,,,2891661,Q1640921,,
ericameria-nauseosa,Ericameria nauseosa,Ericameria,nauseosa,Asteraceae,,,,,,3103017,Q669582,,
camassia-quamash,Camassia quamash,Camassia,quamash,Asparagaceae,,,,,,2769084,Q4992158,,
euphorbia-oblongata,Euphorbia oblongata,Euphorbia,oblongata,Euphorbiaceae,,,,,,3069460,Q4247295,,
butia-capitata,Butia capitata,Butia,capitata,Arecaceae,,,,,,2736211,Q2705848,,
banksia-spinulosa,Banksia spinulosa,Banksia,spinulosa,Proteaceae,,,,,,7124071,Q2882800,,
mammillaria-geminispina,Mammillaria geminispina,Mammillaria,geminispina,Cactaceae,,,,,,7280235,Q148155,,
benincasa-hispida,Benincasa hispida,Benincasa,hispida,Cucurbitaceae,,,,,,2874524,Q652206,,
cylindropuntia-leptocaulis,Cylindropuntia leptocaulis,Cylindropuntia,leptocaulis,Cactaceae,,,,,,7282605,Q143948,,
buddleja-salviifolia,Buddleja salviifolia,Buddleja,salviifolia,Scrophulariaceae,,,,,,4055797,Q4984715,,
cissus-quadrangularis,Cissus quadrangularis,Cissus,quadrangularis,Vitaceae,,,,,,7130673,Q2157164,,
dendrobium-crumenatum,Dendrobium crumenatum,Dendrobium,crumenatum,Orchidaceae,,,,,,5316744,Q717085,,
corryocactus-melanotrichus,Corryocactus melanotrichus,Corryocactus,melanotrichus,Cactaceae,,,,,,7283981,Q1135413,,
dimorphotheca-spectabilis,Dimorphotheca spectabilis,Dimorphotheca,spectabilis,Asteraceae,,,,,,5402336,Q15575721,,
stachytarpheta-mutabilis,Stachytarpheta mutabilis,Stachytarpheta,mutabilis,Verbenaceae,,,,,,2925462,Q7595918,,
roldana-petasitis,Roldana petasitis,Roldana,petasitis,Asteraceae,,,,,,3141665,Q7360615,,
momordica-cochinchinensis,Momordica cochinchinensis,Momordica,cochinchinensis,Cucurbitaceae,,,,,,2874580,Q311079,,
goeppertia-picturata,Goeppertia picturata,Goeppertia,picturata,Marantaceae,,,,,,7902198,Q50841690,,
amelanchier-laevis,Amelanchier laevis,Amelanchier,laevis,Rosaceae,,,,,,3023832,Q163825,,
blighia-sapida,Blighia sapida,Blighia,sapida,Sapindaceae,,,,,,3189955,Q417145,,
aloe-brevifolia,Aloe brevifolia,Aloe,brevifolia,Asphodelaceae,,,,,,2777639,Q136896,,
euphorbia-antiquorum,Euphorbia antiquorum,Euphorbia,antiquorum,Euphorbiaceae,,,,,,3069535,Q419654,,
calamagrostis-x-acutiflora,Calamagrostis × acutiflora,Calamagrostis,acutiflora,Poaceae,,,,,,4127011,,,
viguiera-pazensis,Viguiera pazensis,Viguiera,pazensis,Asteraceae,,,,,,9392518,Q15570138,,
aeonium-lancerottense,Aeonium lancerottense,Aeonium,lancerottense,Crassulaceae,,,,,,4197955,Q2634853,,
pseudopanax-crassifolius,Pseudopanax crassifolius,Pseudopanax,crassifolius,Araliaceae,,,,,,3037461,Q7255222,,
salvia-roemeriana,Salvia roemeriana,Salvia,roemeriana,Lamiaceae,,,,,,2927035,Q7406879,,
lafoensia-acuminata,Lafoensia acuminata,Lafoensia,acuminata,Lythraceae,,,,,,3989776,Q15530816,,
litsea-glutinosa,Litsea glutinosa,Litsea,glutinosa,Lauraceae,,,,,,7304140,Q10743709,,
populus-simonii,Populus simonii,Populus,simonii,Salicaceae,,,,,,3040231,Q182756,,
hatiora-salicornoides,Hatiora salicornoides,Hatiora,salicornoides,Cactaceae,,,,,,12218755,Q135188,,
eriogonum-umbellatum,Eriogonum umbellatum,Eriogonum,umbellatum,Polygonaceae,,,,,,2889574,Q280299,,
arisaema-dracontium,Arisaema dracontium,Arisaema,dracontium,Araceae,,,,,,2866850,Q2861311,,
maxillaria-tenuifolia,Maxillaria tenuifolia,Maxillaria,tenuifolia,Orchidaceae,,,,,,5317968,Q6795542,,
malus-toringo,Malus toringo,Malus,toringo,Rosaceae,,,,,,7848132,Q52626848,,
echium-wildpretii,Echium wildpretii,Echium,wildpretii,Boraginaceae,,,,,,7295503,Q162998,,
tillandsia-aeranthos,Tillandsia aeranthos,Tillandsia,aeranthos,Bromeliaceae,,,,,,7843252,Q4895284,,
forsythia-koreana,Forsythia koreana,Forsythia,koreana,Oleaceae,,,,,,7325949,Q12583210,,
sinapis-alba,Sinapis alba,Sinapis,alba,Brassicaceae,,,,,,3047621,Q146202,,
penstemon-calycosus,Penstemon calycosus,Penstemon,calycosus,Plantaginaceae,,,,,,3171380,Q17739522,,
ruellia-elegans,Ruellia elegans,Ruellia,elegans,Acanthaceae,,,,,,8042534,Q3452756,,
betula-alleghaniensis,Betula alleghaniensis,Betula,alleghaniensis,Betulaceae,,,,,,5331779,Q1499241,,
watsonia-borbonica,Watsonia borbonica,Watsonia,borbonica,Iridaceae,,,,,,5297820,Q7974880,,
echeveria-setosa,Echeveria setosa,Echeveria,setosa,Crassulaceae,,,,,,7334105,Q5332391,,
hippeastrum-striatum,Hippeastrum striatum,Hippeastrum,striatum,Amaryllidaceae,,,,,,2854490,Q9003927,,
oxalis-stricta,Oxalis stricta,Oxalis,stricta,Oxalidaceae,,,,,,9823072,Q158332,,
quercus-ellipsoidalis,Quercus ellipsoidalis,Quercus,ellipsoidalis,Fagaceae,,,,,,2879276,Q241698,,
ulmus-rubra,Ulmus rubra,Ulmus,rubra,Ulmaceae,,,,,,5361867,Q1534893,,
petasites-hybridus,Petasites hybridus,Petasites,hybridus,Asteraceae,,,,,,9490132,Q375620,,
calystegia-sepium,Calystegia sepium,Calystegia,sepium,Convolvulaceae,,,,,,2928441,Q161704,,
buddleja-globosa,Buddleja globosa,Buddleja,globosa,Scrophulariaceae,,,,,,6387494,Q4984650,,
acacia-pravissima,Acacia pravissima,Acacia,pravissima,Fabaceae,,,,,,2978643,Q2074775,,
euphorbia-canariensis,Euphorbia canariensis,Euphorbia,canariensis,Euphorbiaceae,,,,,,3066139,Q1568081,,
prunus-x-cistena,Prunus × cistena,Prunus,cistena,Rosaceae,,,,,,3022465,,,
acer-pensylvanicum,Acer pensylvanicum,Acer,pensylvanicum,Sapindaceae,,,,,,3189836,Q1190312,,
heliotropium-angiospermum,Heliotropium angiospermum,Heliotropium,angiospermum,Heliotropiaceae,,,,,,2925809,Q15490354,,
astrophytum-asterias,Astrophytum asterias,Astrophytum,asterias,Cactaceae,,,,,,5384219,Q132514,,
correa-reflexa,Correa reflexa,Correa,reflexa,Rutaceae,,,,,,7269130,Q8463551,,
salvinia-molesta,Salvinia molesta,Salvinia,molesta,Salviniaceae,,,,,,5274863,Q2716094,,
scutellaria-ovata,Scutellaria ovata,Scutellaria,ovata,Lamiaceae,,,,,,5341334,Q7439568,,
podocarpus-elatus,Podocarpus elatus,Podocarpus,elatus,Podocarpaceae,,,,,,5286128,Q2504953,,
clerodendrum-chinense,Clerodendrum chinense,Clerodendrum,chinense,Lamiaceae,,,,,,2925357,Q10475331,,
olearia-paniculata,Olearia paniculata,Olearia,paniculata,Asteraceae,,,,,,5405261,Q2019091,,
allium-schubertii,Allium schubertii,Allium,schubertii,Amaryllidaceae,,,,,,2857583,Q4268445,,
limnanthes-douglasii,Limnanthes douglasii,Limnanthes,douglasii,Limnanthaceae,,,,,,5334527,Q1251952,,
pseudopanax-arboreus,Pseudopanax arboreus,Pseudopanax,arboreus,Araliaceae,,,,,,3036510,Q3409551,,
xanthosoma-violaceum,Xanthosoma violaceum,Xanthosoma,violaceum,Araceae,,,,,,5330901,Q10394261,,
hydrophyllum-virginianum,Hydrophyllum virginianum,Hydrophyllum,virginianum,Hydrophyllaceae,,,,,,2928281,Q5955321,,
eurybia-macrophylla,Eurybia macrophylla,Eurybia,macrophylla,Asteraceae,,,,,,5396106,Q19848825,,
solanum-mammosum,Solanum mammosum,Solanum,mammosum,Solanaceae,,,,,,2930569,Q1639604,,
radermachera-sinica,Radermachera sinica,Radermachera,sinica,Bignoniaceae,,,,,,4092178,Q203625,,
streblus-asper,Streblus asper,Streblus,asper,Moraceae,,,,,,10242935,Q23370,,
echeveria-x-imbricata,Echeveria × imbricata,Echeveria,imbricata,Crassulaceae,,,,,,4201176,,,
pinus-taiwanensis,Pinus taiwanensis,Pinus,taiwanensis,Pinaceae,,,,,,5285810,Q716595,,
arenga-engleri,Arenga engleri,Arenga,engleri,Arecaceae,,,,,,2733994,Q11045924,,
cobaea-scandens,Cobaea scandens,Cobaea,scandens,Polemoniaceae,,,,,,4204358,Q424385,,
callicarpa-japonica,Callicarpa japonica,Callicarpa,japonica,Lamiaceae,,,,,,5341134,Q1152721,,
strelitzia-juncea,Strelitzia juncea,Strelitzia,juncea,Strelitziaceae,,,,,,11063870,Q149919,,
vachellia-sieberiana,Vachellia sieberiana,Vachellia,sieberiana,Fabaceae,,,,,,7564113,Q43375469,,
freylinia-tropica,Freylinia tropica,Freylinia,tropica,Scrophulariaceae,,,,,,3733350,Q4492619,,
gladiolus-italicus,Gladiolus italicus,Gladiolus,italicus,Iridaceae,,,,,,2749791,Q2272100,,
fothergilla-major,Fothergilla major,Fothergilla,major,Hamamelidaceae,,,,,,10865929,Q1151189,,
gibasis-pellucida,Gibasis pellucida,Gibasis,pellucida,Commelinaceae,,,,,,2764892,Q15561821,,
crataegus-sanguinea,Crataegus sanguinea,Crataegus,sanguinea,Rosaceae,,,,,,3013574,Q2995056,,
nepenthes-graciliflora,Nepenthes graciliflora,Nepenthes,graciliflora,Nepenthaceae,,,,,,3702056,Q15044185,,
narcissus-jonquilla,Narcissus jonquilla,Narcissus,jonquilla,Amaryllidaceae,,,,,,2858909,Q1703489,,
vitis-riparia,Vitis riparia,Vitis,riparia,Vitaceae,,,,,,5372385,Q1081461,,
eucalyptus-erythrocorys,Eucalyptus erythrocorys,Eucalyptus,erythrocorys,Myrtaceae,,,,,,3176896,Q3024438,,
bauhinia-forficata,Bauhinia forficata,Bauhinia,forficata,Fabaceae,,,,,,2953861,Q2568862,,
hedera-colchica,Hedera colchica,Hedera,colchica,Araliaceae,,,,,,3036033,Q567948,,
brassavola-nodosa,Brassavola nodosa,Brassavola,nodosa,Orchidaceae,,,,,,5314167,Q500618,,
ludisia-discolor,Ludisia discolor,Ludisia,discolor,Orchidaceae,,,,,,8002439,Q135499,,
asarum-canadense,Asarum canadense,Asarum,canadense,Aristolochiaceae,,,,,,2873947,Q2866323,,
leucaena-retusa,Leucaena retusa,Leucaena,retusa,Fabaceae,,,,,,2970404,Q6533923,,
guaiacum-officinale,Guaiacum officinale,Guaiacum,officinale,Zygophyllaceae,,,,,,3986813,Q2051175,,
helianthus-petiolaris,Helianthus petiolaris,Helianthus,petiolaris,Asteraceae,,,,,,3119225,Q5704886,,
rosa-nutkana,Rosa nutkana,Rosa,nutkana,Rosaceae,,,,,,3011070,Q3106488,,
echinacea-angustifolia,Echinacea angustifolia,Echinacea,angustifolia,Asteraceae,,,,,,3150933,Q1062627,,
phyllanthus-tenellus,Phyllanthus tenellus,Phyllanthus,tenellus,Phyllanthaceae,,,,,,5381097,Q10882137,,
hakonechloa-macra,Hakonechloa macra,Hakonechloa,macra,Poaceae,,,,,,4125185,Q1129703,,
elaeagnus-reflexa,Elaeagnus reflexa,Elaeagnus,reflexa,Elaeagnaceae,,,,,,4048279,Q15538594,,
baptisia-lactea,Baptisia lactea,Baptisia,lactea,Fabaceae,,,,,,2976077,Q17444972,,
astragalus-cicer,Astragalus cicer,Astragalus,cicer,Fabaceae,,,,,,5343253,Q161126,,
quercus-gambelii,Quercus gambelii,Quercus,gambelii,Fagaceae,,,,,,2878268,Q2266358,,
grindelia-integrifolia,Grindelia integrifolia,Grindelia,integrifolia,Asteraceae,,,,,,3146296,Q15548087,,
geranium-incanum,Geranium incanum,Geranium,incanum,Geraniaceae,,,,,,2890643,Q15337110,,
matourea-azurea,Matourea azurea,Matourea,azurea,Plantaginaceae,,,,,,11010389,Q125939755,,
dendromecon-harfordii,Dendromecon harfordii,Dendromecon,harfordii,Papaveraceae,,,,,,2888425,Q5256764,,
freesia-laxa,Freesia laxa,Freesia,laxa,Iridaceae,,,,,,2747067,Q5501152,,
brunfelsia-australis,Brunfelsia australis,Brunfelsia,australis,Solanaceae,,,,,,3800200,Q992602,,
asparagus-cochinchinensis,Asparagus cochinchinensis,Asparagus,cochinchinensis,Asparagaceae,,,,,,2768772,Q8207156,,
pinus-brachyptera,Pinus brachyptera,Pinus,brachyptera,Pinaceae,,,,,,5285070,Q50860720,,
enterolobium-contortisiliquum,Enterolobium contortisiliquum,Enterolobium,contortisiliquum,Fabaceae,,,,,,2961170,Q2719035,,
dioscorea-bulbifera,Dioscorea bulbifera,Dioscorea,bulbifera,Dioscoreaceae,,,,,,2755489,Q311239,,
allocasuarina-verticillata,Allocasuarina verticillata,Allocasuarina,verticillata,Casuarinaceae,,,,,,2891902,Q4732995,,
glandularia-bipinnatifida,Glandularia bipinnatifida,Glandularia,bipinnatifida,Verbenaceae,,,,,,7699885,Q15501351,,
abies-fraseri,Abies fraseri,Abies,fraseri,Pinaceae,,,,,,2685318,Q1451343,,
alnus-rhombifolia,Alnus rhombifolia,Alnus,rhombifolia,Betulaceae,,,,,,2876207,Q2666303,,
senna-spectabilis,Senna spectabilis,Senna,spectabilis,Fabaceae,,,,,,2957438,Q2720974,,
nymphaea-ampla,Nymphaea ampla,Nymphaea,ampla,Nymphaeaceae,,,,,,2882432,Q3346672,,
plagianthus-regius,Plagianthus regius,Plagianthus,regius,Malvaceae,,,,,,7278885,Q7200445,,
osmunda-spectabilis,Osmunda spectabilis,Osmunda,spectabilis,Osmundaceae,,,,,,7319878,Q7107257,,
erythronium-americanum,Erythronium americanum,Erythronium,americanum,Liliaceae,,,,,,2752815,Q159580,,
citrus-australasica,Citrus australasica,Citrus,australasica,Rutaceae,,,,,,3190063,Q50837145,,
dioon-spinulosum,Dioon spinulosum,Dioon,spinulosum,Zamiaceae,,,,,,2683495,Q1062866,,
psidium-guineense,Psidium guineense,Psidium,guineense,Myrtaceae,,,,,,5420509,Q6090472,,
aster-tataricus,Aster tataricus,Aster,tataricus,Asteraceae,,,,,,7751501,Q189368,,
agave-karwinskii,Agave karwinskii,Agave,karwinskii,Asparagaceae,,,,,,2767161,Q391778,,
gomphrena-haageana,Gomphrena haageana,Gomphrena,haageana,Amaranthaceae,,,,,,3084902,Q5581278,,
eriocephalus-africanus,Eriocephalus africanus,Eriocephalus,africanus,Asteraceae,,,,,,3130137,Q5389298,,
amelanchier-x-lamarckii,Amelanchier × lamarckii,Amelanchier,lamarckii,Rosaceae,,,,,,3024109,Q161702,,
silene-vulgaris,Silene vulgaris,Silene,vulgaris,Caryophyllaceae,,,,,,9172281,Q511103,,
mimulus-ringens,Mimulus ringens,Mimulus,ringens,Phrymaceae,,,,,,6070732,Q6862437,,
celtis-reticulata,Celtis reticulata,Celtis,reticulata,Cannabaceae,,,,,,6406316,Q4215121,,
clematis-tangutica,Clematis tangutica,Clematis,tangutica,Ranunculaceae,,,,,,3033535,Q4266316,,
salvia-canariensis,Salvia canariensis,Salvia,canariensis,Lamiaceae,,,,,,7306552,Q850530,,
ficus-hispida,Ficus hispida,Ficus,hispida,Moraceae,,,,,,7879404,Q3349206,,
pandanus-odorifer,Pandanus odorifer,Pandanus,odorifer,Pandanaceae,,,,,,5327293,Q15578898,,
allium-vineale,Allium vineale,Allium,vineale,Amaryllidaceae,,,,,,7792960,Q161230,,
gentiana-andrewsii,Gentiana andrewsii,Gentiana,andrewsii,Gentianaceae,,,,,,3170087,Q5533615,,
leucanthemum-x-superbum,Leucanthemum × superbum,Leucanthemum,superbum,Asteraceae,,,,,,5401007,,,
thymus-x-citriodorus,Thymus × citriodorus,Thymus,citriodorus,Lamiaceae,,,,,,5607452,,,
syzygium-floribundum,Syzygium floribundum,Syzygium,floribundum,Myrtaceae,,,,,,3182989,Q108742313,,
clerodendrum-splendens,Clerodendrum splendens,Clerodendrum,splendens,Lamiaceae,,,,,,7999246,Q5131945,,
calyptocarpus-vialis,Calyptocarpus vialis,Calyptocarpus,vialis,Asteraceae,,,,,,3091480,Q15248859,,
rhododendron-carolinianum,Rhododendron carolinianum,Rhododendron,carolinianum,Ericaceae,,,,,,2883076,Q12333374,,
angelonia-angustifolia,Angelonia angustifolia,Angelonia,angustifolia,Plantaginaceae,,,,,,3171809,Q5676693,,
melaleuca-linearis,Melaleuca linearis,Melaleuca,linearis,Myrtaceae,,,,,,3173349,Q50845569,,
osmunda-regalis,Osmunda regalis,Osmunda,regalis,Osmundaceae,,,,,,8049341,Q733398,,
desmodium-canadense,Desmodium canadense,Desmodium,canadense,Fabaceae,,,,,,2967285,Q5264638,,
bassia-scoparia,Bassia scoparia,Bassia,scoparia,Amaranthaceae,,,,,,5383936,Q829752,,
crinum-bulbispermum,Crinum bulbispermum,Crinum,bulbispermum,Amaryllidaceae,,,,,,2853668,Q847264,,
imperata-cylindrica,Imperata cylindrica,Imperata,cylindrica,Poaceae,,,,,,8424006,Q693409,,
primula-x-polyantha,Primula × polyantha,Primula,polyantha,Primulaceae,,,,,,5414348,Q12047000,,
coccinia-grandis,Coccinia grandis,Coccinia,grandis,Cucurbitaceae,,,,,,2874564,Q727330,,
dryopteris-wallichiana,Dryopteris wallichiana,Dryopteris,wallichiana,Dryopteridaceae,,,,,,5275137,Q5309785,,
acorus-gramineus,Acorus gramineus,Acorus,gramineus,Acoraceae,,,,,,2873807,Q2544575,,
gomesa-flexuosa,Gomesa flexuosa,Gomesa,flexuosa,Orchidaceae,,,,,,5826472,Q17320183,,
hamatocactus-setispinus,Hamatocactus setispinus,Hamatocactus,setispinus,Cactaceae,,,,,,3084401,Q41793449,,
claytonia-sibirica,Claytonia sibirica,Claytonia,sibirica,Montiaceae,,,,,,3084742,Q2223143,,
galanthus-woronowii,Galanthus woronowii,Galanthus,woronowii,Amaryllidaceae,,,,,,2855439,Q2594031,,
crocus-sativus,Crocus sativus,Crocus,sativus,Iridaceae,,,,,,2747430,Q15041677,,
pycnanthemum-verticillatum,Pycnanthemum verticillatum,Pycnanthemum,verticillatum,Lamiaceae,,,,,,2927363,Q15356219,,
agave-mapisaga,Agave mapisaga,Agave,mapisaga,Asparagaceae,,,,,,2766940,Q15487828,,
agastache-mexicana,Agastache mexicana,Agastache,mexicana,Lamiaceae,,,,,,7307389,Q1897366,,
bauhinia-tomentosa,Bauhinia tomentosa,Bauhinia,tomentosa,Fabaceae,,,,,,2953031,Q762875,,
brownea-grandiceps,Brownea grandiceps,Brownea,grandiceps,Fabaceae,,,,,,2970463,Q4747795,,
ficus-septica,Ficus septica,Ficus,septica,Moraceae,,,,,,7852448,Q5446640,,
strobilanthes-alternata,Strobilanthes alternata,Strobilanthes,alternata,Acanthaceae,,,,,,8297383,Q55212864,,
oceaniopteris-gibba,Oceaniopteris gibba,Oceaniopteris,gibba,Blechnaceae,,,,,,9348436,Q42749429,,
opuntia-macrocentra,Opuntia macrocentra,Opuntia,macrocentra,Cactaceae,,,,,,5384155,Q150769,,
crescentia-alata,Crescentia alata,Crescentia,alata,Bignoniaceae,,,,,,5415080,Q5184448,,
mammillaria-compressa,Mammillaria compressa,Mammillaria,compressa,Cactaceae,,,,,,7280993,Q138652,,
alternanthera-bettzickiana,Alternanthera bettzickiana,Alternanthera,bettzickiana,Amaranthaceae,,,,,,8189919,Q2840378,,
rhapidophyllum-hystrix,Rhapidophyllum hystrix,Rhapidophyllum,hystrix,Arecaceae,,,,,,5293826,Q1066988,,
haemanthus-coccineus,Haemanthus coccineus,Haemanthus,coccineus,Amaryllidaceae,,,,,,2855143,Q5638197,,
pelargonium-citronellum,Pelargonium citronellum,Pelargonium,citronellum,Geraniaceae,,,,,,3827448,Q18080642,,
evolvulus-alsinoides,Evolvulus alsinoides,Evolvulus,alsinoides,Convolvulaceae,,,,,,2928673,Q10927597,,
hepatica-acutiloba,Hepatica acutiloba,Hepatica,acutiloba,Ranunculaceae,,,,,,6374883,Q50346840,,
cistus-x-skanbergii,Cistus × skanbergii,Cistus,skanbergii,Cistaceae,,,,,,7331257,Q15333001,,
acacia-cognata,Acacia cognata,Acacia,cognata,Fabaceae,,,,,,2979090,Q4670894,,
dimorphotheca-pluvialis,Dimorphotheca pluvialis,Dimorphotheca,pluvialis,Asteraceae,,,,,,5402363,Q13036412,,
heliconia-caribaea,Heliconia caribaea,Heliconia,caribaea,Heliconiaceae,,,,,,2760924,Q15329469,,
asclepias-oenotheroides,Asclepias oenotheroides,Asclepias,oenotheroides,Apocynaceae,,,,,,3170282,Q15394024,,
neillia-incisa,Neillia incisa,Neillia,incisa,Rosaceae,,,,,,3853033,Q15545806,,
lupinus-succulentus,Lupinus succulentus,Lupinus,succulentus,Fabaceae,,,,,,2964314,Q4118446,,
lewisia-cotyledon,Lewisia cotyledon,Lewisia,cotyledon,Montiaceae,,,,,,5384256,Q1318755,,
packera-obovata,Packera obovata,Packera,obovata,Asteraceae,,,,,,3114064,Q7122971,,
centaurea-macrocephala,Centaurea macrocephala,Centaurea,macrocephala,Asteraceae,,,,,,3129064,Q1549425,,
calamagrostis-epigejos,Calamagrostis epigejos,Calamagrostis,epigejos,Poaceae,,,,,,6431455,Q157988,,
goodenia-ovata,Goodenia ovata,Goodenia,ovata,Goodeniaceae,,,,,,7262256,Q5583347,,
buxus-sinica,Buxus sinica,Buxus,sinica,Buxaceae,,,,,,7285992,Q11177620,,
thymus-praecox,Thymus praecox,Thymus,praecox,Lamiaceae,,,,,,5341449,Q2697123,,
ruellia-tuberosa,Ruellia tuberosa,Ruellia,tuberosa,Acanthaceae,,,,,,5415418,Q2715652,,
viola-riviniana,Viola riviniana,Viola,riviniana,Violaceae,,,,,,7296321,Q74174,,
agave-vilmoriniana,Agave vilmoriniana,Agave,vilmoriniana,Asparagaceae,,,,,,2766728,Q2071337,,
arabis-caucasica,Arabis caucasica,Arabis,caucasica,Brassicaceae,,,,,,5374922,Q161313,,
quercus-engelmannii,Quercus engelmannii,Quercus,engelmannii,Fagaceae,,,,,,2880771,Q3009480,,
symphyotrichum-lanceolatum,Symphyotrichum lanceolatum,Symphyotrichum,lanceolatum,Asteraceae,,,,,,9202318,Q2868396,,
chukrasia-tabularis,Chukrasia tabularis,Chukrasia,tabularis,Meliaceae,,,,,,4934732,Q12701073,,
cordyline-stricta,Cordyline stricta,Cordyline,stricta,Asparagaceae,,,,,,2766271,Q5170123,,
cleistocactus-winteri,Cleistocactus winteri,Cleistocactus,winteri,Cactaceae,,,,,,7281482,Q150196,,
penstemon-cobaea,Penstemon cobaea,Penstemon,cobaea,Plantaginaceae,,,,,,3171531,Q17739529,,
berberis-trifoliolata,Berberis trifoliolata,Berberis,trifoliolata,Berberidaceae,,,,,,11344814,Q17794769,,
pinus-echinata,Pinus echinata,Pinus,echinata,Pinaceae,,,,,,5285324,Q3237846,,
cypripedium-parviflorum,Cypripedium parviflorum,Cypripedium,parviflorum,Orchidaceae,,,,,,2820475,Q2631281,,
myristica-ceylanica,Myristica ceylanica,Myristica,ceylanica,Myristicaceae,,,,,,5564510,Q5459922,,
kosteletzkya-pentacarpos,Kosteletzkya pentacarpos,Kosteletzkya,pentacarpos,Malvaceae,,,,,,4939647,Q17574950,,
sedum-tetractinum,Sedum tetractinum,Sedum,tetractinum,Crassulaceae,,,,,,5690966,Q10925282,,
ehretia-acuminata,Ehretia acuminata,Ehretia,acuminata,Ehretiaceae,,,,,,7132425,Q920691,,
ribes-speciosum,Ribes speciosum,Ribes,speciosum,Grossulariaceae,,,,,,2986206,Q149812,,
penstemon-palmeri,Penstemon palmeri,Penstemon,palmeri,Plantaginaceae,,,,,,3171404,Q2716749,,
prumnopitys-taxifolia,Prumnopitys taxifolia,Prumnopitys,taxifolia,Podocarpaceae,,,,,,2687265,Q1127677,,
veltheimia-bracteata,Veltheimia bracteata,Veltheimia,bracteata,Asparagaceae,,,,,,2767972,Q7919332,,
ligustrum-liukiuense,Ligustrum liukiuense,Ligustrum,liukiuense,Oleaceae,,,,,,3683021,Q21398924,,
gaultheria-procumbens,Gaultheria procumbens,Gaultheria,procumbens,Ericaceae,,,,,,2882753,Q386770,,
ruellia-caroliniensis,Ruellia caroliniensis,Ruellia,caroliniensis,Acanthaceae,,,,,,5415376,Q7377823,,
psoralea-pinnata,Psoralea pinnata,Psoralea,pinnata,Fabaceae,,,,,,2944039,Q1233819,,
mammillaria-haageana,Mammillaria haageana,Mammillaria,haageana,Cactaceae,,,,,,7280035,Q1661943,,
opuntia-karwinskiana,Opuntia karwinskiana,Opuntia,karwinskiana,Cactaceae,,,,,,5626441,Q2027638,,
eremophila-glabra,Eremophila glabra,Eremophila,glabra,Scrophulariaceae,,,,,,6034547,Q5385573,,
cenchrus-americanus,Cenchrus americanus,Cenchrus,americanus,Poaceae,,,,,,5828197,Q50840653,,
hylotelephium-maximum,Hylotelephium maximum,Hylotelephium,maximum,Crassulaceae,,,,,,7334631,Q3143948,,
solanum-torvum,Solanum torvum,Solanum,torvum,Solanaceae,,,,,,2932389,Q978609,,
dendrobium-kingianum,Dendrobium kingianum,Dendrobium,kingianum,Orchidaceae,,,,,,5316009,Q3387434,,
rhus-copallinum,Rhus copallinum,Rhus,copallinum,Anacardiaceae,,,,,,3190557,Q7245720,,
youngia-japonica,Youngia japonica,Youngia,japonica,Asteraceae,,,,,,5387974,Q5704919,,
campanula-latifolia,Campanula latifolia,Campanula,latifolia,Campanulaceae,,,,,,5411408,Q526630,,
jasminum-multipartitum,Jasminum multipartitum,Jasminum,multipartitum,Oleaceae,,,,,,3683134,Q623506,,
larix-occidentalis,Larix occidentalis,Larix,occidentalis,Pinaceae,,,,,,2686270,Q576585,,
artemisia-tridentata,Artemisia tridentata,Artemisia,tridentata,Asteraceae,,,,,,9396703,Q2117903,,
annona-reticulata,Annona reticulata,Annona,reticulata,Annonaceae,,,,,,5407123,Q472653,,
heliconia-stricta,Heliconia stricta,Heliconia,stricta,Heliconiaceae,,,,,,2760548,Q2089439,,
cordia-dichotoma,Cordia dichotoma,Cordia,dichotoma,Cordiaceae,,,,,,5341270,Q3645945,,
aeonium-canariense,Aeonium canariense,Aeonium,canariense,Crassulaceae,,,,,,7334120,Q1282200,,
gonopterodendron-arboreum,Gonopterodendron arboreum,Gonopterodendron,arboreum,Zygophyllaceae,,,,,,10323509,Q95985654,,
neltuma-laevigata,Neltuma laevigata,Neltuma,laevigata,Fabaceae,,,,,,5358498,Q132290277,,
eupatorium-cannabinum,Eupatorium cannabinum,Eupatorium,cannabinum,Asteraceae,,,,,,5402943,Q744339,,
dudleya-virens,Dudleya virens,Dudleya,virens,Crassulaceae,,,,,,2985916,Q5312069,,
actinidia-kolomikta,Actinidia kolomikta,Actinidia,kolomikta,Actinidiaceae,,,,,,7270682,Q132741,,
moquilea-tomentosa,Moquilea tomentosa,Moquilea,tomentosa,Chrysobalanaceae,,,,,,2985500,Q85192266,,
campanula-trachelium,Campanula trachelium,Campanula,trachelium,Campanulaceae,,,,,,5412014,Q776583,,
liatris-punctata,Liatris punctata,Liatris,punctata,Asteraceae,,,,,,3104349,Q6540315,,
arachis-duranensis,Arachis duranensis,Arachis,duranensis,Fabaceae,,,,,,5353841,Q922343,,
acacia-redolens,Acacia redolens,Acacia,redolens,Fabaceae,,,,,,2979055,Q2510405,,
chamaemelum-nobile,Chamaemelum nobile,Chamaemelum,nobile,Asteraceae,,,,,,5391599,Q5723577,,
trichilia-dregeana,Trichilia dregeana,Trichilia,dregeana,Meliaceae,,,,,,3851043,Q3643974,,
hydrangea-aspera,Hydrangea aspera,Hydrangea,aspera,Hydrangeaceae,,,,,,3645663,Q1332124,,
quercus-coccifera,Quercus coccifera,Quercus,coccifera,Fagaceae,,,,,,2879175,Q158178,,
telopea-speciosissima,Telopea speciosissima,Telopea,speciosissima,Proteaceae,,,,,,3996729,Q2703351,,
hymenocallis-latifolia,Hymenocallis latifolia,Hymenocallis,latifolia,Amaryllidaceae,,,,,,2860272,Q5905693,,
euphorbia-grandicornis,Euphorbia grandicornis,Euphorbia,grandicornis,Euphorbiaceae,,,,,,7858737,Q4300983,,
carpinus-japonica,Carpinus japonica,Carpinus,japonica,Betulaceae,,,,,,2875927,Q161435,,
crassula-rupestris,Crassula rupestris,Crassula,rupestris,Crassulaceae,,,,,,7557934,Q1404147,,
malva-thuringiaca,Malva thuringiaca,Malva,thuringiaca,Malvaceae,,,,,,3940423,Q15375754,,
sagittaria-latifolia,Sagittaria latifolia,Sagittaria,latifolia,Alismataceae,,,,,,5328909,Q2706066,,
maranta-arundinacea,Maranta arundinacea,Maranta,arundinacea,Marantaceae,,,,,,2761352,Q767103,,
clematis-alpina,Clematis alpina,Clematis,alpina,Ranunculaceae,,,,,,3033599,Q157768,,
phyllanthus-urinaria,Phyllanthus urinaria,Phyllanthus,urinaria,Phyllanthaceae,,,,,,5382780,Q1131974,,
erythranthe-cardinalis,Erythranthe cardinalis,Erythranthe,cardinalis,Phrymaceae,,,,,,3170959,Q17746445,,
persicaria-filiformis,Persicaria filiformis,Persicaria,filiformis,Polygonaceae,,,,,,7291643,Q18076720,,
oenothera-capillifolia,Oenothera capillifolia,Oenothera,capillifolia,Onagraceae,,,,,,3664351,Q42805783,,
podocarpus-nakaii,Podocarpus nakaii,Podocarpus,nakaii,Podocarpaceae,,,,,,5285912,Q3722790,,
echinocereus-rigidissimus,Echinocereus rigidissimus,Echinocereus,rigidissimus,Cactaceae,,,,,,10925365,Q1280428,,
silphium-integrifolium,Silphium integrifolium,Silphium,integrifolium,Asteraceae,,,,,,3092564,Q7515561,,
viburnum-sieboldii,Viburnum sieboldii,Viburnum,sieboldii,Viburnaceae,,,,,,2888597,Q3492271,,
viburnum-x-rhytidophylloides,Viburnum × rhytidophylloides,Viburnum,rhytidophylloides,Viburnaceae,,,,,,2888588,Q17434642,,
quercus-canariensis,Quercus canariensis,Quercus,canariensis,Fagaceae,,,,,,2880808,Q638095,,
glochidion-zeylanicum,Glochidion zeylanicum,Glochidion,zeylanicum,Phyllanthaceae,,,,,,3080562,Q15238726,,
cenchrus-ciliaris,Cenchrus ciliaris,Cenchrus,ciliaris,Poaceae,,,,,,4109540,Q2715047,,
leucospermum-reflexum,Leucospermum reflexum,Leucospermum,reflexum,Proteaceae,,,,,,7287337,Q6534371,,
fuchsia-regia,Fuchsia regia,Fuchsia,regia,Onagraceae,,,,,,7322827,Q11301535,,
camellia-oleifera,Camellia oleifera,Camellia,oleifera,Theaceae,,,,,,8307542,Q2498293,,
catalpa-ovata,Catalpa ovata,Catalpa,ovata,Bignoniaceae,,,,,,3172613,Q1144805,,
monstera-obliqua,Monstera obliqua,Monstera,obliqua,Araceae,,,,,,2868185,Q501028,,
brunfelsia-grandiflora,Brunfelsia grandiflora,Brunfelsia,grandiflora,Solanaceae,,,,,,2932917,Q289244,,
quercus-aliena,Quercus aliena,Quercus,aliena,Fagaceae,,,,,,2881654,Q1196240,,
hylotelephium-sieboldii,Hylotelephium sieboldii,Hylotelephium,sieboldii,Crassulaceae,,,,,,7172849,Q848211,,
spiraea-tomentosa,Spiraea tomentosa,Spiraea,tomentosa,Rosaceae,,,,,,3026819,Q159771,,
bidens-aristosa,Bidens aristosa,Bidens,aristosa,Asteraceae,,,,,,5391901,Q2901713,,
sanguisorba-minor,Sanguisorba minor,Sanguisorba,minor,Rosaceae,,,,,,7220805,Q163799,,
hydrastis-canadensis,Hydrastis canadensis,Hydrastis,canadensis,Ranunculaceae,,,,,,3033110,Q1051710,,
amaranthus-tricolor,Amaranthus tricolor,Amaranthus,tricolor,Amaranthaceae,,,,,,5384397,Q3242205,,
elaeocarpus-reticulatus,Elaeocarpus reticulatus,Elaeocarpus,reticulatus,Elaeocarpaceae,,,,,,7290944,Q3013110,,
selaginella-uncinata,Selaginella uncinata,Selaginella,uncinata,Selaginellaceae,,,,,,2688211,Q3335853,,
cerbera-odollam,Cerbera odollam,Cerbera,odollam,Apocynaceae,,,,,,7155753,Q191514,,
atractocarpus-fitzalanii,Atractocarpus fitzalanii,Atractocarpus,fitzalanii,Rubiaceae,,,,,,2898527,Q4817483,,
hibiscus-taiwanensis,Hibiscus taiwanensis,Hibiscus,taiwanensis,Malvaceae,,,,,,3940982,Q10914994,,
acacia-stenophylla,Acacia stenophylla,Acacia,stenophylla,Fabaceae,,,,,,2979591,Q2822206,,
malosma-laurina,Malosma laurina,Malosma,laurina,Anacardiaceae,,,,,,8292447,Q15544644,,
celtis-africana,Celtis africana,Celtis,africana,Cannabaceae,,,,,,5834428,Q5058579,,
eucalyptus-torquata,Eucalyptus torquata,Eucalyptus,torquata,Myrtaceae,,,,,,3176835,Q5405722,,
melaleuca-quadrifida,Melaleuca quadrifida,Melaleuca,quadrifida,Myrtaceae,,,,,,9498040,Q42694173,,
coronilla-valentina,Coronilla valentina,Coronilla,valentina,Fabaceae,,,,,,5348633,Q5221015,,
liatris-ligulistylis,Liatris ligulistylis,Liatris,ligulistylis,Asteraceae,,,,,,3104285,Q15587950,,
barringtonia-acutangula,Barringtonia acutangula,Barringtonia,acutangula,Lecythidaceae,,,,,,3082835,Q2248481,,
begonia-x-hiemalis,Begonia × hiemalis,Begonia,hiemalis,Begoniaceae,,,,,,4156960,,,
angiopteris-evecta,Angiopteris evecta,Angiopteris,evecta,Marattiaceae,,,,,,5274878,Q4763286,,
populus-x-canadensis,Populus × canadensis,Populus,canadensis,Salicaceae,,,,,,8190077,Q149622,,
terminalia-molinetii,Terminalia molinetii,Terminalia,molinetii,Combretaceae,,,,,,7798451,Q15575493,,
thaumatophyllum-undulatum,Thaumatophyllum undulatum,Thaumatophyllum,undulatum,Araceae,,,,,,9770775,Q89256934,,
lysichiton-americanus,Lysichiton americanus,Lysichiton,americanus,Araceae,,,,,,2869311,Q469972,,
olneya-tesota,Olneya tesota,Olneya,tesota,Fabaceae,,,,,,2974564,Q675377,,
euphorbia-cooperi,Euphorbia cooperi,Euphorbia,cooperi,Euphorbiaceae,,,,,,3069097,Q5410415,,
hylotelephium-erythrostictum,Hylotelephium erythrostictum,Hylotelephium,erythrostictum,Crassulaceae,,,,,,2985866,Q7445423,,
lantana-velutina,Lantana velutina,Lantana,velutina,Verbenaceae,,,,,,2925325,Q15432343,,
quercus-rugosa,Quercus rugosa,Quercus,rugosa,Fagaceae,,,,,,8386328,Q980721,,
homalocephala-texensis,Homalocephala texensis,Homalocephala,texensis,Cactaceae,,,,,,3084092,Q41793495,,
marchantia-polymorpha,Marchantia polymorpha,Marchantia,polymorpha,Marchantiaceae,,,,,,2688570,Q992846,,
rumex-obtusifolius,Rumex obtusifolius,Rumex,obtusifolius,Polygonaceae,,,,,,2889011,Q162800,,
pulmonaria-saccharata,Pulmonaria saccharata,Pulmonaria,saccharata,Boraginaceae,,,,,,5341203,Q2400078,,
maackia-amurensis,Maackia amurensis,Maackia,amurensis,Fabaceae,,,,,,5360278,Q1353893,,
ruellia-nudiflora,Ruellia nudiflora,Ruellia,nudiflora,Acanthaceae,,,,,,5415406,Q15357115,,
polygala-fruticosa,Polygala fruticosa,Polygala,fruticosa,Polygalaceae,,,,,,4049512,Q15580623,,
allium-proliferum,Allium proliferum,Allium,proliferum,Amaryllidaceae,,,,,,3697844,,,
pelazoneuron-kunthii,Pelazoneuron kunthii,Pelazoneuron,kunthii,Thelypteridaceae,,,,,,11842758,,,
tetradium-daniellii,Tetradium daniellii,Tetradium,daniellii,Rutaceae,,,,,,5594382,Q837237,,
asarum-caudatum,Asarum caudatum,Asarum,caudatum,Aristolochiaceae,,,,,,2873956,Q4803629,,
amaranthus-viridis,Amaranthus viridis,Amaranthus,viridis,Amaranthaceae,,,,,,5384334,Q3245265,,
agave-applanata,Agave applanata,Agave,applanata,Asparagaceae,,,,,,7537473,Q391637,,
primula-elatior,Primula elatior,Primula,elatior,Primulaceae,,,,,,5414326,Q157842,,
juniperus-rigida,Juniperus rigida,Juniperus,rigida,Cupressaceae,,,,,,2684517,Q1204856,,
artemisia-douglasiana,Artemisia douglasiana,Artemisia,douglasiana,Asteraceae,,,,,,3121695,Q470093,,
erythronium-oregonum,Erythronium oregonum,Erythronium,oregonum,Liliaceae,,,,,,2752808,Q954818,,
pachycereus-pecten-aboriginum,Pachycereus pecten-aboriginum,Pachycereus,pecten-aboriginum,Cactaceae,,,,,,7282300,Q150206,,
haworthia-cooperi,Haworthia cooperi,Haworthia,cooperi,Asphodelaceae,,,,,,2780103,Q247743,,
clinacanthus-nutans,Clinacanthus nutans,Clinacanthus,nutans,Acanthaceae,,,,,,3774284,Q4960627,,
lophomyrtus-bullata,Lophomyrtus bullata,Lophomyrtus,bullata,Myrtaceae,,,,,,3188099,Q13929378,,
epimedium-pinnatum,Epimedium pinnatum,Epimedium,pinnatum,Berberidaceae,,,,,,8044946,Q4532221,,
gypsophila-vaccaria,Gypsophila vaccaria,Gypsophila,vaccaria,Caryophyllaceae,,,,,,8091998,Q113252109,,
dendromecon-rigida,Dendromecon rigida,Dendromecon,rigida,Papaveraceae,,,,,,2888424,Q5256765,,
phillyrea-latifolia,Phillyrea latifolia,Phillyrea,latifolia,Oleaceae,,,,,,7325923,Q784070,,
corymbia-torelliana,Corymbia torelliana,Corymbia,torelliana,Myrtaceae,,,,,,5418406,Q2998193,,
chiranthodendron-pentadactylon,Chiranthodendron pentadactylon,Chiranthodendron,pentadactylon,Malvaceae,,,,,,3670460,Q138333,,
sambucus-peruviana,Sambucus peruviana,Sambucus,peruviana,Viburnaceae,,,,,,3857458,Q4117762,,
poa-annua,Poa annua,Poa,annua,Poaceae,,,,,,2704179,Q157571,,
ambrosia-artemisiifolia,Ambrosia artemisiifolia,Ambrosia,artemisiifolia,Asteraceae,,,,,,8002952,Q682164,,
quercus-falcata,Quercus falcata,Quercus,falcata,Fagaceae,,,,,,2880967,Q1066116,,
aristea-ecklonii,Aristea ecklonii,Aristea,ecklonii,Iridaceae,,,,,,2744906,Q15557227,,
heterocentron-elegans,Heterocentron elegans,Heterocentron,elegans,Melastomataceae,,,,,,3859326,Q15390597,,
tecoma-fulva,Tecoma fulva,Tecoma,fulva,Bignoniaceae,,,,,,7298537,Q10611047,,
salvia-aurea,Salvia aurea,Salvia,aurea,Lamiaceae,,,,,,3884533,Q767706,,
cenostigma-pluviosum,Cenostigma pluviosum,Cenostigma,pluviosum,Fabaceae,,,,,,9416767,Q42669493,,
agave-deserti,Agave deserti,Agave,deserti,Asparagaceae,,,,,,2767087,Q143992,,
sedum-griseum,Sedum griseum,Sedum,griseum,Crassulaceae,,,,,,5688604,Q15487168,,
crocosmia-aurea,Crocosmia aurea,Crocosmia,aurea,Iridaceae,,,,,,2747948,Q1534546,,
christella-parasitica,Christella parasitica,Christella,parasitica,Thelypteridaceae,,,,,,4083193,Q15329039,,
cirsium-vulgare,Cirsium vulgare,Cirsium,vulgare,Asteraceae,,,,,,3112801,Q21177,,
saribus-rotundifolius,Saribus rotundifolius,Saribus,rotundifolius,Arecaceae,,,,,,2733431,Q17255322,,
lycoris-aurea,Lycoris aurea,Lycoris,aurea,Amaryllidaceae,,,,,,5326154,Q9025728,,
nymphaea-x-marliacea,Nymphaea × marliacea,Nymphaea,marliacea,Nymphaeaceae,,,,,,7802465,Q17253396,,
melilotus-albus,Melilotus albus,Melilotus,albus,Fabaceae,,,,,,2971095,Q158596,,
microsorum-pustulatum,Microsorum pustulatum,Microsorum,pustulatum,Polypodiaceae,,,,,,11829634,Q6840300,,
symphyotrichum-pilosum,Symphyotrichum pilosum,Symphyotrichum,pilosum,Asteraceae,,,,,,3151755,Q743808,,
melastoma-candidum,Melastoma candidum,Melastoma,candidum,Melastomataceae,,,,,,5834766,Q15227704,,
cinnamomum-osmophloeum,Cinnamomum osmophloeum,Cinnamomum,osmophloeum,Lauraceae,,,,,,4181555,Q714184,,
acacia-salicina,Acacia salicina,Acacia,salicina,Fabaceae,,,,,,2978548,Q2709212,,
brownea-macrophylla,Brownea macrophylla,Brownea,macrophylla,Fabaceae,,,,,,8170495,Q15527174,,
melaleuca-thymifolia,Melaleuca thymifolia,Melaleuca,thymifolia,Myrtaceae,,,,,,5415989,Q6811109,,
crataegus-pinnatifida,Crataegus pinnatifida,Crataegus,pinnatifida,Rosaceae,,,,,,3014527,Q1141735,,
oxalis-oregana,Oxalis oregana,Oxalis,oregana,Oxalidaceae,,,,,,8017574,Q953836,,
pastinaca-sativa,Pastinaca sativa,Pastinaca,sativa,Apiaceae,,,,,,8262702,Q188614,,
viburnum-rufidulum,Viburnum rufidulum,Viburnum,rufidulum,Viburnaceae,,,,,,2888590,Q7924704,,
tillandsia-recurvata,Tillandsia recurvata,Tillandsia,recurvata,Bromeliaceae,,,,,,2695588,Q2709996,,
kiggelaria-africana,Kiggelaria africana,Kiggelaria,africana,Achariaceae,,,,,,3880382,Q6405945,,
cleome-spinosa,Cleome spinosa,Cleome,spinosa,,,,,,,,Q911506,,
struthiopteris-spicant,Struthiopteris spicant,Struthiopteris,spicant,Blechnaceae,,,,,,5275365,Q59420181,,
quercus-kelloggii,Quercus kelloggii,Quercus,kelloggii,Fagaceae,,,,,,2878586,Q693392,,
juglans-hindsii,Juglans hindsii,Juglans,hindsii,Juglandaceae,,,,,,3054373,Q291739,,
festuca-californica,Festuca californica,Festuca,californica,Poaceae,,,,,,2704915,Q5445865,,
attalea-phalerata,Attalea phalerata,Attalea,phalerata,Arecaceae,,,,,,2732758,Q4818080,,
aponogeton-distachyos,Aponogeton distachyos,Aponogeton,distachyos,Aponogetonaceae,,,,,,5328593,Q243828,,
genipa-americana,Genipa americana,Genipa,americana,Rubiaceae,,,,,,2895593,,,
beaucarnea-pliabilis,Beaucarnea pliabilis,Beaucarnea,pliabilis,Asparagaceae,,,,,,2768042,Q813344,,
beschorneria-yuccoides,Beschorneria yuccoides,Beschorneria,yuccoides,Asparagaceae,,,,,,2769053,Q829616,,
pelargonium-tomentosum,Pelargonium tomentosum,Pelargonium,tomentosum,Geraniaceae,,,,,,7954301,Q18081631,,
anemanthele-lessoniana,Anemanthele lessoniana,Anemanthele,lessoniana,Poaceae,,,,,,4136947,Q18822511,,
primula-denticulata,Primula denticulata,Primula,denticulata,Primulaceae,,,,,,5641274,Q1679395,,
livistona-australis,Livistona australis,Livistona,australis,Arecaceae,,,,,,2733456,Q690845,,
acrostichum-aureum,Acrostichum aureum,Acrostichum,aureum,Pteridaceae,,,,,,2651706,Q4676527,,
campanulastrum-americanum,Campanulastrum americanum,Campanulastrum,americanum,Campanulaceae,,,,,,3163304,Q58380375,,
phlomis-purpurea,Phlomis purpurea,Phlomis,purpurea,Lamiaceae,,,,,,7307046,Q4117836,,
knightia-excelsa,Knightia excelsa,Knightia,excelsa,Proteaceae,,,,,,5638587,Q311623,,
saxifraga-x-arendsii,Saxifraga × arendsii,Saxifraga,arendsii,Saxifragaceae,,,,,,7544073,,,
dianthera-secunda,Dianthera secunda,Dianthera,secunda,Acanthaceae,,,,,,7760035,Q110285899,,
lamium-amplexicaule,Lamium amplexicaule,Lamium,amplexicaule,Lamiaceae,,,,,,2926679,Q159008,,
cissus-verticillata,Cissus verticillata,Cissus,verticillata,Vitaceae,,,,,,3039173,Q2714097,,
neoregelia-cruenta,Neoregelia cruenta,Neoregelia,cruenta,Bromeliaceae,,,,,,2694104,Q6994004,,
betula-lenta,Betula lenta,Betula,lenta,Betulaceae,,,,,,5331709,Q227763,,
pavonia-hastata,Pavonia hastata,Pavonia,hastata,Malvaceae,,,,,,5406783,Q7156046,,
carya-glabra,Carya glabra,Carya,glabra,Juglandaceae,,,,,,3054325,Q1406355,,
saponaria-ocymoides,Saponaria ocymoides,Saponaria,ocymoides,Caryophyllaceae,,,,,,3085357,Q159596,,
canna-flaccida,Canna flaccida,Canna,flaccida,Cannaceae,,,,,,5303151,Q3927325,,
cordia-parvifolia,Cordia parvifolia,Cordia,parvifolia,Cordiaceae,,,,,,5341277,Q15579777,,
melochia-tomentosa,Melochia tomentosa,Melochia,tomentosa,Malvaceae,,,,,,6686267,Q15377444,,
mammillaria-spinosissima,Mammillaria spinosissima,Mammillaria,spinosissima,Cactaceae,,,,,,7281203,Q290002,,
heuchera-rubescens,Heuchera rubescens,Heuchera,rubescens,Saxifragaceae,,,,,,3032671,Q5748164,,
sidalcea-campestris,Sidalcea campestris,Sidalcea,campestris,Malvaceae,,,,,,3152730,Q17579205,,
myoporum-insulare,Myoporum insulare,Myoporum,insulare,Scrophulariaceae,,,,,,3746220,Q6948020,,
musa-coccinea,Musa coccinea,Musa,coccinea,Musaceae,,,,,,2762920,Q2340657,,
leucadendron-salignum,Leucadendron salignum,Leucadendron,salignum,Proteaceae,,,,,,5637611,Q15584260,,
veronica-teucrium,Veronica teucrium,Veronica,teucrium,Plantaginaceae,,,,,,3725062,Q164780,,
malva-parviflora,Malva parviflora,Malva,parviflora,Malvaceae,,,,,,3152378,Q4115447,,
epiphyllum-phyllanthus,Epiphyllum phyllanthus,Epiphyllum,phyllanthus,Cactaceae,,,,,,5384030,Q990079,,
roystonea-borinquena,Roystonea borinquena,Roystonea,borinquena,Arecaceae,,,,,,2733750,Q151210,,
encyclia-cordigera,Encyclia cordigera,Encyclia,cordigera,Orchidaceae,,,,,,2827224,Q1945727,,
phygelius-capensis,Phygelius capensis,Phygelius,capensis,Scrophulariaceae,,,,,,3727761,Q3009510,,
eucomis-autumnalis,Eucomis autumnalis,Eucomis,autumnalis,Asparagaceae,,,,,,2775117,Q973805,,
tulipa-kaufmanniana,Tulipa kaufmanniana,Tulipa,kaufmanniana,Liliaceae,,,,,,5299659,Q2265529,,
allocasuarina-nana,Allocasuarina nana,Allocasuarina,nana,Casuarinaceae,,,,,,2891832,Q4732992,,
cardiospermum-halicacabum,Cardiospermum halicacabum,Cardiospermum,halicacabum,Sapindaceae,,,,,,3189939,Q1377406,,
helianthus-giganteus,Helianthus giganteus,Helianthus,giganteus,Asteraceae,,,,,,3119240,Q12212017,,
asplenium-antiquum,Asplenium antiquum,Asplenium,antiquum,Aspleniaceae,,,,,,4257299,Q4808118,,
corymbia-maculata,Corymbia maculata,Corymbia,maculata,Myrtaceae,,,,,,5418386,Q3337015,,
polylepis-tarapacana,Polylepis tarapacana,Polylepis,tarapacana,Rosaceae,,,,,,5370572,Q430288,,
neltuma-chilensis,Neltuma chilensis,Neltuma,chilensis,Fabaceae,,,,,,5358466,Q132290504,,
angophora-costata,Angophora costata,Angophora,costata,Myrtaceae,,,,,,3177431,Q4564056,,
ficus-aurea,Ficus aurea,Ficus,aurea,Moraceae,,,,,,5361923,Q2561277,,
buddleja-cordata,Buddleja cordata,Buddleja,cordata,Scrophulariaceae,,,,,,7288259,Q6937553,,
opuntia-inaperta,Opuntia inaperta,Opuntia,inaperta,Cactaceae,,,,,,5626378,Q1295573,,
cornus-controversa,Cornus controversa,Cornus,controversa,Cornaceae,,,,,,7846556,Q926249,,
hamatocactus-hamatacanthus,Hamatocactus hamatacanthus,Hamatocactus,hamatacanthus,Cactaceae,,,,,,7281740,,,
heracleum-maximum,Heracleum maximum,Heracleum,maximum,Apiaceae,,,,,,3034826,Q2896924,,
quercus-laurifolia,Quercus laurifolia,Quercus,laurifolia,Fagaceae,,,,,,2877708,Q4112143,,
pterocarya-stenoptera,Pterocarya stenoptera,Pterocarya,stenoptera,Juglandaceae,,,,,,3054377,Q2699896,,
vancouveria-hexandra,Vancouveria hexandra,Vancouveria,hexandra,Berberidaceae,,,,,,5371716,Q7914286,,
agave-lechuguilla,Agave lechuguilla,Agave,lechuguilla,Asparagaceae,,,,,,2766505,Q310970,,
carex-pensylvanica,Carex pensylvanica,Carex,pensylvanica,Cyperaceae,,,,,,2724855,Q5039118,,
rosa-xanthina,Rosa xanthina,Rosa,xanthina,Rosaceae,,,,,,3002481,Q3442159,,
nemesia-fruticans,Nemesia fruticans,Nemesia,fruticans,Scrophulariaceae,,,,,,5563081,Q15596067,,
allium-giganteum,Allium giganteum,Allium,giganteum,Amaryllidaceae,,,,,,2857111,Q736155,,
platycerium-superbum,Platycerium superbum,Platycerium,superbum,Polypodiaceae,,,,,,4024726,Q2715659,,
heliconia-wagneriana,Heliconia wagneriana,Heliconia,wagneriana,Heliconiaceae,,,,,,2760619,Q311933,,
elegia-capensis,Elegia capensis,Elegia,capensis,Restionaceae,,,,,,5290816,Q5829119,,
cenchrus-setosus,Cenchrus setosus,Cenchrus,setosus,Poaceae,,,,,,5673987,Q50837799,,
pinus-flexilis,Pinus flexilis,Pinus,flexilis,Pinaceae,,,,,,5285551,Q594993,,
diplacus-longiflorus,Diplacus longiflorus,Diplacus,longiflorus,Phrymaceae,,,,,,5414636,Q17746277,,
prunus-glandulosa,Prunus glandulosa,Prunus,glandulosa,Rosaceae,,,,,,7733613,Q149743,,
parmentiera-aculeata,Parmentiera aculeata,Parmentiera,aculeata,Bignoniaceae,,,,,,7533857,Q11697812,,
silene-flos-cuculi,Silene flos-cuculi,Silene,flos-cuculi,Caryophyllaceae,,,,,,5384738,Q19849678,,
hydrangea-chinensis,Hydrangea chinensis,Hydrangea,chinensis,Hydrangeaceae,,,,,,7319010,Q5223359,,
phacelia-californica,Phacelia californica,Phacelia,californica,Hydrophyllaceae,,,,,,2928062,Q7179872,,
erigeron-strigosus,Erigeron strigosus,Erigeron,strigosus,Asteraceae,,,,,,3146632,Q4380732,,
tripleurospermum-inodorum,Tripleurospermum inodorum,Tripleurospermum,inodorum,Asteraceae,,,,,,3104179,Q19848986,,
utricularia-gibba,Utricularia gibba,Utricularia,gibba,Lentibulariaceae,,,,,,3172407,Q244015,,
ulmus-alata,Ulmus alata,Ulmus,alata,Ulmaceae,,,,,,5361878,Q7879360,,
eucalyptus-gomphocephala,Eucalyptus gomphocephala,Eucalyptus,gomphocephala,Myrtaceae,,,,,,3176772,Q514995,,
styphnolobium-affine,Styphnolobium affine,Styphnolobium,affine,Fabaceae,,,,,,2958965,Q21318403,,
bistorta-affinis,Bistorta affinis,Bistorta,affinis,Polygonaceae,,,,,,4033335,Q10428456,,
mammillaria-magnimamma,Mammillaria magnimamma,Mammillaria,magnimamma,Cactaceae,,,,,,7284530,Q142726,,
phragmipedium-longifolium,Phragmipedium longifolium,Phragmipedium,longifolium,Orchidaceae,,,,,,2814339,Q6676882,,
spiraea-splendens,Spiraea splendens,Spiraea,splendens,Rosaceae,,,,,,3026675,Q18049449,,
tetraneuris-scaposa,Tetraneuris scaposa,Tetraneuris,scaposa,Asteraceae,,,,,,3112398,Q13957046,,
lantana-achyranthifolia,Lantana achyranthifolia,Lantana,achyranthifolia,Verbenaceae,,,,,,2925323,Q15430210,,
senecio-niveoaureus,Senecio niveoaureus,Senecio,niveoaureus,Asteraceae,,,,,,3108482,Q15602613,,
caryopteris-incana,Caryopteris incana,Caryopteris,incana,Lamiaceae,,,,,,7308640,Q10893740,,
corylus-cornuta,Corylus cornuta,Corylus,cornuta,Betulaceae,,,,,,2876032,Q972950,,
asclepias-texana,Asclepias texana,Asclepias,texana,Apocynaceae,,,,,,3170347,Q15394941,,
musa-balbisiana,Musa balbisiana,Musa,balbisiana,Musaceae,,,,,,2762950,Q94643,,
taxus-x-media,Taxus × media,Taxus,media,Taxaceae,,,,,,6420771,Q6292155,,
heliconia-chartacea,Heliconia chartacea,Heliconia,chartacea,Heliconiaceae,,,,,,2760824,Q3926643,,
cyrtanthus-elatus,Cyrtanthus elatus,Cyrtanthus,elatus,Amaryllidaceae,,,,,,5325993,Q7430299,,
lactuca-serriola,Lactuca serriola,Lactuca,serriola,Asteraceae,,,,,,3140490,Q533481,,
lupinus-arboreus,Lupinus arboreus,Lupinus,arboreus,Fabaceae,,,,,,2963807,Q4117740,,
camptotheca-acuminata,Camptotheca acuminata,Camptotheca,acuminata,Nyssaceae,,,,,,3082210,Q9301049,,
aquilegia-flavescens,Aquilegia flavescens,Aquilegia,flavescens,Ranunculaceae,,,,,,3033208,Q4782930,,
boltonia-asteroides,Boltonia asteroides,Boltonia,asteroides,Asteraceae,,,,,,5393593,Q4351863,,
nicotiana-rustica,Nicotiana rustica,Nicotiana,rustica,Solanaceae,,,,,,2928775,Q602633,,
aloiampelos-striatula,Aloiampelos striatula,Aloiampelos,striatula,Asphodelaceae,,,,,,9287107,Q42729483,,
pinus-jeffreyi,Pinus jeffreyi,Pinus,jeffreyi,Pinaceae,,,,,,8892957,Q251370,,
ferocactus-herrerae,Ferocactus herrerae,Ferocactus,herrerae,Cactaceae,,,,,,3958741,Q150848,,
mackaya-bella,Mackaya bella,Mackaya,bella,Acanthaceae,,,,,,5574043,Q17680597,,
euryops-virgineus,Euryops virgineus,Euryops,virgineus,Asteraceae,,,,,,7523843,Q13034931,,
ulmus-thomasii,Ulmus thomasii,Ulmus,thomasii,Ulmaceae,,,,,,5361875,Q1147786,,
claytonia-virginica,Claytonia virginica,Claytonia,virginica,Montiaceae,,,,,,3084745,Q671939,,
viburnum-nudum,Viburnum nudum,Viburnum,nudum,Viburnaceae,,,,,,2888627,Q4117346,,
peperomia-serpens,Peperomia serpens,Peperomia,serpens,Piperaceae,,,,,,7727798,Q11815595,,
oreopanax-ecuadoriensis,Oreopanax ecuadoriensis,Oreopanax,ecuadoriensis,Araliaceae,,,,,,3036763,Q15553981,,
tiarella-stolonifera,Tiarella stolonifera,Tiarella,stolonifera,Saxifragaceae,,,,,,11148635,Q114836536,,
eucommia-ulmoides,Eucommia ulmoides,Eucommia,ulmoides,Eucommiaceae,,,,,,3723584,Q131528,,
chromolaena-odorata,Chromolaena odorata,Chromolaena,odorata,Asteraceae,,,,,,3087725,Q2583146,,
laelia-anceps,Laelia anceps,Laelia,anceps,Orchidaceae,,,,,,5314529,Q142443,,
sideroxylon-inerme,Sideroxylon inerme,Sideroxylon,inerme,Sapotaceae,,,,,,2887200,Q3025259,,
solanum-aethiopicum,Solanum aethiopicum,Solanum,aethiopicum,Solanaceae,,,,,,2929847,Q257366,,
clinopodium-douglasii,Clinopodium douglasii,Clinopodium,douglasii,Lamiaceae,,,,,,5606562,Q14924309,,
ericameria-laricifolia,Ericameria laricifolia,Ericameria,laricifolia,Asteraceae,,,,,,3103039,Q5387977,,
geranium-oreganum,Geranium oreganum,Geranium,oreganum,Geraniaceae,,,,,,2890467,Q5549873,,
syzygium-guineense,Syzygium guineense,Syzygium,guineense,Myrtaceae,,,,,,3183278,Q3644516,,
rosa-cinnamomea,Rosa cinnamomea,Rosa,cinnamomea,Rosaceae,,,,,,8239898,Q21877243,,
dombeya-burgessiae,Dombeya burgessiae,Dombeya,burgessiae,Malvaceae,,,,,,5406689,Q3030266,,
citrus-x-taitensis,Citrus × taitensis,Citrus,taitensis,Rutaceae,,,,,,3190176,Q124834913,,
indigofera-australis,Indigofera australis,Indigofera,australis,Fabaceae,,,,,,2971785,Q6024831,,
rosa-virginiana,Rosa virginiana,Rosa,virginiana,Rosaceae,,,,,,9382645,Q675075,,
prunus-angustifolia,Prunus angustifolia,Prunus,angustifolia,Rosaceae,,,,,,3021368,Q3010229,,
ceratopteris-thalictroides,Ceratopteris thalictroides,Ceratopteris,thalictroides,Pteridaceae,,,,,,2651586,Q2946391,,
yucca-glauca,Yucca glauca,Yucca,glauca,Asparagaceae,,,,,,2775497,Q882878,,
thalictrum-pubescens,Thalictrum pubescens,Thalictrum,pubescens,Ranunculaceae,,,,,,3033146,Q7709660,,
crataegus-submollis,Crataegus submollis,Crataegus,submollis,Rosaceae,,,,,,3015560,Q2081113,,
rhododendron-lapponicum,Rhododendron lapponicum,Rhododendron,lapponicum,Ericaceae,,,,,,2883075,Q2716393,,
hedychium-coccineum,Hedychium coccineum,Hedychium,coccineum,Zingiberaceae,,,,,,2758716,Q3926743,,
crassula-pellucida,Crassula pellucida,Crassula,pellucida,Crassulaceae,,,,,,8028273,Q15481928,,
rhus-trilobata,Rhus trilobata,Rhus,trilobata,Anacardiaceae,,,,,,3190562,Q7155056,,
berberis-pinnata,Berberis pinnata,Berberis,pinnata,,,,,,,,Q17812901,,
viburnum-acerifolium,Viburnum acerifolium,Viburnum,acerifolium,Viburnaceae,,,,,,2888596,Q937402,,
berberis-nevinii,Berberis nevinii,Berberis,nevinii,Berberidaceae,,,,,,10629007,Q17792718,,
rosa-acicularis,Rosa acicularis,Rosa,acicularis,Rosaceae,,,,,,3002193,Q218368,,
pinus-peuce,Pinus peuce,Pinus,peuce,Pinaceae,,,,,,5285079,Q146021,,
opuntia-rufida,Opuntia rufida,Opuntia,rufida,Cactaceae,,,,,,5384037,Q149371,,
terminalia-calamansanai,Terminalia calamansanai,Terminalia,calamansanai,Combretaceae,,,,,,4934232,Q17583084,,
indigofera-jucunda,Indigofera jucunda,Indigofera,jucunda,Fabaceae,,,,,,3969999,Q65929511,,
adenanthera-microsperma,Adenanthera microsperma,Adenanthera,microsperma,Fabaceae,,,,,,2951851,Q15446204,,
plectranthus-zuluensis,Plectranthus zuluensis,Plectranthus,zuluensis,Lamiaceae,,,,,,3900706,Q15312019,,
oreopanax-incisus,Oreopanax incisus,Oreopanax,incisus,Araliaceae,,,,,,3036583,Q15554446,,
peristeria-elata,Peristeria elata,Peristeria,elata,Orchidaceae,,,,,,5307524,Q1314005,,
salvia-chamelaeagnea,Salvia chamelaeagnea,Salvia,chamelaeagnea,Lamiaceae,,,,,,3881832,Q768363,,
rubus-spectabilis,Rubus spectabilis,Rubus,spectabilis,Rosaceae,,,,,,2993761,Q158361,,
acer-floridanum,Acer floridanum,Acer,floridanum,Sapindaceae,,,,,,7767061,Q15287442,,
eucalyptus-macrocarpa,Eucalyptus macrocarpa,Eucalyptus,macrocarpa,Myrtaceae,,,,,,3176430,Q2712369,,
begonia-obliqua,Begonia obliqua,Begonia,obliqua,Begoniaceae,,,,,,8138822,Q4880561,,
ptychosperma-elegans,Ptychosperma elegans,Ptychosperma,elegans,Arecaceae,,,,,,2733861,Q7257164,,
ipomoea-x-multifida,Ipomoea × multifida,Ipomoea,multifida,Convolvulaceae,,,,,,2928556,,,
gynura-bicolor,Gynura bicolor,Gynura,bicolor,Asteraceae,,,,,,3139958,Q5760128,,
brachyscome-multifida,Brachyscome multifida,Brachyscome,multifida,Asteraceae,,,,,,3144654,Q4953558,,
lupinus-albifrons,Lupinus albifrons,Lupinus,albifrons,Fabaceae,,,,,,2964669,Q4118548,,
adiantum-aleuticum,Adiantum aleuticum,Adiantum,aleuticum,Pteridaceae,,,,,,2651843,Q4682650,,
silene-virginica,Silene virginica,Silene,virginica,Caryophyllaceae,,,,,,5384823,Q951243,,
tsuga-mertensiana,Tsuga mertensiana,Tsuga,mertensiana,Pinaceae,,,,,,2687201,Q593894,,
symphyotrichum-lateriflorum,Symphyotrichum lateriflorum,Symphyotrichum,lateriflorum,Asteraceae,,,,,,7832723,Q7661732,,
lantana-involucrata,Lantana involucrata,Lantana,involucrata,Verbenaceae,,,,,,2925313,Q15431144,,
bambusa-multiplex,Bambusa multiplex,Bambusa,multiplex,Poaceae,,,,,,2705757,Q3339098,,
ornithogalum-thyrsoides,Ornithogalum thyrsoides,Ornithogalum,thyrsoides,Asparagaceae,,,,,,2773545,Q1308104,,
acer-pseudosieboldianum,Acer pseudosieboldianum,Acer,pseudosieboldianum,Sapindaceae,,,,,,7263054,Q1043238,,
dendrobium-speciosum,Dendrobium speciosum,Dendrobium,speciosum,Orchidaceae,,,,,,5317619,Q1056409,,
iris-fulva,Iris fulva,Iris,fulva,Iridaceae,,,,,,5299121,Q1413702,,
bauhinia-acuminata,Bauhinia acuminata,Bauhinia,acuminata,Fabaceae,,,,,,2953747,Q2725413,,
eryngium-alpinum,Eryngium alpinum,Eryngium,alpinum,Apiaceae,,,,,,3633778,Q1753054,,
nerine-bowdenii,Nerine bowdenii,Nerine,bowdenii,Amaryllidaceae,,,,,,5326845,Q2366602,,
scrophularia-californica,Scrophularia californica,Scrophularia,californica,Scrophulariaceae,,,,,,3170868,Q7439303,,
taxus-brevifolia,Taxus brevifolia,Taxus,brevifolia,Taxaceae,,,,,,5284555,Q2065540,,
swainsona-formosa,Swainsona formosa,Swainsona,formosa,Fabaceae,,,,,,2943491,Q45680,,
ferocactus-emoryi,Ferocactus emoryi,Ferocactus,emoryi,Cactaceae,,,,,,3084148,Q309591,,
salix-euxina,Salix euxina,Salix,euxina,Salicaceae,,,,,,7266329,Q18119933,,
costus-pictus,Costus pictus,Costus,pictus,Costaceae,,,,,,2756779,Q15325572,,
clusia-flava,Clusia flava,Clusia,flava,Clusiaceae,,,,,,3712917,Q5775212,,
agastache-rugosa,Agastache rugosa,Agastache,rugosa,Lamiaceae,,,,,,7307327,Q1195985,,
rhododendron-oldhamii,Rhododendron oldhamii,Rhododendron,oldhamii,Ericaceae,,,,,,4936879,Q15248184,,
mentha-pulegium,Mentha pulegium,Mentha,pulegium,Lamiaceae,,,,,,2927189,Q161235,,
satureja-montana,Satureja montana,Satureja,montana,Lamiaceae,,,,,,2926884,Q160186,,
erythrina-falcata,Erythrina falcata,Erythrina,falcata,Fabaceae,,,,,,5349565,Q5225073,,
mimetes-cucullatus,Mimetes cucullatus,Mimetes,cucullatus,Proteaceae,,,,,,8349333,Q5552792,,
koeleria-macrantha,Koeleria macrantha,Koeleria,macrantha,Poaceae,,,,,,2705914,Q159962,,
lampranthus-aureus,Lampranthus aureus,Lampranthus,aureus,Aizoaceae,,,,,,3706221,Q17241715,,
lysimachia-vulgaris,Lysimachia vulgaris,Lysimachia,vulgaris,Primulaceae,,,,,,3169386,Q147843,,
vernonia-lettermannii,Vernonia lettermannii,Vernonia,lettermannii,Asteraceae,,,,,,5396937,,,
nephrolepis-brownii,Nephrolepis brownii,Nephrolepis,brownii,Nephrolepidaceae,,,,,,4196780,Q17048276,,
plumeria-alba,Plumeria alba,Plumeria,alba,Apocynaceae,,,,,,3169673,Q1632187,,
aphelandra-sinclairiana,Aphelandra sinclairiana,Aphelandra,sinclairiana,Acanthaceae,,,,,,3776906,Q2858220,,
fritillaria-persica,Fritillaria persica,Fritillaria,persica,Liliaceae,,,,,,5300527,Q383840,,
reynoutria-sachalinensis,Reynoutria sachalinensis,Reynoutria,sachalinensis,Polygonaceae,,,,,,2889088,Q28922301,,
fatoua-villosa,Fatoua villosa,Fatoua,villosa,Moraceae,,,,,,2984652,Q11130568,,
peltandra-virginica,Peltandra virginica,Peltandra,virginica,Araceae,,,,,,5330182,Q7161742,,
aloe-perfoliata,Aloe perfoliata,Aloe,perfoliata,Asphodelaceae,,,,,,2777626,Q3280517,,
thermopsis-villosa,Thermopsis villosa,Thermopsis,villosa,Fabaceae,,,,,,5360186,Q12070907,,
opuntia-lasiacantha,Opuntia lasiacantha,Opuntia,lasiacantha,Cactaceae,,,,,,5626273,Q767475,,
austrocylindropuntia-floccosa,Austrocylindropuntia floccosa,Austrocylindropuntia,floccosa,Cactaceae,,,,,,7282233,Q291558,,
hakea-salicifolia,Hakea salicifolia,Hakea,salicifolia,Proteaceae,,,,,,7287627,Q4116862,,
veronica-elliptica,Veronica elliptica,Veronica,elliptica,Plantaginaceae,,,,,,3731711,Q17744932,,
pyrus-salicifolia,Pyrus salicifolia,Pyrus,salicifolia,Rosaceae,,,,,,5362328,Q1591053,,
senecio-candidans,Senecio candidans,Senecio,candidans,Asteraceae,,,,,,3107996,Q15595573,,
allium-hollandicum,Allium hollandicum,Allium,hollandicum,Amaryllidaceae,,,,,,2856920,Q4268471,,
sorbus-americana,Sorbus americana,Sorbus,americana,Rosaceae,,,,,,7779378,Q285587,,
artemisia-pycnocephala,Artemisia pycnocephala,Artemisia,pycnocephala,Asteraceae,,,,,,3120667,Q4797503,,
penstemon-barbatus,Penstemon barbatus,Penstemon,barbatus,Plantaginaceae,,,,,,3171570,Q7154496,,
drimys-winteri,Drimys winteri,Drimys,winteri,Winteraceae,,,,,,4020527,Q775529,,
trimezia-sabini,Trimezia sabini,Trimezia,sabini,Iridaceae,,,,,,2745761,Q110972420,,
symphyotrichum-ericoides,Symphyotrichum ericoides,Symphyotrichum,ericoides,Asteraceae,,,,,,3151535,Q7160573,,
sesbania-grandiflora,Sesbania grandiflora,Sesbania,grandiflora,Fabaceae,,,,,,8281950,Q947251,,
stemodia-lanata,Stemodia lanata,Stemodia,lanata,Plantaginaceae,,,,,,3171745,Q17743564,,
mammillaria-plumosa,Mammillaria plumosa,Mammillaria,plumosa,Cactaceae,,,,,,5625311,Q283486,,
epiphyllum-hookeri,Epiphyllum hookeri,Epiphyllum,hookeri,Cactaceae,,,,,,6379095,Q309969,,
rubus-armeniacus,Rubus armeniacus,Rubus,armeniacus,Rosaceae,,,,,,2996525,Q163056,,
enkianthus-campanulatus,Enkianthus campanulatus,Enkianthus,campanulatus,Ericaceae,,,,,,7135609,Q1039336,,
pinus-montezumae,Pinus montezumae,Pinus,montezumae,Pinaceae,,,,,,5285261,Q1640268,,
asphodeline-lutea,Asphodeline lutea,Asphodeline,lutea,Asphodelaceae,,,,,,2777134,Q1499312,,
nepenthes-mirabilis,Nepenthes mirabilis,Nepenthes,mirabilis,Nepenthaceae,,,,,,3190712,Q150525,,
senna-viarum,Senna viarum,Senna,viarum,Fabaceae,,,,,,2957859,Q15537652,,
petrosedum-orientale,Petrosedum orientale,Petrosedum,orientale,Crassulaceae,,,,,,4201862,Q17759752,,
berberis-fortunei,Berberis fortunei,Berberis,fortunei,Berberidaceae,,,,,,3982081,Q6734783,,
neltuma-alba,Neltuma alba,Neltuma,alba,Fabaceae,,,,,,5358528,Q132290472,,
neolitsea-aurata,Neolitsea aurata,Neolitsea,aurata,Lauraceae,,,,,,7304510,Q11082908,,
sisyrinchium-angustifolium,Sisyrinchium angustifolium,Sisyrinchium,angustifolium,Iridaceae,,,,,,5296015,Q4142537,,
nothoscordum-gracile,Nothoscordum gracile,Nothoscordum,gracile,Amaryllidaceae,,,,,,2855519,Q15524066,,
encephalartos-horridus,Encephalartos horridus,Encephalartos,horridus,Zamiaceae,,,,,,2683807,Q139196,,
eragrostis-spectabilis,Eragrostis spectabilis,Eragrostis,spectabilis,Poaceae,,,,,,2705413,Q17398477,,
vernonia-missurica,Vernonia missurica,Vernonia,missurica,Asteraceae,,,,,,5397399,Q7922303,,
justicia-aurea,Justicia aurea,Justicia,aurea,Acanthaceae,,,,,,8410331,Q3012770,,
euphorbia-mauritanica,Euphorbia mauritanica,Euphorbia,mauritanica,Euphorbiaceae,,,,,,7926635,Q13404188,,
ipomoea-hederacea,Ipomoea hederacea,Ipomoea,hederacea,Convolvulaceae,,,,,,2928538,Q159795,,
malva-neglecta,Malva neglecta,Malva,neglecta,Malvaceae,,,,,,3152373,Q153343,,
opuntia-phaeacantha,Opuntia phaeacantha,Opuntia,phaeacantha,Cactaceae,,,,,,5384038,Q136725,,
robinia-viscosa,Robinia viscosa,Robinia,viscosa,Fabaceae,,,,,,5352245,Q159627,,
yucca-carnerosana,Yucca carnerosana,Yucca,carnerosana,Asparagaceae,,,,,,2775604,Q1466312,,
fuchsia-microphylla,Fuchsia microphylla,Fuchsia,microphylla,Onagraceae,,,,,,7322172,Q15333909,,
dendrobium-bigibbum,Dendrobium bigibbum,Dendrobium,bigibbum,Orchidaceae,,,,,,5315699,Q5256685,,
tulipa-bifloriformis,Tulipa bifloriformis,Tulipa,bifloriformis,Liliaceae,,,,,,5299573,Q15544855,,
opuntia-tunoidea,Opuntia tunoidea,Opuntia,tunoidea,Cactaceae,,,,,,5624240,Q109406743,,
lupinus-x-regalis,Lupinus × regalis,Lupinus,regalis,Fabaceae,,,,,,2964309,,,
stephanotis-volubilis,Stephanotis volubilis,Stephanotis,volubilis,Apocynaceae,,,,,,12202584,Q120998404,,
penstemon-pseudospectabilis,Penstemon pseudospectabilis,Penstemon,pseudospectabilis,Plantaginaceae,,,,,,3171309,Q7164881,,
parthenium-hysterophorus,Parthenium hysterophorus,Parthenium,hysterophorus,Asteraceae,,,,,,3086784,Q3595850,,
colletia-paradoxa,Colletia paradoxa,Colletia,paradoxa,Rhamnaceae,,,,,,5602738,Q2983021,,
schisandra-chinensis,Schisandra chinensis,Schisandra,chinensis,Schisandraceae,,,,,,7696841,Q900986,,
goeppertia-loeseneri,Goeppertia loeseneri,Goeppertia,loeseneri,Marantaceae,,,,,,8231557,Q50841680,,
hemerocallis-x-hybrida,Hemerocallis × hybrida,Hemerocallis,hybrida,Asphodelaceae,,,,,,11367415,,,
asclepias-asperula,Asclepias asperula,Asclepias,asperula,Apocynaceae,,,,,,8683730,Q311134,,
cosmos-parviflorus,Cosmos parviflorus,Cosmos,parviflorus,Asteraceae,,,,,,3098939,Q15577562,,
grevillea-juniperina,Grevillea juniperina,Grevillea,juniperina,Proteaceae,,,,,,3994763,Q2712018,,
deutzia-pulchra,Deutzia pulchra,Deutzia,pulchra,Hydrangeaceae,,,,,,7318985,Q15246624,,
gaillardia-x-grandiflora,Gaillardia × grandiflora,Gaillardia,grandiflora,Asteraceae,,,,,,5387817,,,
pelargonium-panduriforme,Pelargonium panduriforme,Pelargonium,panduriforme,Geraniaceae,,,,,,2891607,Q15346895,,
spondias-mombin,Spondias mombin,Spondias,mombin,Anacardiaceae,,,,,,8185571,Q794969,,
salvia-patens,Salvia patens,Salvia,patens,Lamiaceae,,,,,,3892852,Q7406864,,
zanthoxylum-fagara,Zanthoxylum fagara,Zanthoxylum,fagara,Rutaceae,,,,,,3190090,Q2707743,,
gomphrena-pulchella,Gomphrena pulchella,Gomphrena,pulchella,Amaranthaceae,,,,,,7323423,Q1470483,,
suregada-aequorea,Suregada aequorea,Suregada,aequorea,Euphorbiaceae,,,,,,3054952,Q10914871,,
passiflora-x-kewensis,Passiflora × kewensis,Passiflora,kewensis,Passifloraceae,,,,,,12242061,,,
strombocarpa-pubescens,Strombocarpa pubescens,Strombocarpa,pubescens,Fabaceae,,,,,,5358508,Q109935282,,
baccharis-salicifolia,Baccharis salicifolia,Baccharis,salicifolia,Asteraceae,,,,,,3129643,Q4838650,,
frangula-caroliniana,Frangula caroliniana,Frangula,caroliniana,Rhamnaceae,,,,,,3039468,Q50841410,,
dicksonia-squarrosa,Dicksonia squarrosa,Dicksonia,squarrosa,Dicksoniaceae,,,,,,5687341,Q1231387,,
blephilia-ciliata,Blephilia ciliata,Blephilia,ciliata,Lamiaceae,,,,,,2926502,Q4926161,,
opuntia-macrorhiza,Opuntia macrorhiza,Opuntia,macrorhiza,Cactaceae,,,,,,5384048,Q291865,,
platostoma-palustre,Platostoma palustre,Platostoma,palustre,Lamiaceae,,,,,,3881888,Q15351601,,
acer-cappadocicum,Acer cappadocicum,Acer,cappadocicum,Sapindaceae,,,,,,7262908,Q766133,,
welwitschia-mirabilis,Welwitschia mirabilis,Welwitschia,mirabilis,Welwitschiaceae,,,,,,5275521,Q156926,,
geum-urbanum,Geum urbanum,Geum,urbanum,Rosaceae,,,,,,5369652,Q157407,,
erigeron-pulchellus,Erigeron pulchellus,Erigeron,pulchellus,Asteraceae,,,,,,7820446,Q5388423,,
opuntia-littoralis,Opuntia littoralis,Opuntia,littoralis,Cactaceae,,,,,,5384134,Q150391,,
potentilla-gracilis,Potentilla gracilis,Potentilla,gracilis,Rosaceae,,,,,,5365416,Q2716465,,
rhus-virens,Rhus virens,Rhus,virens,Anacardiaceae,,,,,,3190539,Q7321561,,
crataegus-viridis,Crataegus viridis,Crataegus,viridis,Rosaceae,,,,,,3014089,Q2084514,,
senna-polyphylla,Senna polyphylla,Senna,polyphylla,Fabaceae,,,,,,2957869,Q15536649,,
kalanchoe-marnieriana,Kalanchoe marnieriana,Kalanchoe,marnieriana,Crassulaceae,,,,,,4199416,Q1722003,,
anemonoides-ranunculoides,Anemonoides ranunculoides,Anemonoides,ranunculoides,Ranunculaceae,,,,,,3033266,Q55813571,,
pimenta-racemosa,Pimenta racemosa,Pimenta,racemosa,Myrtaceae,,,,,,3186096,Q812057,,
scadoxus-puniceus,Scadoxus puniceus,Scadoxus,puniceus,Amaryllidaceae,,,,,,2860719,Q5487587,,
hedera-hibernica,Hedera hibernica,Hedera,hibernica,Araliaceae,,,,,,8168344,Q947920,,
kalopanax-septemlobus,Kalopanax septemlobus,Kalopanax,septemlobus,Araliaceae,,,,,,3036366,Q15548174,,
ferocactus-glaucescens,Ferocactus glaucescens,Ferocactus,glaucescens,Cactaceae,,,,,,11098779,Q310510,,
gambelia-juncea,Gambelia juncea,Gambelia,juncea,Plantaginaceae,,,,,,8307949,Q15324589,,
quercus-douglasii,Quercus douglasii,Quercus,douglasii,Fagaceae,,,,,,2878266,Q666160,,
pieris-floribunda,Pieris floribunda,Pieris,floribunda,Ericaceae,,,,,,5333347,Q3021399,,
scilla-bifolia,Scilla bifolia,Scilla,bifolia,Asparagaceae,,,,,,2767506,Q159275,,
rubus-ulmifolius,Rubus ulmifolius,Rubus,ulmifolius,Rosaceae,,,,,,2996929,Q59843,,
thalictrum-dioicum,Thalictrum dioicum,Thalictrum,dioicum,Ranunculaceae,,,,,,3033113,Q7709654,,
libocedrus-plumosa,Libocedrus plumosa,Libocedrus,plumosa,Cupressaceae,,,,,,2683841,Q4069268,,
ohwia-caudata,Ohwia caudata,Ohwia,caudata,Fabaceae,,,,,,2942986,Q15536213,,
libidibia-coriaria,Libidibia coriaria,Libidibia,coriaria,Fabaceae,,,,,,2958707,Q22108836,,
banksia-marginata,Banksia marginata,Banksia,marginata,Proteaceae,,,,,,7124257,Q957624,,
quadrella-cynophallophora,Quadrella cynophallophora,Quadrella,cynophallophora,Capparaceae,,,,,,7430051,Q22114345,,
euphorbia-resinifera,Euphorbia resinifera,Euphorbia,resinifera,Euphorbiaceae,,,,,,3068445,Q2658650,,
carex-virgata,Carex virgata,Carex,virgata,Cyperaceae,,,,,,7604568,Q21264179,,
zephyranthes-bifida,Zephyranthes bifida,Zephyranthes,bifida,Amaryllidaceae,,,,,,11086001,Q89076173,,
dalea-greggii,Dalea greggii,Dalea,greggii,Fabaceae,,,,,,5353370,Q15463582,,
quercus-canbyi,Quercus canbyi,Quercus,canbyi,Fagaceae,,,,,,2878132,Q6323318,,
christella-dentata,Christella dentata,Christella,dentata,Thelypteridaceae,,,,,,7160028,Q15330004,,
goeppertia-orbifolia,Goeppertia orbifolia,Goeppertia,orbifolia,Marantaceae,,,,,,7476815,Q80714198,,
dianella-caerulea,Dianella caerulea,Dianella,caerulea,Asphodelaceae,,,,,,5305277,Q3014322,,
chasmanthe-bicolor,Chasmanthe bicolor,Chasmanthe,bicolor,Iridaceae,,,,,,2744161,Q1068062,,
crataegus-marshallii,Crataegus marshallii,Crataegus,marshallii,Rosaceae,,,,,,3014468,Q5182573,,
pseudowintera-colorata,Pseudowintera colorata,Pseudowintera,colorata,Winteraceae,,,,,,4020812,Q5854145,,
elymus-hystrix,Elymus hystrix,Elymus,hystrix,Poaceae,,,,,,8112114,Q5368484,,
athyrium-asplenioides,Athyrium asplenioides,Athyrium,asplenioides,Athyriaceae,,,,,,7422009,Q4815738,,
iridodictyum-x-catharinae,Iridodictyum × catharinae,Iridodictyum,catharinae,Iridaceae,,,,,,10788367,,,
vicia-villosa,Vicia villosa,Vicia,villosa,Fabaceae,,,,,,9182154,Q159752,,
cestrum-parqui,Cestrum parqui,Cestrum,parqui,Solanaceae,,,,,,2928792,Q289811,,
embothrium-coccineum,Embothrium coccineum,Embothrium,coccineum,Proteaceae,,,,,,7124132,Q2710065,,
austrocylindropuntia-cylindrica,Austrocylindropuntia cylindrica,Austrocylindropuntia,cylindrica,Cactaceae,,,,,,3951322,Q783845,,
lutheria-splendens,Lutheria splendens,Lutheria,splendens,Bromeliaceae,,,,,,9523461,Q42954007,,
artemisia-frigida,Artemisia frigida,Artemisia,frigida,Asteraceae,,,,,,3121436,Q606606,,
cordia-dodecandra,Cordia dodecandra,Cordia,dodecandra,Cordiaceae,,,,,,5662394,Q291992,,
sophora-prostrata,Sophora prostrata,Sophora,prostrata,Fabaceae,,,,,,2959023,Q7563132,,
scolopia-oldhamii,Scolopia oldhamii,Scolopia,oldhamii,Salicaceae,,,,,,3879065,Q15237925,,
geum-rivale,Geum rivale,Geum,rivale,Rosaceae,,,,,,5369701,Q161625,,
quercus-tomentella,Quercus tomentella,Quercus,tomentella,Fagaceae,,,,,,2878206,Q2715180,,
solidago-nemoralis,Solidago nemoralis,Solidago,nemoralis,Asteraceae,,,,,,5389028,Q7557960,,
salvia-lemmonii,Salvia lemmonii,Salvia,lemmonii,Lamiaceae,,,,,,2927045,Q7406814,,
clusia-orthoneura,Clusia orthoneura,Clusia,orthoneura,Clusiaceae,,,,,,5556169,Q5775228,,
ilex-asprella,Ilex asprella,Ilex,asprella,Aquifoliaceae,,,,,,7315881,Q11115336,,
allium-rosenorum,Allium rosenorum,Allium,rosenorum,Amaryllidaceae,,,,,,2856516,Q15522622,,
baptisia-alba,Baptisia alba,Baptisia,alba,Fabaceae,,,,,,7629935,Q4857581,,
eugenia-brasiliensis,Eugenia brasiliensis,Eugenia,brasiliensis,Myrtaceae,,,,,,5416882,Q311085,,
athyrium-angustum,Athyrium angustum,Athyrium,angustum,Athyriaceae,,,,,,6388270,Q4815735,,
pouteria-caimito,Pouteria caimito,Pouteria,caimito,Sapotaceae,,,,,,2884788,Q1650768,,
davallia-fejeensis,Davallia fejeensis,Davallia,fejeensis,Davalliaceae,,,,,,4204670,Q5228130,,
phylica-pubescens,Phylica pubescens,Phylica,pubescens,Rhamnaceae,,,,,,8265192,Q17245290,,
philydrum-lanuginosum,Philydrum lanuginosum,Philydrum,lanuginosum,Philydraceae,,,,,,2765625,Q11316246,,
beilschmiedia-miersii,Beilschmiedia miersii,Beilschmiedia,miersii,Lauraceae,,,,,,4176205,Q4881257,,
quercus-pyrenaica,Quercus pyrenaica,Quercus,pyrenaica,Fagaceae,,,,,,2878826,Q899686,,
rosa-sempervirens,Rosa sempervirens,Rosa,sempervirens,Rosaceae,,,,,,3002660,Q2703655,,
flacourtia-inermis,Flacourtia inermis,Flacourtia,inermis,Salicaceae,,,,,,5331166,Q8563540,,
rhododendron-yedoense,Rhododendron yedoense,Rhododendron,yedoense,Ericaceae,,,,,,7328739,Q12600063,,
crataegus-mollis,Crataegus mollis,Crataegus,mollis,Rosaceae,,,,,,3015562,Q2671022,,
amorphophallus-konjac,Amorphophallus konjac,Amorphophallus,konjac,Araceae,,,,,,2871520,Q674443,,
cyclanthera-pedata,Cyclanthera pedata,Cyclanthera,pedata,Cucurbitaceae,,,,,,2874529,Q311101,,
hydrocleys-nymphoides,Hydrocleys nymphoides,Hydrocleys,nymphoides,Alismataceae,,,,,,2864584,Q2611621,,
ocimum-gratissimum,Ocimum gratissimum,Ocimum,gratissimum,Lamiaceae,,,,,,2927094,Q2355390,,
styrax-obassia,Styrax obassia,Styrax,obassia,Styracaceae,,,,,,5541162,Q845222,,
melaleuca-salicina,Melaleuca salicina,Melaleuca,salicina,Myrtaceae,,,,,,3173480,Q50846504,,
felicia-echinata,Felicia echinata,Felicia,echinata,Asteraceae,,,,,,5401128,Q15602581,,
ceiba-chodatii,Ceiba chodatii,Ceiba,chodatii,Malvaceae,,,,,,7878348,Q5760023,,
wisteriopsis-reticulata,Wisteriopsis reticulata,Wisteriopsis,reticulata,Fabaceae,,,,,,10514274,Q94304982,,
trillium-ovatum,Trillium ovatum,Trillium,ovatum,Melanthiaceae,,,,,,2742413,Q3024360,,
passiflora-lutea,Passiflora lutea,Passiflora,lutea,Passifloraceae,,,,,,2874220,Q2511038,,
dryopteris-marginalis,Dryopteris marginalis,Dryopteris,marginalis,Dryopteridaceae,,,,,,5275091,Q3459756,,
cirsium-arvense,Cirsium arvense,Cirsium,arvense,Asteraceae,,,,,,3113414,Q341600,,
dudleya-pulverulenta,Dudleya pulverulenta,Dudleya,pulverulenta,Crassulaceae,,,,,,2985894,Q5226268,,
verbena-urticifolia,Verbena urticifolia,Verbena,urticifolia,Verbenaceae,,,,,,2925530,Q4351254,,
ceiba-aesculifolia,Ceiba aesculifolia,Ceiba,aesculifolia,Malvaceae,,,,,,5406696,Q12673367,,
carissa-carandas,Carissa carandas,Carissa,carandas,Apocynaceae,,,,,,5414419,Q1036374,,
sambucus-javanica,Sambucus javanica,Sambucus,javanica,Viburnaceae,,,,,,3856236,Q4117827,,
calliandra-tweediei,Calliandra tweediei,Calliandra,tweediei,Fabaceae,,,,,,2982058,Q2934134,,
citrus-x-limonia,Citrus × limonia,Citrus,limonia,Rutaceae,,,,,,7647136,,,
cordyline-manners-suttoniae,Cordyline manners-suttoniae,Cordyline,manners-suttoniae,Asparagaceae,,,,,,2766393,Q5170113,,
corydalis-nobilis,Corydalis nobilis,Corydalis,nobilis,Papaveraceae,,,,,,5531997,Q4346392,,
vanda-tricolor,Vanda tricolor,Vanda,tricolor,Orchidaceae,,,,,,2783198,Q7914310,,
vaccinium-macrocarpon,Vaccinium macrocarpon,Vaccinium,macrocarpon,Ericaceae,,,,,,2882841,Q149397,,
prunus-emarginata,Prunus emarginata,Prunus,emarginata,Rosaceae,,,,,,7272137,Q591062,,
handroanthus-serratifolius,Handroanthus serratifolius,Handroanthus,serratifolius,Bignoniaceae,,,,,,4092017,Q2151255,,
senna-weddelliana,Senna weddelliana,Senna,weddelliana,Fabaceae,,,,,,2957430,Q15538054,,
senna-septemtrionalis,Senna septemtrionalis,Senna,septemtrionalis,Fabaceae,,,,,,2957529,Q7450840,,
rubus-ursinus,Rubus ursinus,Rubus,ursinus,Rosaceae,,,,,,2990646,Q3775270,,
oenothera-rosea,Oenothera rosea,Oenothera,rosea,Onagraceae,,,,,,3188875,Q2919117,,
persicaria-orientalis,Persicaria orientalis,Persicaria,orientalis,Polygonaceae,,,,,,2889229,Q164344,,
rhodiola-rosea,Rhodiola rosea,Rhodiola,rosea,Crassulaceae,,,,,,2985688,Q161665,,
myristica-fragrans,Myristica fragrans,Myristica,fragrans,Myristicaceae,,,,,,5406817,Q2724976,,
hesperaloe-funifera,Hesperaloe funifera,Hesperaloe,funifera,Asparagaceae,,,,,,2771046,Q1615634,,
leymus-arenarius,Leymus arenarius,Leymus,arenarius,Poaceae,,,,,,2706368,Q1426766,,
hoheria-angustifolia,Hoheria angustifolia,Hoheria,angustifolia,Malvaceae,,,,,,3940109,Q13919910,,
ulmus-davidiana,Ulmus davidiana,Ulmus,davidiana,Ulmaceae,,,,,,7141651,Q2109921,,
actaea-pachypoda,Actaea pachypoda,Actaea,pachypoda,Ranunculaceae,,,,,,5371705,Q2714447,,
hesperocyparis-sargentii,Hesperocyparis sargentii,Hesperocyparis,sargentii,Cupressaceae,,,,,,2684096,Q32856061,,
lygodium-japonicum,Lygodium japonicum,Lygodium,japonicum,Lygodiaceae,,,,,,2650436,Q3338251,,
bartlettina-sordida,Bartlettina sordida,Bartlettina,sordida,Asteraceae,,,,,,4243007,Q2711745,,
ficinia-nodosa,Ficinia nodosa,Ficinia,nodosa,Cyperaceae,,,,,,2711622,Q5446508,,
brugmansia-x-candida,Brugmansia × candida,Brugmansia,candida,Solanaceae,,,,,,9099468,Q655088,,
picea-x-albertiana,Picea × albertiana,Picea,albertiana,Pinaceae,,,,,,8491423,,,
pleroma-mutabile,Pleroma mutabile,Pleroma,mutabile,Melastomataceae,,,,,,5601379,Q81748745,,
ribes-malvaceum,Ribes malvaceum,Ribes,malvaceum,Grossulariaceae,,,,,,2986101,Q7322350,,
crocus-flavus,Crocus flavus,Crocus,flavus,Iridaceae,,,,,,2747737,Q474714,,
artemisia-annua,Artemisia annua,Artemisia,annua,Asteraceae,,,,,,8373355,Q1308044,,
zephyranthes-atamasco,Zephyranthes atamasco,Zephyranthes,atamasco,Amaryllidaceae,,,,,,2859895,Q8069320,,
euthamia-graminifolia,Euthamia graminifolia,Euthamia,graminifolia,Asteraceae,,,,,,3092782,Q5414443,,
paeonia-anomala,Paeonia anomala,Paeonia,anomala,Paeoniaceae,,,,,,7316516,Q2661737,,
tillandsia-bergeri,Tillandsia bergeri,Tillandsia,bergeri,Bromeliaceae,,,,,,2694518,Q3061146,,
zephyranthes-robusta,Zephyranthes robusta,Zephyranthes,robusta,Amaryllidaceae,,,,,,2853500,Q50881125,,
cylindropuntia-bigelovii,Cylindropuntia bigelovii,Cylindropuntia,bigelovii,Cactaceae,,,,,,3952931,Q148519,,
pinus-koraiensis,Pinus koraiensis,Pinus,koraiensis,Pinaceae,,,,,,5284979,Q301636,,
nicotiana-quadrivalvis,Nicotiana quadrivalvis,Nicotiana,quadrivalvis,Solanaceae,,,,,,2928770,Q7030548,,
asclepias-linaria,Asclepias linaria,Asclepias,linaria,Apocynaceae,,,,,,3170270,Q293336,,
deschampsia-cespitosa,Deschampsia cespitosa,Deschampsia,cespitosa,Poaceae,,,,,,8059811,Q159722,,
persicaria-virginiana,Persicaria virginiana,Persicaria,virginiana,Polygonaceae,,,,,,2889320,Q5371639,,
sanvitalia-procumbens,Sanvitalia procumbens,Sanvitalia,procumbens,Asteraceae,,,,,,3104106,Q1426361,,
eugenia-stipitata,Eugenia stipitata,Eugenia,stipitata,Myrtaceae,,,,,,10503673,Q2347464,,
hypericum-x-hidcoteense,Hypericum × hidcoteense,Hypericum,hidcoteense,Hypericaceae,,,,,,3711846,,,
doellingeria-umbellata,Doellingeria umbellata,Doellingeria,umbellata,Asteraceae,,,,,,3148260,Q5812336,,
coreopsis-palmata,Coreopsis palmata,Coreopsis,palmata,Asteraceae,,,,,,3133989,Q4036551,,
pyrus-ussuriensis,Pyrus ussuriensis,Pyrus,ussuriensis,Rosaceae,,,,,,8017230,Q13172138,,
phyllostachys-aureosulcata,Phyllostachys aureosulcata,Phyllostachys,aureosulcata,Poaceae,,,,,,5290161,Q293215,,
epidendrum-x-obrienianum,Epidendrum × obrienianum,Epidendrum,obrienianum,Orchidaceae,,,,,,5541947,,,
salacca-zalacca,Salacca zalacca,Salacca,zalacca,Arecaceae,,,,,,2731764,Q840615,,
sterculia-lanceolata,Sterculia lanceolata,Sterculia,lanceolata,Malvaceae,,,,,,6029583,Q10888701,,
baccharis-sarothroides,Baccharis sarothroides,Baccharis,sarothroides,Asteraceae,,,,,,3129915,Q4838648,,
crocus-speciosus,Crocus speciosus,Crocus,speciosus,Iridaceae,,,,,,2747718,Q2107272,,
pinus-sabiniana,Pinus sabiniana,Pinus,sabiniana,Pinaceae,,,,,,5285255,Q2473331,,
lonicera-ciliosa,Lonicera ciliosa,Lonicera,ciliosa,Caprifoliaceae,,,,,,8135635,Q2671010,,
bactris-gasipaes,Bactris gasipaes,Bactris,gasipaes,Arecaceae,,,,,,2733060,Q790172,,
lonicera-reticulata,Lonicera reticulata,Lonicera,reticulata,Caprifoliaceae,,,,,,5334271,Q12227165,,
halleria-lucida,Halleria lucida,Halleria,lucida,Stilbaceae,,,,,,5560356,Q5642905,,
planchonella-obovata,Planchonella obovata,Planchonella,obovata,Sapotaceae,,,,,,5334135,Q2679213,,
phyllostachys-edulis,Phyllostachys edulis,Phyllostachys,edulis,Poaceae,,,,,,5290168,Q1330347,,
solidago-juncea,Solidago juncea,Solidago,juncea,Asteraceae,,,,,,5389083,Q7557957,,
guaiacum-coulteri,Guaiacum coulteri,Guaiacum,coulteri,Zygophyllaceae,,,,,,7122516,Q5438068,,
agave-filifera,Agave filifera,Agave,filifera,Asparagaceae,,,,,,2766601,Q141192,,
rodgersia-podophylla,Rodgersia podophylla,Rodgersia,podophylla,Saxifragaceae,,,,,,3754587,Q4384257,,
salvia-viridis,Salvia viridis,Salvia,viridis,Lamiaceae,,,,,,3883959,Q2068059,,
lomandra-hystrix,Lomandra hystrix,Lomandra,hystrix,Asparagaceae,,,,,,2771018,Q15522183,,
erica-bauera,Erica bauera,Erica,bauera,Ericaceae,,,,,,7327994,Q15378609,,
goeppertia-warszewiczii,Goeppertia warszewiczii,Goeppertia,warszewiczii,Marantaceae,,,,,,9467672,Q80714465,,
erica-cinerea,Erica cinerea,Erica,cinerea,Ericaceae,,,,,,5333411,Q1543735,,
barbarea-vulgaris,Barbarea vulgaris,Barbarea,vulgaris,Brassicaceae,,,,,,5708780,Q157285,,
geum-canadense,Geum canadense,Geum,canadense,Rosaceae,,,,,,5369800,Q5554832,,
melothria-pendula,Melothria pendula,Melothria,pendula,Cucurbitaceae,,,,,,2874550,Q10928996,,
potentilla-montana,Potentilla montana,Potentilla,montana,Rosaceae,,,,,,5366327,Q3399994,,
amherstia-nobilis,Amherstia nobilis,Amherstia,nobilis,Fabaceae,,,,,,2968146,Q18201508,,
pseudopanax-lessonii,Pseudopanax lessonii,Pseudopanax,lessonii,Araliaceae,,,,,,3037486,Q3850927,,
kalanchoe-orgyalis,Kalanchoe orgyalis,Kalanchoe,orgyalis,Crassulaceae,,,,,,4199216,Q148323,,
crassothonna-capensis,Crassothonna capensis,Crassothonna,capensis,Asteraceae,,,,,,9476539,Q65929339,,
sigmoidotropis-speciosa,Sigmoidotropis speciosa,Sigmoidotropis,speciosa,Fabaceae,,,,,,7514524,Q50870538,,
malacothamnus-nuttallii,Malacothamnus nuttallii,Malacothamnus,nuttallii,Malvaceae,,,,,,3152341,Q110132295,,
ceiba-camba,Ceiba camba,Ceiba,camba,,,,,,,,Q124479125,,
vitis-labrusca,Vitis labrusca,Vitis,labrusca,Vitaceae,,,,,,5372424,Q311720,,
clematis-recta,Clematis recta,Clematis,recta,Ranunculaceae,,,,,,3033543,Q157887,,
penstemon-grandiflorus,Penstemon grandiflorus,Penstemon,grandiflorus,,,,,,,,Q7164857,,
grammatophyllum-speciosum,Grammatophyllum speciosum,Grammatophyllum,speciosum,Orchidaceae,,,,,,2821296,Q3006235,,
protea-repens,Protea repens,Protea,repens,Proteaceae,,,,,,5636761,Q13035690,,
euphorbia-jolkinii,Euphorbia jolkinii,Euphorbia,jolkinii,Euphorbiaceae,,,,,,3066890,Q10936724,,
fuchsia-procumbens,Fuchsia procumbens,Fuchsia,procumbens,Onagraceae,,,,,,6029345,Q1472597,,
anisodontea-scabrosa,Anisodontea scabrosa,Anisodontea,scabrosa,Malvaceae,,,,,,3939445,Q15356678,,
ludwigia-sedioides,Ludwigia sedioides,Ludwigia,sedioides,Onagraceae,,,,,,5545123,,,
rhizophora-mangle,Rhizophora mangle,Rhizophora,mangle,Rhizophoraceae,,,,,,3086528,Q853914,,
apios-americana,Apios americana,Apios,americana,Fabaceae,,,,,,2966796,Q568933,,
tillandsia-utriculata,Tillandsia utriculata,Tillandsia,utriculata,Bromeliaceae,,,,,,2694689,Q5243958,,
nolina-texana,Nolina texana,Nolina,texana,Asparagaceae,,,,,,2776985,Q1307862,,
lobelia-pedunculata,Lobelia pedunculata,Lobelia,pedunculata,Campanulaceae,,,,,,5408682,Q15605458,,
saraca-thaipingensis,Saraca thaipingensis,Saraca,thaipingensis,Fabaceae,,,,,,5359531,Q7421943,,
aloe-pluridens,Aloe pluridens,Aloe,pluridens,Asphodelaceae,,,,,,2777892,Q309758,,
crinodendron-hookerianum,Crinodendron hookerianum,Crinodendron,hookerianum,Elaeocarpaceae,,,,,,4031017,Q31452,,
myrcianthes-leucoxyla,Myrcianthes leucoxyla,Myrcianthes,leucoxyla,Myrtaceae,,,,,,10381776,Q6035171,,
polygonatum-x-hybridum,Polygonatum × hybridum,Polygonatum,hybridum,Asparagaceae,,,,,,7881150,,,
veronica-chamaedrys,Veronica chamaedrys,Veronica,chamaedrys,Plantaginaceae,,,,,,7874883,Q157343,,
erica-arborea,Erica arborea,Erica,arborea,Ericaceae,,,,,,5333410,Q176647,,
vernonia-baldwinii,Vernonia baldwinii,Vernonia,baldwinii,Asteraceae,,,,,,5397742,Q6160625,,
hosta-ventricosa,Hosta ventricosa,Hosta,ventricosa,Asparagaceae,,,,,,2771207,Q1531834,,
quercus-texana,Quercus texana,Quercus,texana,Fagaceae,,,,,,2878115,Q7271351,,
opuntia-orbiculata,Opuntia orbiculata,Opuntia,orbiculata,Cactaceae,,,,,,5625689,Q1169679,,
begonia-nelumbiifolia,Begonia nelumbiifolia,Begonia,nelumbiifolia,Begoniaceae,,,,,,2874720,Q4880559,,
agave-macroacantha,Agave macroacantha,Agave,macroacantha,Asparagaceae,,,,,,2766974,Q391797,,
plukenetia-volubilis,Plukenetia volubilis,Plukenetia,volubilis,Euphorbiaceae,,,,,,3070717,Q958569,,
euphorbia-glauca,Euphorbia glauca,Euphorbia,glauca,Euphorbiaceae,,,,,,3066109,Q5410453,,
veronica-umbrosa,Veronica umbrosa,Veronica,umbrosa,,,,,,,,Q4108058,,
disocactus-anguliger,Disocactus anguliger,Disocactus,anguliger,Cactaceae,,,,,,10771315,Q91265856,,
anemonoides-apennina,Anemonoides apennina,Anemonoides,apennina,Ranunculaceae,,,,,,3927746,Q55813519,,
heuchera-richardsonii,Heuchera richardsonii,Heuchera,richardsonii,Saxifragaceae,,,,,,3032681,Q17780579,,
ageratum-conyzoides,Ageratum conyzoides,Ageratum,conyzoides,Asteraceae,,,,,,5401673,Q1949712,,
dioscorea-alata,Dioscorea alata,Dioscorea,alata,Dioscoreaceae,,,,,,2754476,Q1932852,,
helianthus-strumosus,Helianthus strumosus,Helianthus,strumosus,Asteraceae,,,,,,3119211,Q2675769,,
senna-occidentalis,Senna occidentalis,Senna,occidentalis,Fabaceae,,,,,,2957966,Q2720961,,
syncarpia-glomulifera,Syncarpia glomulifera,Syncarpia,glomulifera,Myrtaceae,,,,,,3185932,Q2711460,,
iris-aphylla,Iris aphylla,Iris,aphylla,Iridaceae,,,,,,5298613,Q5920308,,
mirabilis-multiflora,Mirabilis multiflora,Mirabilis,multiflora,Nyctaginaceae,,,,,,3086166,Q2623355,,
lupinus-latifolius,Lupinus latifolius,Lupinus,latifolius,Fabaceae,,,,,,2964478,Q2713009,,
viola-canadensis,Viola canadensis,Viola,canadensis,Violaceae,,,,,,5331231,Q3024523,,
commelina-benghalensis,Commelina benghalensis,Commelina,benghalensis,Commelinaceae,,,,,,2763941,Q5152272,,
liriodendron-chinense,Liriodendron chinense,Liriodendron,chinense,Magnoliaceae,,,,,,3152873,Q1074257,,
syzygium-luehmannii,Syzygium luehmannii,Syzygium,luehmannii,Myrtaceae,,,,,,3182303,Q159406,,
hymenaea-courbaril,Hymenaea courbaril,Hymenaea,courbaril,Fabaceae,,,,,,2950750,Q2234016,,
clematis-pitcheri,Clematis pitcheri,Clematis,pitcheri,Ranunculaceae,,,,,,3033577,Q15368894,,
gmelina-philippensis,Gmelina philippensis,Gmelina,philippensis,Lamiaceae,,,,,,6410769,Q13014528,,
bulbine-latifolia,Bulbine latifolia,Bulbine,latifolia,Asphodelaceae,,,,,,5304878,Q15604728,,
leucocasia-gigantea,Leucocasia gigantea,Leucocasia,gigantea,Araceae,,,,,,2870285,Q58206938,,
sapindus-saponaria,Sapindus saponaria,Sapindus,saponaria,Sapindaceae,,,,,,8017915,Q2672802,,
yucca-angustissima,Yucca angustissima,Yucca,angustissima,Asparagaceae,,,,,,2775690,Q2601580,,
rosa-laevigata,Rosa laevigata,Rosa,laevigata,Rosaceae,,,,,,3002751,Q1070309,,
geijera-parviflora,Geijera parviflora,Geijera,parviflora,Rutaceae,,,,,,7269149,Q596715,,
cuphea-micropetala,Cuphea micropetala,Cuphea,micropetala,Lythraceae,,,,,,7286349,Q10959714,,
kalanchoe-humilis,Kalanchoe humilis,Kalanchoe,humilis,Crassulaceae,,,,,,4199744,Q1721990,,
delphinium-consolida,Delphinium consolida,Delphinium,consolida,Ranunculaceae,,,,,,3033836,Q21873742,,
hedychium-flavescens,Hedychium flavescens,Hedychium,flavescens,Zingiberaceae,,,,,,2758601,Q3926753,,
pinus-caribaea,Pinus caribaea,Pinus,caribaea,Pinaceae,,,,,,5285740,Q2900918,,
yucca-constricta,Yucca constricta,Yucca,constricta,Asparagaceae,,,,,,2775703,Q2601614,,
bolusanthus-speciosus,Bolusanthus speciosus,Bolusanthus,speciosus,Fabaceae,,,,,,2952355,Q13036265,,
eucalyptus-kruseana,Eucalyptus kruseana,Eucalyptus,kruseana,Myrtaceae,,,,,,3177091,Q3017657,,
bursera-microphylla,Bursera microphylla,Bursera,microphylla,Burseraceae,,,,,,3190447,Q2367282,,
thunbergia-fragrans,Thunbergia fragrans,Thunbergia,fragrans,Acanthaceae,,,,,,5415458,Q3526034,,
guarianthe-skinneri,Guarianthe skinneri,Guarianthe,skinneri,Orchidaceae,,,,,,2816082,Q1319094,,
leucophyta-brownii,Leucophyta brownii,Leucophyta,brownii,Asteraceae,,,,,,5406261,Q6534219,,
chorizema-cordatum,Chorizema cordatum,Chorizema,cordatum,Fabaceae,,,,,,2968203,Q4392528,,
libertia-ixioides,Libertia ixioides,Libertia,ixioides,Iridaceae,,,,,,5296846,Q15574708,,
pelargonium-grandiflorum,Pelargonium grandiflorum,Pelargonium,grandiflorum,Geraniaceae,,,,,,3827422,Q160923,,
papilionanthe-hookeriana,Papilionanthe hookeriana,Papilionanthe,hookeriana,Orchidaceae,,,,,,2833891,Q3362888,,
dennstaedtia-punctilobula,Dennstaedtia punctilobula,Dennstaedtia,punctilobula,Dennstaedtiaceae,,,,,,3605467,Q2863582,,
solidago-velutina,Solidago velutina,Solidago,velutina,Asteraceae,,,,,,5389038,Q15567143,,
ribes-americanum,Ribes americanum,Ribes,americanum,Grossulariaceae,,,,,,2986121,Q1723508,,
helleborus-purpurascens,Helleborus purpurascens,Helleborus,purpurascens,Ranunculaceae,,,,,,7889472,Q737738,,
ligularia-stenocephala,Ligularia stenocephala,Ligularia,stenocephala,Asteraceae,,,,,,5395542,Q5231409,,
protea-eximia,Protea eximia,Protea,eximia,Proteaceae,,,,,,5637779,Q2157964,,
gladiolus-communis,Gladiolus communis,Gladiolus,communis,Iridaceae,,,,,,2750096,Q143012,,
porophyllum-ruderale,Porophyllum ruderale,Porophyllum,ruderale,Asteraceae,,,,,,3103948,Q891381,,
robinia-neomexicana,Robinia neomexicana,Robinia,neomexicana,Fabaceae,,,,,,5352212,Q1635788,,
euonymus-atropurpureus,Euonymus atropurpureus,Euonymus,atropurpureus,Celastraceae,,,,,,3169121,Q4117752,,
abies-sibirica,Abies sibirica,Abies,sibirica,Pinaceae,,,,,,2685654,Q852262,,
salix-eleagnos,Salix eleagnos,Salix,eleagnos,Salicaceae,,,,,,5372655,Q159484,,
quercus-variabilis,Quercus variabilis,Quercus,variabilis,Fagaceae,,,,,,2879787,Q192608,,
medicago-lupulina,Medicago lupulina,Medicago,lupulina,Fabaceae,,,,,,2965201,Q157923,,
physalis-angulata,Physalis angulata,Physalis,angulata,Solanaceae,,,,,,5341792,Q311677,,
ornithogalum-nutans,Ornithogalum nutans,Ornithogalum,nutans,Asparagaceae,,,,,,2773281,Q1985749,,
caragana-frutex,Caragana frutex,Caragana,frutex,Fabaceae,,,,,,2943316,Q1017262,,
manihot-grahamii,Manihot grahamii,Manihot,grahamii,Euphorbiaceae,,,,,,3060710,Q5991526,,
excoecaria-agallocha,Excoecaria agallocha,Excoecaria,agallocha,Euphorbiaceae,,,,,,3071702,Q5419710,,
cibotium-barometz,Cibotium barometz,Cibotium,barometz,Cibotiaceae,,,,,,4195539,Q2672719,,
sedum-clavatum,Sedum clavatum,Sedum,clavatum,Crassulaceae,,,,,,5690100,Q15487103,,
swietenia-humilis,Swietenia humilis,Swietenia,humilis,Meliaceae,,,,,,3849992,Q1054467,,
leonotis-ocymifolia,Leonotis ocymifolia,Leonotis,ocymifolia,Lamiaceae,,,,,,7307634,Q15338194,,
crinodendron-patagua,Crinodendron patagua,Crinodendron,patagua,Elaeocarpaceae,,,,,,4031011,Q3002674,,
leucadendron-galpinii,Leucadendron galpinii,Leucadendron,galpinii,Proteaceae,,,,,,5638076,Q18077745,,
searsia-crenata,Searsia crenata,Searsia,crenata,Anacardiaceae,,,,,,5544388,Q18077578,,
cephalocereus-polylophus,Cephalocereus polylophus,Cephalocereus,polylophus,Cactaceae,,,,,,3957527,Q41793236,,
vasconcellea-x-pentagona,Vasconcellea × pentagona,Vasconcellea,pentagona,Caricaceae,,,,,,10961701,,,
amaranthus-blitum,Amaranthus blitum,Amaranthus,blitum,Amaranthaceae,,,,,,8911082,Q160572,,
amaranthus-retroflexus,Amaranthus retroflexus,Amaranthus,retroflexus,Amaranthaceae,,,,,,6109534,Q157663,,
typha-angustifolia,Typha angustifolia,Typha,angustifolia,Typhaceae,,,,,,5289461,Q146572,,
blephilia-hirsuta,Blephilia hirsuta,Blephilia,hirsuta,Lamiaceae,,,,,,2926501,Q4926162,,
agastache-nepetoides,Agastache nepetoides,Agastache,nepetoides,Lamiaceae,,,,,,2926408,Q15339634,,
cecropia-peltata,Cecropia peltata,Cecropia,peltata,Urticaceae,,,,,,2984476,Q2998776,,
pelargonium-crispum,Pelargonium crispum,Pelargonium,crispum,Geraniaceae,,,,,,3826595,Q18083707,,
typha-orientalis,Typha orientalis,Typha,orientalis,Typhaceae,,,,,,5289521,Q3546132,,
parasenegalia-visco,Parasenegalia visco,Parasenegalia,visco,Fabaceae,,,,,,9657641,Q90568206,,
selenicereus-costaricensis,Selenicereus costaricensis,Selenicereus,costaricensis,Cactaceae,,,,,,10197024,Q109581259,,
xanthorrhoea-glauca,Xanthorrhoea glauca,Xanthorrhoea,glauca,Asphodelaceae,,,,,,2779423,Q8043099,,
shortia-galacifolia,Shortia galacifolia,Shortia,galacifolia,Diapensiaceae,,,,,,5333326,Q867748,,
laportea-aestuans,Laportea aestuans,Laportea,aestuans,Urticaceae,,,,,,2984466,Q3013169,,
fuchsia-arborescens,Fuchsia arborescens,Fuchsia,arborescens,Onagraceae,,,,,,10867092,Q5869985,,
acacia-floribunda,Acacia floribunda,Acacia,floribunda,Fabaceae,,,,,,2979745,Q3296747,,
agapanthus-campanulatus,Agapanthus campanulatus,Agapanthus,campanulatus,Amaryllidaceae,,,,,,2854730,Q15516768,,
syzygium-acuminatissimum,Syzygium acuminatissimum,Syzygium,acuminatissimum,Myrtaceae,,,,,,3182540,Q15381578,,
distimake-dissectus,Distimake dissectus,Distimake,dissectus,Convolvulaceae,,,,,,9293992,Q43374153,,
hesperocyparis-forbesii,Hesperocyparis forbesii,Hesperocyparis,forbesii,Cupressaceae,,,,,,2684006,Q32856050,,
actaea-rubra,Actaea rubra,Actaea,rubra,Ranunculaceae,,,,,,5371704,Q2823800,,
salvia-sonomensis,Salvia sonomensis,Salvia,sonomensis,Lamiaceae,,,,,,2927061,Q7406900,,
annona-glabra,Annona glabra,Annona,glabra,Annonaceae,,,,,,5407100,Q2353550,,
euphorbia-dendroides,Euphorbia dendroides,Euphorbia,dendroides,Euphorbiaceae,,,,,,3067398,Q811479,,
aralia-spinosa,Aralia spinosa,Aralia,spinosa,Araliaceae,,,,,,3036972,Q2666305,,
caulophyllum-thalictroides,Caulophyllum thalictroides,Caulophyllum,thalictroides,Berberidaceae,,,,,,3033920,Q1123801,,
penstemon-serrulatus,Penstemon serrulatus,Penstemon,serrulatus,Plantaginaceae,,,,,,7670508,Q17514290,,
senna-lindheimeriana,Senna lindheimeriana,Senna,lindheimeriana,Fabaceae,,,,,,2957348,Q15536904,,
liquidambar-orientalis,Liquidambar orientalis,Liquidambar,orientalis,Altingiaceae,,,,,,3152825,Q2093169,,
aesculus-indica,Aesculus indica,Aesculus,indica,Sapindaceae,,,,,,8566446,Q573132,,
handroanthus-ochraceus,Handroanthus ochraceus,Handroanthus,ochraceus,Bignoniaceae,,,,,,4092146,Q15549879,,
cereus-lepidotus,Cereus lepidotus,Cereus,lepidotus,Cactaceae,,,,,,5623092,Q50840458,,
sorbus-decora,Sorbus decora,Sorbus,decora,Rosaceae,,,,,,3012350,Q966130,,
epilobium-hirsutum,Epilobium hirsutum,Epilobium,hirsutum,Onagraceae,,,,,,3189172,Q161366,,
meriania-nobilis,Meriania nobilis,Meriania,nobilis,Melastomataceae,,,,,,5599684,Q17585739,,
bidens-odorata,Bidens odorata,Bidens,odorata,Asteraceae,,,,,,7355425,Q15593938,,
vernicia-fordii,Vernicia fordii,Vernicia,fordii,Euphorbiaceae,,,,,,3074906,Q1422363,,
zoysia-matrella,Zoysia matrella,Zoysia,matrella,Poaceae,,,,,,2704740,Q4118130,,
anthurium-crystallinum,Anthurium crystallinum,Anthurium,crystallinum,Araceae,,,,,,2872232,Q4067647,,
erica-verticillata,Erica verticillata,Erica,verticillata,Ericaceae,,,,,,7616979,Q5387961,,
aristolochia-zollingeriana,Aristolochia zollingeriana,Aristolochia,zollingeriana,Aristolochiaceae,,,,,,5836315,Q15245652,,
cistus-x-hybridus,Cistus × hybridus,Cistus,hybridus,Cistaceae,,,,,,7868182,Q17571909,,
myosotis-scorpioides,Myosotis scorpioides,Myosotis,scorpioides,Boraginaceae,,,,,,5341184,Q147165,,
onobrychis-viciifolia,Onobrychis viciifolia,Onobrychis,viciifolia,Fabaceae,,,,,,2972595,Q157933,,
aloe-succotrina,Aloe succotrina,Aloe,succotrina,Asphodelaceae,,,,,,9520660,Q24380,,
pinus-pseudostrobus,Pinus pseudostrobus,Pinus,pseudostrobus,Pinaceae,,,,,,5285280,Q137071,,
elaeocarpus-grandis,Elaeocarpus grandis,Elaeocarpus,grandis,Elaeocarpaceae,,,,,,7426040,Q50828866,,
crassula-spathulata,Crassula spathulata,Crassula,spathulata,Crassulaceae,,,,,,5689965,Q15482639,,
dombeya-x-cayeuxii,Dombeya × cayeuxii,Dombeya,cayeuxii,Malvaceae,,,,,,5545783,Q21399900,,
dirca-palustris,Dirca palustris,Dirca,palustris,Thymelaeaceae,,,,,,3188462,Q5280175,,
aristotelia-serrata,Aristotelia serrata,Aristotelia,serrata,Elaeocarpaceae,,,,,,5651040,Q151178,,
cyathea-dealbata,Cyathea dealbata,Cyathea,dealbata,Cyatheaceae,,,,,,5529608,Q1248008,,
rhynchospora-colorata,Rhynchospora colorata,Rhynchospora,colorata,Cyperaceae,,,,,,2721618,Q7321724,,
hunnemannia-fumariifolia,Hunnemannia fumariifolia,Hunnemannia,fumariifolia,Papaveraceae,,,,,,2888505,Q965896,,
pisonia-grandis,Pisonia grandis,Pisonia,grandis,,,,,,,,Q2383292,,
platanus-wrightii,Platanus wrightii,Platanus,wrightii,Platanaceae,,,,,,3152817,Q4115345,,
pilea-mollis,Pilea mollis,Pilea,mollis,Urticaceae,,,,,,5670312,Q7193859,,
machilus-zuihoensis,Machilus zuihoensis,Machilus,zuihoensis,Lauraceae,,,,,,4177730,Q15246890,,
dalechampia-aristolochiifolia,Dalechampia aristolochiifolia,Dalechampia,aristolochiifolia,Euphorbiaceae,,,,,,3055750,Q15370000,,
cenostigma-eriostachys,Cenostigma eriostachys,Cenostigma,eriostachys,Fabaceae,,,,,,9358217,Q42669357,,
mutarda-arvensis,Mutarda arvensis,Mutarda,arvensis,,,,,,,,Q124728023,,
hypochaeris-radicata,Hypochaeris radicata,Hypochaeris,radicata,Asteraceae,,,,,,3093702,Q421057,,
polanisia-dodecandra,Polanisia dodecandra,Polanisia,dodecandra,Cleomaceae,,,,,,3054274,Q3394026,,
salvia-verticillata,Salvia verticillata,Salvia,verticillata,Lamiaceae,,,,,,2926995,Q129775,,
artemisia-abrotanum,Artemisia abrotanum,Artemisia,abrotanum,Asteraceae,,,,,,8042568,Q157976,,
hibiscus-martianus,Hibiscus martianus,Hibiscus,martianus,Malvaceae,,,,,,3152578,Q5897023,,
hoheria-populnea,Hoheria populnea,Hoheria,populnea,Malvaceae,,,,,,3940089,Q1623958,,
symphytum-grandiflorum,Symphytum grandiflorum,Symphytum,grandiflorum,Boraginaceae,,,,,,4067302,Q17417209,,
abatia-parviflora,Abatia parviflora,Abatia,parviflora,Salicaceae,,,,,,3878235,Q5654738,,
kirengeshoma-palmata,Kirengeshoma palmata,Kirengeshoma,palmata,Hydrangeaceae,,,,,,3645653,Q6415055,,
rubus-niveus,Rubus niveus,Rubus,niveus,Rosaceae,,,,,,2989183,Q1023525,,
ipomoea-cordatotriloba,Ipomoea cordatotriloba,Ipomoea,cordatotriloba,Convolvulaceae,,,,,,2928541,Q13638395,,
penstemon-pinifolius,Penstemon pinifolius,Penstemon,pinifolius,Plantaginaceae,,,,,,3171361,Q15351715,,
solanum-wrightii,Solanum wrightii,Solanum,wrightii,Solanaceae,,,,,,2931500,Q10937593,,
parmentiera-cereifera,Parmentiera cereifera,Parmentiera,cereifera,Bignoniaceae,,,,,,5415088,Q5475135,,
thryptomene-saxicola,Thryptomene saxicola,Thryptomene,saxicola,Myrtaceae,,,,,,3177566,Q7798629,,
cedrela-montana,Cedrela montana,Cedrela,montana,Meliaceae,,,,,,7271324,Q4503668,,
campomanesia-lineatifolia,Campomanesia lineatifolia,Campomanesia,lineatifolia,Myrtaceae,,,,,,3181134,Q5691923,,
vachellia-macracantha,Vachellia macracantha,Vachellia,macracantha,Fabaceae,,,,,,3795445,Q15545373,,
asclepias-angustifolia,Asclepias angustifolia,Asclepias,angustifolia,Apocynaceae,,,,,,3170306,Q18078765,,
prunus-nigra,Prunus nigra,Prunus,nigra,Rosaceae,,,,,,3021170,Q2724971,,
arctostaphylos-pungens,Arctostaphylos pungens,Arctostaphylos,pungens,Ericaceae,,,,,,2882572,Q625137,,
salix-gooddingii,Salix gooddingii,Salix,gooddingii,Salicaceae,,,,,,5372708,Q7404897,,
allium-neapolitanum,Allium neapolitanum,Allium,neapolitanum,Amaryllidaceae,,,,,,2856348,Q1817792,,
magnolia-sieboldii,Magnolia sieboldii,Magnolia,sieboldii,Magnoliaceae,,,,,,3152959,Q1378390,,
torreya-taxifolia,Torreya taxifolia,Torreya,taxifolia,Taxaceae,,,,,,5284481,Q595832,,
malva-alcea,Malva alcea,Malva,alcea,Malvaceae,,,,,,3152365,Q162805,,
ficus-variegata,Ficus variegata,Ficus,variegata,Moraceae,,,,,,3234563,Q502030,,
geranium-x-oxonianum,Geranium × oxonianum,Geranium,oxonianum,Geraniaceae,,,,,,2890035,,,
myoporum-bontioides,Myoporum bontioides,Myoporum,bontioides,Scrophulariaceae,,,,,,3745841,Q17220380,,
ajuga-pygmaea,Ajuga pygmaea,Ajuga,pygmaea,Lamiaceae,,,,,,3886751,Q15224063,,
melothria-scabra,Melothria scabra,Melothria,scabra,Cucurbitaceae,,,,,,3623482,Q929967,,
cyanthillium-cinereum,Cyanthillium cinereum,Cyanthillium,cinereum,Asteraceae,,,,,,6445734,Q15571171,,
carex-muskingumensis,Carex muskingumensis,Carex,muskingumensis,Cyperaceae,,,,,,2726538,Q2938615,,
clematis-x-jackmanii,Clematis × jackmanii,Clematis,jackmanii,Ranunculaceae,,,,,,3033584,Q1107631,,
cymbidium-ensifolium,Cymbidium ensifolium,Cymbidium,ensifolium,Orchidaceae,,,,,,5305481,Q2212913,,
lavandula-pinnata,Lavandula pinnata,Lavandula,pinnata,Lamiaceae,,,,,,7894021,Q3006288,,
guzmania-conifera,Guzmania conifera,Guzmania,conifera,Bromeliaceae,,,,,,2699083,Q5623001,,
kalanchoe-petitiana,Kalanchoe petitiana,Kalanchoe,petitiana,Crassulaceae,,,,,,4199124,Q1722013,,
angelica-archangelica,Angelica archangelica,Angelica,archangelica,Apiaceae,,,,,,5371808,Q207745,,
ficus-natalensis,Ficus natalensis,Ficus,natalensis,Moraceae,,,,,,6358688,Q4022404,,
gaillardia-aestivalis,Gaillardia aestivalis,Gaillardia,aestivalis,Asteraceae,,,,,,5387851,Q5517193,,
andrographis-paniculata,Andrographis paniculata,Andrographis,paniculata,Acanthaceae,,,,,,3173178,Q1551608,,
agathis-alba,Agathis alba,Agathis,alba,Araucariaceae,,,,,,5284442,Q17164898,,
cardamine-hirsuta,Cardamine hirsuta,Cardamine,hirsuta,Brassicaceae,,,,,,3046258,Q157926,,
parietaria-judaica,Parietaria judaica,Parietaria,judaica,Urticaceae,,,,,,5361801,Q147991,,
leptosyne-gigantea,Leptosyne gigantea,Leptosyne,gigantea,Asteraceae,,,,,,3134001,Q32856085,,
helenium-flexuosum,Helenium flexuosum,Helenium,flexuosum,Asteraceae,,,,,,5401838,Q5703943,,
sideroxylon-lanuginosum,Sideroxylon lanuginosum,Sideroxylon,lanuginosum,Sapotaceae,,,,,,2887069,Q15348010,,
philodendron-giganteum,Philodendron giganteum,Philodendron,giganteum,Araceae,,,,,,2870862,Q3381123,,
nothofagus-menziesii,Nothofagus menziesii,Nothofagus,menziesii,Nothofagaceae,,,,,,2874917,Q1434315,,
lippia-dulcis,Lippia dulcis,Lippia,dulcis,Verbenaceae,,,,,,2925416,Q28801933,,
handroanthus-guayacan,Handroanthus guayacan,Handroanthus,guayacan,Bignoniaceae,,,,,,4092274,Q15549706,,
aeonium-glandulosum,Aeonium glandulosum,Aeonium,glandulosum,Crassulaceae,,,,,,4198162,Q1395293,,
ugni-molinae,Ugni molinae,Ugni,molinae,Myrtaceae,,,,,,3185043,Q1072849,,
aloe-chabaudii,Aloe chabaudii,Aloe,chabaudii,Asphodelaceae,,,,,,2777412,Q290573,,
muhlenbergia-sericea,Muhlenbergia sericea,Muhlenbergia,sericea,Poaceae,,,,,,4118620,Q15516451,,
agave-cordillerensis,Agave cordillerensis,Agave,cordillerensis,Asparagaceae,,,,,,2767032,Q92772692,,
thuja-x-soeegaardii,Thuja × soeegaardii,Thuja,soeegaardii,,,,,,,,,,
geranium-carolinianum,Geranium carolinianum,Geranium,carolinianum,Geraniaceae,,,,,,2890623,Q1023840,,
delphinium-trolliifolium,Delphinium trolliifolium,Delphinium,trolliifolium,Ranunculaceae,,,,,,3033769,Q5254460,,
argemone-mexicana,Argemone mexicana,Argemone,mexicana,Papaveraceae,,,,,,2888485,Q683404,,
odontonema-cuspidatum,Odontonema cuspidatum,Odontonema,cuspidatum,Acanthaceae,,,,,,5415341,Q17680694,,
melocactus-curvispinus,Melocactus curvispinus,Melocactus,curvispinus,Cactaceae,,,,,,7280901,Q291132,,
passiflora-pinnatistipula,Passiflora pinnatistipula,Passiflora,pinnatistipula,Passifloraceae,,,,,,7313368,Q7142635,,
kalanchoe-x-edwardii,Kalanchoe × edwardii,Kalanchoe,edwardii,Crassulaceae,,,,,,11169078,,,
crambe-maritima,Crambe maritima,Crambe,maritima,Brassicaceae,,,,,,5373533,Q165299,,
wyethia-angustifolia,Wyethia angustifolia,Wyethia,angustifolia,Asteraceae,,,,,,3091459,Q8039740,,
libertia-chilensis,Libertia chilensis,Libertia,chilensis,Iridaceae,,,,,,5296860,Q9022203,,
quercus-marilandica,Quercus marilandica,Quercus,marilandica,Fagaceae,,,,,,2881630,Q845791,,
begonia-hirtella,Begonia hirtella,Begonia,hirtella,Begoniaceae,,,,,,2874714,Q15329948,,
zanthoxylum-ailanthoides,Zanthoxylum ailanthoides,Zanthoxylum,ailanthoides,Rutaceae,,,,,,7269097,Q1156537,,
athanasia-trifurcata,Athanasia trifurcata,Athanasia,trifurcata,Asteraceae,,,,,,3114343,Q15589924,,
pulsatilla-nuttalliana,Pulsatilla nuttalliana,Pulsatilla,nuttalliana,Ranunculaceae,,,,,,3929080,Q50346836,,
sabdariffa-radiata,Sabdariffa radiata,Sabdariffa,radiata,,,,,,,,,,
allium-tricoccum,Allium tricoccum,Allium,tricoccum,Amaryllidaceae,,,,,,2856301,Q2714893,,
lupinus-microcarpus,Lupinus microcarpus,Lupinus,microcarpus,Fabaceae,,,,,,2964426,Q6704779,,
lilium-philadelphicum,Lilium philadelphicum,Lilium,philadelphicum,Liliaceae,,,,,,2753218,Q136874,,
acacia-mangium,Acacia mangium,Acacia,mangium,Fabaceae,,,,,,2979091,Q2673511,,
cylindropuntia-tunicata,Cylindropuntia tunicata,Cylindropuntia,tunicata,Cactaceae,,,,,,7282418,Q290496,,
melicope-denhamii,Melicope denhamii,Melicope,denhamii,Rutaceae,,,,,,3833431,Q15393298,,
ficus-lutea,Ficus lutea,Ficus,lutea,Moraceae,,,,,,5571832,Q3071419,,
quercus-mongolica,Quercus mongolica,Quercus,mongolica,Fagaceae,,,,,,2879685,Q1367359,,
lophomyrtus-obcordata,Lophomyrtus obcordata,Lophomyrtus,obcordata,Myrtaceae,,,,,,3188102,Q15368353,,
rosa-dumalis,Rosa dumalis,Rosa,dumalis,Rosaceae,,,,,,3003708,Q159721,,
echinopsis-bridgesii,Echinopsis bridgesii,Echinopsis,bridgesii,Cactaceae,,,,,,12259312,Q1280509,,
cornus-canadensis,Cornus canadensis,Cornus,canadensis,Cornaceae,,,,,,3082270,Q1420828,,
erigeron-sumatrensis,Erigeron sumatrensis,Erigeron,sumatrensis,Asteraceae,,,,,,3146683,Q24850608,,
artemisia-arborescens,Artemisia arborescens,Artemisia,arborescens,Asteraceae,,,,,,3120677,Q309692,,
symphyotrichum-patens,Symphyotrichum patens,Symphyotrichum,patens,Asteraceae,,,,,,3151761,Q15555163,,
ficus-americana,Ficus americana,Ficus,americana,Moraceae,,,,,,5361926,Q3585536,,
matisia-cordata,Matisia cordata,Matisia,cordata,Malvaceae,,,,,,4073924,Q15613669,,
xeronema-callistemon,Xeronema callistemon,Xeronema,callistemon,Xeronemataceae,,,,,,2860811,Q3007658,,
ruellia-squarrosa,Ruellia squarrosa,Ruellia,squarrosa,Acanthaceae,,,,,,8895616,Q17681413,,
orontium-aquaticum,Orontium aquaticum,Orontium,aquaticum,Araceae,,,,,,5330733,Q2700676,,
eriogonum-latifolium,Eriogonum latifolium,Eriogonum,latifolium,Polygonaceae,,,,,,2889500,Q5389400,,
lagurus-ovatus,Lagurus ovatus,Lagurus,ovatus,Poaceae,,,,,,5290177,Q2092294,,
osmunda-claytoniana,Osmunda claytoniana,Osmunda,claytoniana,Osmundaceae,,,,,,9684539,Q2748623,,
liatris-scariosa,Liatris scariosa,Liatris,scariosa,Asteraceae,,,,,,3104328,Q15589905,,
angelica-atropurpurea,Angelica atropurpurea,Angelica,atropurpurea,Apiaceae,,,,,,5371822,Q4762682,,
aloysia-macrostachya,Aloysia macrostachya,Aloysia,macrostachya,Verbenaceae,,,,,,5341166,Q15493940,,
prosthechea-radiata,Prosthechea radiata,Prosthechea,radiata,Orchidaceae,,,,,,2793961,Q15490680,,
acalypha-siamensis,Acalypha siamensis,Acalypha,siamensis,Euphorbiaceae,,,,,,3056042,Q6718936,,
ipomoea-horsfalliae,Ipomoea horsfalliae,Ipomoea,horsfalliae,Convolvulaceae,,,,,,2928587,Q151073,,
pseudopanax-laetus,Pseudopanax laetus,Pseudopanax,laetus,Araliaceae,,,,,,3036515,Q21397632,,
correa-glabra,Correa glabra,Correa,glabra,Rutaceae,,,,,,7269181,Q5172747,,
betonica-macrantha,Betonica macrantha,Betonica,macrantha,Lamiaceae,,,,,,3905825,Q15348437,,
ceanothus-cuneatus,Ceanothus cuneatus,Ceanothus,cuneatus,Rhamnaceae,,,,,,3039404,Q5055706,,
cistus-monspeliensis,Cistus monspeliensis,Cistus,monspeliensis,Cistaceae,,,,,,2874030,Q1414643,,
eucalyptus-viminalis,Eucalyptus viminalis,Eucalyptus,viminalis,Myrtaceae,,,,,,3177112,Q2137116,,
geum-macrophyllum,Geum macrophyllum,Geum,macrophyllum,Rosaceae,,,,,,5369784,Q2917893,,
begonia-foliosa,Begonia foliosa,Begonia,foliosa,Begoniaceae,,,,,,2874711,Q4880544,,
ludwigia-octovalvis,Ludwigia octovalvis,Ludwigia,octovalvis,Onagraceae,,,,,,5420987,Q986311,,
coprosma-propinqua,Coprosma propinqua,Coprosma,propinqua,Rubiaceae,,,,,,2911549,Q5168965,,
dischidia-nummularia,Dischidia nummularia,Dischidia,nummularia,Apocynaceae,,,,,,7439694,Q15397553,,
asarum-reflexum,Asarum reflexum,Asarum,reflexum,Aristolochiaceae,,,,,,2873947,Q55815438,,
symplocarpus-foetidus,Symplocarpus foetidus,Symplocarpus,foetidus,Araceae,,,,,,2870117,Q1195489,,
butea-monosperma,Butea monosperma,Butea,monosperma,Fabaceae,,,,,,8234570,Q942203,,
genista-stenopetala,Genista stenopetala,Genista,stenopetala,Fabaceae,,,,,,5347701,Q5533222,,
persicaria-chinensis,Persicaria chinensis,Persicaria,chinensis,Polygonaceae,,,,,,4036385,Q15283729,,
aporocactus-flagelliformis,Aporocactus flagelliformis,Aporocactus,flagelliformis,Cactaceae,,,,,,7283331,Q41793383,,
morella-pubescens,Morella pubescens,Morella,pubescens,Myricaceae,,,,,,3744993,Q15377003,,
dioscorea-polystachya,Dioscorea polystachya,Dioscorea,polystachya,Dioscoreaceae,,,,,,2754732,Q5279593,,
drosera-spatulata,Drosera spatulata,Drosera,spatulata,Droseraceae,,,,,,3191227,Q138176,,
ardisia-escallonioides,Ardisia escallonioides,Ardisia,escallonioides,Primulaceae,,,,,,5558603,Q15324277,,
juniperus-oxycedrus,Juniperus oxycedrus,Juniperus,oxycedrus,Cupressaceae,,,,,,2684451,Q184300,,
acer-triflorum,Acer triflorum,Acer,triflorum,Sapindaceae,,,,,,7263031,Q1257409,,
nymphoides-hydrophyllum,Nymphoides hydrophyllum,Nymphoides,hydrophyllum,Menyanthaceae,,,,,,5592249,,,
goeppertia-rufibarba,Goeppertia rufibarba,Goeppertia,rufibarba,Marantaceae,,,,,,8260770,Q50841693,,
galinsoga-quadriradiata,Galinsoga quadriradiata,Galinsoga,quadriradiata,Asteraceae,,,,,,8298495,Q614880,,
balsamorhiza-deltoidea,Balsamorhiza deltoidea,Balsamorhiza,deltoidea,Asteraceae,,,,,,3137216,Q2881534,,
eclipta-prostrata,Eclipta prostrata,Eclipta,prostrata,Asteraceae,,,,,,5384950,Q857092,,
zizia-aptera,Zizia aptera,Zizia,aptera,Apiaceae,,,,,,3034518,Q15597413,,
juglans-ailantifolia,Juglans ailantifolia,Juglans,ailantifolia,Juglandaceae,,,,,,3054366,Q1655870,,
lepechinia-hastata,Lepechinia hastata,Lepechinia,hastata,Lamiaceae,,,,,,2926566,Q15339228,,
phyllanthus-niruri,Phyllanthus niruri,Phyllanthus,niruri,Phyllanthaceae,,,,,,5381945,Q2719836,,
kohleria-amabilis,Kohleria amabilis,Kohleria,amabilis,Gesneriaceae,,,,,,6365221,Q15499065,,
agave-asperrima,Agave asperrima,Agave,asperrima,Asparagaceae,,,,,,2766760,Q391643,,
hernandia-nymphaeifolia,Hernandia nymphaeifolia,Hernandia,nymphaeifolia,Hernandiaceae,,,,,,3685338,Q5456067,,
philotheca-myoporoides,Philotheca myoporoides,Philotheca,myoporoides,Rutaceae,,,,,,7268825,Q601139,,
gossypium-herbaceum,Gossypium herbaceum,Gossypium,herbaceum,Malvaceae,,,,,,3152658,Q177615,,
clivia-gardenii,Clivia gardenii,Clivia,gardenii,Amaryllidaceae,,,,,,5326272,Q15505734,,
tarchonanthus-littoralis,Tarchonanthus littoralis,Tarchonanthus,littoralis,Asteraceae,,,,,,3141276,Q15557929,,
veronica-diosmifolia,Veronica diosmifolia,Veronica,diosmifolia,Plantaginaceae,,,,,,7814207,Q87627184,,
kalanchoe-densiflora,Kalanchoe densiflora,Kalanchoe,densiflora,Crassulaceae,,,,,,7334366,Q1721977,,
sagittaria-lancifolia,Sagittaria lancifolia,Sagittaria,lancifolia,Alismataceae,,,,,,5328895,Q7399298,,
erigeron-bonariensis,Erigeron bonariensis,Erigeron,bonariensis,Asteraceae,,,,,,3146717,Q21874195,,
aquilegia-alpina,Aquilegia alpina,Aquilegia,alpina,Ranunculaceae,,,,,,3921499,Q1417767,,
aristolochia-grandiflora,Aristolochia grandiflora,Aristolochia,grandiflora,Aristolochiaceae,,,,,,2874014,Q135693,,
coreopsis-basalis,Coreopsis basalis,Coreopsis,basalis,Asteraceae,,,,,,3133967,Q4232931,,
echinocereus-enneacanthus,Echinocereus enneacanthus,Echinocereus,enneacanthus,Cactaceae,,,,,,3084109,Q291700,,
marsilea-minuta,Marsilea minuta,Marsilea,minuta,Marsileaceae,,,,,,5274876,Q15249917,,
woodwardia-prolifera,Woodwardia prolifera,Woodwardia,prolifera,Blechnaceae,,,,,,5665857,Q15239367,,
elodea-densa,Elodea densa,Elodea,densa,Hydrocharitaceae,,,,,,5329263,Q50839363,,
ulex-europaeus,Ulex europaeus,Ulex,europaeus,Fabaceae,,,,,,2951984,Q161794,,
pyrus-bourgaeana,Pyrus bourgaeana,Pyrus,bourgaeana,Rosaceae,,,,,,5362630,Q3285189,,
pandorea-pandorana,Pandorea pandorana,Pandorea,pandorana,Bignoniaceae,,,,,,5668503,Q7130740,,
lunaria-rediviva,Lunaria rediviva,Lunaria,rediviva,Brassicaceae,,,,,,5373322,Q778326,,
combretum-erythrophyllum,Combretum erythrophyllum,Combretum,erythrophyllum,Combretaceae,,,,,,3698798,Q3642252,,
crotalaria-retusa,Crotalaria retusa,Crotalaria,retusa,Fabaceae,,,,,,2942610,Q10917487,,
symphyotrichum-georgianum,Symphyotrichum georgianum,Symphyotrichum,georgianum,Asteraceae,,,,,,3151663,Q7661730,,
kunzea-robusta,Kunzea robusta,Kunzea,robusta,Myrtaceae,,,,,,9055689,Q21274385,,
crateva-religiosa,Crateva religiosa,Crateva,religiosa,Capparaceae,,,,,,3054263,Q311133,,
humulus-neomexicanus,Humulus neomexicanus,Humulus,neomexicanus,Cannabaceae,,,,,,3874386,Q15544321,,
lilium-canadense,Lilium canadense,Lilium,canadense,Liliaceae,,,,,,2753239,Q1723444,,
epilobium-densiflorum,Epilobium densiflorum,Epilobium,densiflorum,Onagraceae,,,,,,3189090,Q5382996,,
galanthus-plicatus,Galanthus plicatus,Galanthus,plicatus,Amaryllidaceae,,,,,,2855338,Q849244,,
allium-amplectens,Allium amplectens,Allium,amplectens,Amaryllidaceae,,,,,,2857894,Q4732883,,
fascicularia-bicolor,Fascicularia bicolor,Fascicularia,bicolor,Bromeliaceae,,,,,,5287984,Q145149,,
beilschmiedia-tawa,Beilschmiedia tawa,Beilschmiedia,tawa,Lauraceae,,,,,,4182938,Q1955922,,
pectinopitys-ferruginea,Pectinopitys ferruginea,Pectinopitys,ferruginea,Podocarpaceae,,,,,,2687255,Q94302257,,
passiflora-foetida,Passiflora foetida,Passiflora,foetida,Passifloraceae,,,,,,2874211,Q1766333,,
lolium-perenne,Lolium perenne,Lolium,perenne,Poaceae,,,,,,2706241,Q161722,,
lomatium-utriculatum,Lomatium utriculatum,Lomatium,utriculatum,Apiaceae,,,,,,3034336,Q6669283,,
clinopodium-vulgare,Clinopodium vulgare,Clinopodium,vulgare,Lamiaceae,,,,,,2926945,Q163952,,
dracaena-aletriformis,Dracaena aletriformis,Dracaena,aletriformis,Asparagaceae,,,,,,5304640,Q3642768,,
helianthus-decapetalus,Helianthus decapetalus,Helianthus,decapetalus,Asteraceae,,,,,,3119185,Q9353368,,
selenicereus-grandiflorus,Selenicereus grandiflorus,Selenicereus,grandiflorus,Cactaceae,,,,,,3084466,Q137139,,
solanum-seaforthianum,Solanum seaforthianum,Solanum,seaforthianum,Solanaceae,,,,,,2932040,Q3024467,,
leucaena-diversifolia,Leucaena diversifolia,Leucaena,diversifolia,Fabaceae,,,,,,2970394,Q5973957,,
uraria-crinita,Uraria crinita,Uraria,crinita,Fabaceae,,,,,,2956565,Q10891124,,
eupatorium-tashiroi,Eupatorium tashiroi,Eupatorium,tashiroi,Asteraceae,,,,,,5402817,Q3336540,,
heuchera-maxima,Heuchera maxima,Heuchera,maxima,Saxifragaceae,,,,,,3032675,Q5748153,,
helianthus-hirsutus,Helianthus hirsutus,Helianthus,hirsutus,Asteraceae,,,,,,3119209,Q12212023,,
wigandia-urens,Wigandia urens,Wigandia,urens,Namaceae,,,,,,2928366,Q3567994,,
echinacea-tennesseensis,Echinacea tennesseensis,Echinacea,tennesseensis,Asteraceae,,,,,,3150929,Q5332437,,
phacelia-bipinnatifida,Phacelia bipinnatifida,Phacelia,bipinnatifida,Hydrophyllaceae,,,,,,2928138,Q7179866,,
sandoricum-koetjape,Sandoricum koetjape,Sandoricum,koetjape,Meliaceae,,,,,,3850843,Q913452,,
sagittaria-trifolia,Sagittaria trifolia,Sagittaria,trifolia,Alismataceae,,,,,,5328972,Q5371539,,
echeveria-coccinea,Echeveria coccinea,Echeveria,coccinea,Crassulaceae,,,,,,4202717,Q5816911,,
cyathea-medullaris,Cyathea medullaris,Cyathea,medullaris,Cyatheaceae,,,,,,5529626,Q5197621,,
davallia-griffithiana,Davallia griffithiana,Davallia,griffithiana,Davalliaceae,,,,,,7911152,Q11102720,,
hylotelephium-ewersii,Hylotelephium ewersii,Hylotelephium,ewersii,Crassulaceae,,,,,,4202057,Q1383053,,
quercus-chrysolepis,Quercus chrysolepis,Quercus,chrysolepis,Fagaceae,,,,,,2879984,Q138446,,
fraxinus-quadrangulata,Fraxinus quadrangulata,Fraxinus,quadrangulata,Oleaceae,,,,,,3172370,Q882296,,
torreya-californica,Torreya californica,Torreya,californica,Taxaceae,,,,,,5284508,Q1440975,,
typha-domingensis,Typha domingensis,Typha,domingensis,Typhaceae,,,,,,5289534,Q2748383,,
cycas-thouarsii,Cycas thouarsii,Cycas,thouarsii,Cycadaceae,,,,,,2683282,Q1063758,,
agave-palmeri,Agave palmeri,Agave,palmeri,Asparagaceae,,,,,,2766739,Q391834,,
digitalis-lutea,Digitalis lutea,Digitalis,lutea,Plantaginaceae,,,,,,5414990,Q157914,,
euphorbia-caput-medusae,Euphorbia caput-medusae,Euphorbia,caput-medusae,Euphorbiaceae,,,,,,3065068,Q8846349,,
eremophila-nivea,Eremophila nivea,Eremophila,nivea,Scrophulariaceae,,,,,,5565668,Q5385582,,
aegonychon-purpurocaeruleum,Aegonychon purpurocaeruleum,Aegonychon,purpurocaeruleum,Boraginaceae,,,,,,4063960,Q50827976,,
trichilia-emetica,Trichilia emetica,Trichilia,emetica,Meliaceae,,,,,,3190493,Q5243595,,
iris-sibirica,Iris sibirica,Iris,sibirica,Iridaceae,,,,,,5298126,Q145686,,
jacobaea-vulgaris,Jacobaea vulgaris,Jacobaea,vulgaris,Asteraceae,,,,,,5388602,Q15630491,,
eriogonum-parvifolium,Eriogonum parvifolium,Eriogonum,parvifolium,Polygonaceae,,,,,,2889588,Q5389427,,
baptisia-tinctoria,Baptisia tinctoria,Baptisia,tinctoria,Fabaceae,,,,,,7943262,Q783093,,
cochlospermum-vitifolium,Cochlospermum vitifolium,Cochlospermum,vitifolium,Cochlospermaceae,,,,,,2874865,Q1018056,,
agave-weberi,Agave weberi,Agave,weberi,Asparagaceae,,,,,,2766599,Q15487832,,
rhododendron-minus,Rhododendron minus,Rhododendron,minus,Ericaceae,,,,,,2883076,Q7321149,,
mesua-ferrea,Mesua ferrea,Mesua,ferrea,Calophyllaceae,,,,,,7330039,Q2001737,,
eryngium-giganteum,Eryngium giganteum,Eryngium,giganteum,Apiaceae,,,,,,3631129,Q3299334,,
lapageria-rosea,Lapageria rosea,Lapageria,rosea,Philesiaceae,,,,,,2781165,Q1072906,,
polylepis-incana,Polylepis incana,Polylepis,incana,Rosaceae,,,,,,5370633,Q1330270,,
cosmos-atrosanguineus,Cosmos atrosanguineus,Cosmos,atrosanguineus,Asteraceae,,,,,,3098976,Q1535295,,
ficus-formosana,Ficus formosana,Ficus,formosana,Moraceae,,,,,,7262706,Q10914796,,
passiflora-manicata,Passiflora manicata,Passiflora,manicata,Passifloraceae,,,,,,2874185,Q12639367,,
quercus-wislizeni,Quercus wislizeni,Quercus,wislizeni,Fagaceae,,,,,,2878384,Q3009812,,
cercocarpus-ledifolius,Cercocarpus ledifolius,Cercocarpus,ledifolius,Rosaceae,,,,,,8168453,Q5063952,,
lomatium-nudicaule,Lomatium nudicaule,Lomatium,nudicaule,Apiaceae,,,,,,3034279,Q604108,,
carex-plantaginea,Carex plantaginea,Carex,plantaginea,Cyperaceae,,,,,,2723909,Q12343744,,
randia-aculeata,Randia aculeata,Randia,aculeata,Rubiaceae,,,,,,5339488,Q3022113,,
photinia-davidiana,Photinia davidiana,Photinia,davidiana,Rosaceae,,,,,,3000406,Q50847306,,
sanguisorba-canadensis,Sanguisorba canadensis,Sanguisorba,canadensis,Rosaceae,,,,,,3029411,Q2710060,,
pteris-parkeri,Pteris parkeri,Pteris,parkeri,Pteridaceae,,,,,,8521522,Q17170238,,
heptapleurum-ellipticum,Heptapleurum ellipticum,Heptapleurum,ellipticum,Araliaceae,,,,,,3038037,Q65940872,,
quetzalcoatlia-superba,Quetzalcoatlia superba,Quetzalcoatlia,superba,,,,,,,,,,
drymocallis-glandulosa,Drymocallis glandulosa,Drymocallis,glandulosa,Rosaceae,,,,,,6368623,Q15537861,,
maurandella-antirrhiniflora,Maurandella antirrhiniflora,Maurandella,antirrhiniflora,Plantaginaceae,,,,,,3171137,Q3300226,,
picea-breweriana,Picea breweriana,Picea,breweriana,Pinaceae,,,,,,5284955,Q476655,,
peltophorum-africanum,Peltophorum africanum,Peltophorum,africanum,Fabaceae,,,,,,2952780,Q14946762,,
campanula-carpatica,Campanula carpatica,Campanula,carpatica,Campanulaceae,,,,,,5410826,Q159198,,
manfreda-variegata,Manfreda variegata,Manfreda,variegata,Asparagaceae,,,,,,7720070,Q15523250,,
mammillaria-polythele,Mammillaria polythele,Mammillaria,polythele,Cactaceae,,,,,,7283769,Q144510,,
populus-mexicana,Populus mexicana,Populus,mexicana,Salicaceae,,,,,,7937815,Q10296280,,
epimedium-alpinum,Epimedium alpinum,Epimedium,alpinum,Berberidaceae,,,,,,7695021,Q164064,,
ptisana-salicina,Ptisana salicina,Ptisana,salicina,Marattiaceae,,,,,,3920084,Q7257082,,
rhodosphaera-rhodanthema,Rhodosphaera rhodanthema,Rhodosphaera,rhodanthema,Anacardiaceae,,,,,,5544210,Q7321221,,
oreocereus-pseudofossulatus,Oreocereus pseudofossulatus,Oreocereus,pseudofossulatus,Cactaceae,,,,,,3952236,Q2029604,,
clematis-patens,Clematis patens,Clematis,patens,Ranunculaceae,,,,,,7277969,Q737798,,
cleretum-bellidiforme,Cleretum bellidiforme,Cleretum,bellidiforme,Aizoaceae,,,,,,3707306,Q17246315,,
haworthiopsis-fasciata,Haworthiopsis fasciata,Haworthiopsis,fasciata,Asphodelaceae,,,,,,9395407,Q39865423,,
stenocereus-huastecorum,Stenocereus huastecorum,Stenocereus,huastecorum,Cactaceae,,,,,,10726507,Q89252469,,
ceodes-umbellifera,Ceodes umbellifera,Ceodes,umbellifera,Nyctaginaceae,,,,,,3086267,Q15239353,,
rubus-laciniatus,Rubus laciniatus,Rubus,laciniatus,Rosaceae,,,,,,2992543,Q4356004,,
calophyllum-brasiliense,Calophyllum brasiliense,Calophyllum,brasiliense,Calophyllaceae,,,,,,5421069,Q2934367,,
acacia-fimbriata,Acacia fimbriata,Acacia,fimbriata,Fabaceae,,,,,,2978611,Q2709100,,
lilium-superbum,Lilium superbum,Lilium,superbum,Liliaceae,,,,,,2753278,Q136882,,
tetraclinis-articulata,Tetraclinis articulata,Tetraclinis,articulata,Cupressaceae,,,,,,2684184,Q918555,,
zinnia-angustifolia,Zinnia angustifolia,Zinnia,angustifolia,Asteraceae,,,,,,3111797,Q950457,,
peperomia-galioides,Peperomia galioides,Peperomia,galioides,Piperaceae,,,,,,7305021,Q11815583,,
agave-fourcroydes,Agave fourcroydes,Agave,fourcroydes,Asparagaceae,,,,,,2767123,Q136120,,
protea-neriifolia,Protea neriifolia,Protea,neriifolia,Proteaceae,,,,,,5637070,Q5231766,,
aglaonema-modestum,Aglaonema modestum,Aglaonema,modestum,Araceae,,,,,,2866488,Q4056964,,
diospyros-whyteana,Diospyros whyteana,Diospyros,whyteana,Ebenaceae,,,,,,4070390,Q5279627,,
ardisia-cornudentata,Ardisia cornudentata,Ardisia,cornudentata,Primulaceae,,,,,,7331179,Q15236196,,
huernia-zebrina,Huernia zebrina,Huernia,zebrina,Apocynaceae,,,,,,9326773,Q1633949,,
inga-feuilleei,Inga feuilleei,Inga,feuilleei,Fabaceae,,,,,,5357953,Q257726,,
abies-lasiocarpa,Abies lasiocarpa,Abies,lasiocarpa,Pinaceae,,,,,,2685313,Q978755,,
cynanchum-laeve,Cynanchum laeve,Cynanchum,laeve,Apocynaceae,,,,,,9682933,Q5199877,,
escobaria-vivipara,Escobaria vivipara,Escobaria,vivipara,Cactaceae,,,,,,11498251,Q141208,,
vernonia-fasciculata,Vernonia fasciculata,Vernonia,fasciculata,Asteraceae,,,,,,5397564,Q1021760,,
episcia-lilacina,Episcia lilacina,Episcia,lilacina,Gesneriaceae,,,,,,3820646,Q1347286,,
apodytes-dimidiata,Apodytes dimidiata,Apodytes,dimidiata,Metteniusaceae,,,,,,3597463,Q4780197,,
andesanthus-lepidotus,Andesanthus lepidotus,Andesanthus,lepidotus,Melastomataceae,,,,,,10767444,Q93952511,,
sidalcea-malviflora,Sidalcea malviflora,Sidalcea,malviflora,Malvaceae,,,,,,3152720,Q4418705,,
bidens-pilosa,Bidens pilosa,Bidens,pilosa,Asteraceae,,,,,,5391845,Q814421,,
conium-maculatum,Conium maculatum,Conium,maculatum,Apiaceae,,,,,,3034807,Q218041,,
tragopogon-porrifolius,Tragopogon porrifolius,Tragopogon,porrifolius,Asteraceae,,,,,,5386938,Q941639,,
penstemon-baccharifolius,Penstemon baccharifolius,Penstemon,baccharifolius,Plantaginaceae,,,,,,3171541,Q15351205,,
clematis-viorna,Clematis viorna,Clematis,viorna,Ranunculaceae,,,,,,3033562,Q15369586,,
solanum-elaeagnifolium,Solanum elaeagnifolium,Solanum,elaeagnifolium,Solanaceae,,,,,,2929892,Q2716800,,
lindheimera-texana,Lindheimera texana,Lindheimera,texana,Asteraceae,,,,,,3096990,Q2407569,,
arctotis-stoechadifolia,Arctotis stoechadifolia,Arctotis,stoechadifolia,Asteraceae,,,,,,5406226,Q4787711,,
clerodendrum-speciosissimum,Clerodendrum speciosissimum,Clerodendrum,speciosissimum,Lamiaceae,,,,,,12258866,Q2978978,,
bidens-triplinervia,Bidens triplinervia,Bidens,triplinervia,Asteraceae,,,,,,5391928,Q15545675,,
psychotria-asiatica,Psychotria asiatica,Psychotria,asiatica,Rubiaceae,,,,,,2920037,Q15490235,,
medinilla-speciosa,Medinilla speciosa,Medinilla,speciosa,Melastomataceae,,,,,,3864570,Q2439762,,
syringa-oblata,Syringa oblata,Syringa,oblata,Oleaceae,,,,,,6433171,Q2176031,,
spiraea-x-cinerea,Spiraea × cinerea,Spiraea,cinerea,Rosaceae,,,,,,3027256,,,
alnus-serrulata,Alnus serrulata,Alnus,serrulata,Betulaceae,,,,,,2876528,Q3926580,,
eucalyptus-tereticornis,Eucalyptus tereticornis,Eucalyptus,tereticornis,Myrtaceae,,,,,,3176719,Q3006305,,
hydrilla-verticillata,Hydrilla verticillata,Hydrilla,verticillata,Hydrocharitaceae,,,,,,5329570,Q164181,,
paederia-foetida,Paederia foetida,Paederia,foetida,Rubiaceae,,,,,,2909527,Q1209690,,
taiwania-cryptomerioides,Taiwania cryptomerioides,Taiwania,cryptomerioides,Cupressaceae,,,,,,5284272,Q390313,,
crinum-pedunculatum,Crinum pedunculatum,Crinum,pedunculatum,Amaryllidaceae,,,,,,7480728,Q5185772,,
podocarpus-oleifolius,Podocarpus oleifolius,Podocarpus,oleifolius,Podocarpaceae,,,,,,5286006,Q5410728,,
diervilla-sessilifolia,Diervilla sessilifolia,Diervilla,sessilifolia,Caprifoliaceae,,,,,,2888710,Q5274996,,
lolium-arundinaceum,Lolium arundinaceum,Lolium,arundinaceum,Poaceae,,,,,,2706231,Q50346809,,
erythrina-corallodendron,Erythrina corallodendron,Erythrina,corallodendron,Fabaceae,,,,,,5349504,Q927692,,
castanopsis-indica,Castanopsis indica,Castanopsis,indica,Fagaceae,,,,,,5332911,Q303835,,
epidendrum-jamiesonis,Epidendrum jamiesonis,Epidendrum,jamiesonis,Orchidaceae,,,,,,5319893,Q15470607,,
senna-aymara,Senna aymara,Senna,aymara,Fabaceae,,,,,,2956973,Q15536356,,
strobilanthes-crispa,Strobilanthes crispa,Strobilanthes,crispa,Acanthaceae,,,,,,3781433,Q2261805,,
baculellum-articulatum,Baculellum articulatum,Baculellum,articulatum,Asteraceae,,,,,,8649560,Q106893065,,
drosera-binata,Drosera binata,Drosera,binata,Droseraceae,,,,,,3191053,Q138163,,
ceanothus-gloriosus,Ceanothus gloriosus,Ceanothus,gloriosus,Rhamnaceae,,,,,,3039305,Q5055714,,
bidens-aurea,Bidens aurea,Bidens,aurea,Asteraceae,,,,,,5391802,Q5728183,,
opuntia-streptacantha,Opuntia streptacantha,Opuntia,streptacantha,Cactaceae,,,,,,7283335,Q1611527,,
echinocereus-dasyacanthus,Echinocereus dasyacanthus,Echinocereus,dasyacanthus,Cactaceae,,,,,,3084128,Q151215,,
homalanthus-populifolius,Homalanthus populifolius,Homalanthus,populifolius,Euphorbiaceae,,,,,,3072641,Q7089502,,
hippeastrum-x-johnsonii,Hippeastrum × johnsonii,Hippeastrum,johnsonii,Amaryllidaceae,,,,,,9574914,,,
geranium-x-cantabrigiense,Geranium × cantabrigiense,Geranium,cantabrigiense,Geraniaceae,,,,,,2890995,,,
chenopodiastrum-murale,Chenopodiastrum murale,Chenopodiastrum,murale,Amaranthaceae,,,,,,8149099,Q17271937,,
trichocereus-huascha,Trichocereus huascha,Trichocereus,huascha,Cactaceae,,,,,,12184438,Q41793344,,
vicia-cracca,Vicia cracca,Vicia,cracca,Fabaceae,,,,,,2975287,Q147159,,
atriplex-canescens,Atriplex canescens,Atriplex,canescens,Amaranthaceae,,,,,,3083750,Q2878841,,
diplotaxis-tenuifolia,Diplotaxis tenuifolia,Diplotaxis,tenuifolia,Brassicaceae,,,,,,5376426,Q163812,,
tanacetum-bipinnatum,Tanacetum bipinnatum,Tanacetum,bipinnatum,Asteraceae,,,,,,3118382,Q15556858,,
pinus-luchuensis,Pinus luchuensis,Pinus,luchuensis,Pinaceae,,,,,,5285182,Q975887,,
toona-ciliata,Toona ciliata,Toona,ciliata,Meliaceae,,,,,,3190472,Q2739400,,
clematis-integrifolia,Clematis integrifolia,Clematis,integrifolia,Ranunculaceae,,,,,,6374790,Q283386,,
astelia-chathamica,Astelia chathamica,Astelia,chathamica,Asteliaceae,,,,,,2853112,Q15501810,,
delairea-odorata,Delairea odorata,Delairea,odorata,Asteraceae,,,,,,3134183,Q2702202,,
geranium-pyrenaicum,Geranium pyrenaicum,Geranium,pyrenaicum,Geraniaceae,,,,,,2890122,Q164708,,
pistacia-atlantica,Pistacia atlantica,Pistacia,atlantica,Anacardiaceae,,,,,,3190581,Q1788810,,
scrophularia-lanceolata,Scrophularia lanceolata,Scrophularia,lanceolata,Scrophulariaceae,,,,,,3170878,Q7439304,,
aloe-polyphylla,Aloe polyphylla,Aloe,polyphylla,Asphodelaceae,,,,,,2777781,Q140021,,
emilia-sonchifolia,Emilia sonchifolia,Emilia,sonchifolia,Asteraceae,,,,,,7376217,Q3595665,,
delphinium-menziesii,Delphinium menziesii,Delphinium,menziesii,Ranunculaceae,,,,,,3033775,Q15373194,,
selaginella-lepidophylla,Selaginella lepidophylla,Selaginella,lepidophylla,Selaginellaceae,,,,,,2688180,Q1756483,,
ficus-petiolaris,Ficus petiolaris,Ficus,petiolaris,Moraceae,,,,,,7262350,Q9259410,,
eucrosia-bicolor,Eucrosia bicolor,Eucrosia,bicolor,Amaryllidaceae,,,,,,2860634,Q5406298,,
metrosideros-umbellata,Metrosideros umbellata,Metrosideros,umbellata,Myrtaceae,,,,,,3185286,Q1461888,,
olearia-lineata,Olearia lineata,Olearia,lineata,Asteraceae,,,,,,5405360,Q15589133,,
lilium-speciosum,Lilium speciosum,Lilium,speciosum,Liliaceae,,,,,,2753390,Q2107327,,
tripidium-ravennae,Tripidium ravennae,Tripidium,ravennae,Poaceae,,,,,,6431296,Q58380159,,
prunus-davidiana,Prunus davidiana,Prunus,davidiana,Rosaceae,,,,,,8324181,Q3408638,,
eugenia-involucrata,Eugenia involucrata,Eugenia,involucrata,Myrtaceae,,,,,,5417437,Q8846096,,
begonia-fenicis,Begonia fenicis,Begonia,fenicis,Begoniaceae,,,,,,4159214,Q10893585,,
petrosedum-sediforme,Petrosedum sediforme,Petrosedum,sediforme,Crassulaceae,,,,,,4201784,Q17759749,,
trichocereus-terscheckii,Trichocereus terscheckii,Trichocereus,terscheckii,Cactaceae,,,,,,11023348,Q41793338,,
megathyrsus-maximus,Megathyrsus maximus,Megathyrsus,maximus,Poaceae,,,,,,4108550,Q50846435,,
geranium-nodosum,Geranium nodosum,Geranium,nodosum,Geraniaceae,,,,,,2890287,Q160339,,
frangula-purshiana,Frangula purshiana,Frangula,purshiana,Rhamnaceae,,,,,,8286637,Q15540797,,
lepidium-virginicum,Lepidium virginicum,Lepidium,virginicum,Brassicaceae,,,,,,5376648,Q149265,,
lomatium-dissectum,Lomatium dissectum,Lomatium,dissectum,Apiaceae,,,,,,3034268,Q6669223,,
cyrtomium-fortunei,Cyrtomium fortunei,Cyrtomium,fortunei,Dryopteridaceae,,,,,,2650827,Q3009413,,
rudbeckia-texana,Rudbeckia texana,Rudbeckia,texana,Asteraceae,,,,,,3114233,Q15550208,,
ruscus-hypoglossum,Ruscus hypoglossum,Ruscus,hypoglossum,Asparagaceae,,,,,,2769775,Q3021942,,
clitoria-fairchildiana,Clitoria fairchildiana,Clitoria,fairchildiana,Fabaceae,,,,,,2946600,Q5134459,,
azara-microphylla,Azara microphylla,Azara,microphylla,Salicaceae,,,,,,5604430,Q4832258,,
viburnum-sargentii,Viburnum sargentii,Viburnum,sargentii,Viburnaceae,,,,,,2888607,Q16993418,,
gardenia-volkensii,Gardenia volkensii,Gardenia,volkensii,Rubiaceae,,,,,,5335053,Q3095432,,
crassula-expansa,Crassula expansa,Crassula,expansa,Crassulaceae,,,,,,7622360,Q12234770,,
metrosideros-polymorpha,Metrosideros polymorpha,Metrosideros,polymorpha,Myrtaceae,,,,,,3185315,Q2710783,,
urtica-gracilis,Urtica gracilis,Urtica,gracilis,Urticaceae,,,,,,6414539,Q40034281,,
cestrum-diurnum,Cestrum diurnum,Cestrum,diurnum,Solanaceae,,,,,,2928789,Q1057574,,
hypericum-ascyron,Hypericum ascyron,Hypericum,ascyron,Hypericaceae,,,,,,3189479,Q1041898,,
danae-racemosa,Danae racemosa,Danae,racemosa,Asparagaceae,,,,,,5303891,Q2064758,,
dymondia-margaretae,Dymondia margaretae,Dymondia,margaretae,Asteraceae,,,,,,3091055,Q3041950,,
rosa-blanda,Rosa blanda,Rosa,blanda,Rosaceae,,,,,,3002372,Q952147,,
lespedeza-capitata,Lespedeza capitata,Lespedeza,capitata,Fabaceae,,,,,,2955772,Q1950833,,
bocconia-frutescens,Bocconia frutescens,Bocconia,frutescens,Papaveraceae,,,,,,2888374,Q5730997,,
stachys-coccinea,Stachys coccinea,Stachys,coccinea,Lamiaceae,,,,,,2927233,Q7595922,,
sarracenia-oreophila,Sarracenia oreophila,Sarracenia,oreophila,Sarraceniaceae,,,,,,5421400,Q1552011,,
alpinia-caerulea,Alpinia caerulea,Alpinia,caerulea,Zingiberaceae,,,,,,5302094,Q2727832,,
trollius-asiaticus,Trollius asiaticus,Trollius,asiaticus,Ranunculaceae,,,,,,3923169,Q2065447,,
strobilanthes-hamiltoniana,Strobilanthes hamiltoniana,Strobilanthes,hamiltoniana,Acanthaceae,,,,,,3780592,Q17682063,,
hemerocallis-middendorffii,Hemerocallis middendorffii,Hemerocallis,middendorffii,Asphodelaceae,,,,,,2781057,Q1024069,,
vauquelinia-californica,Vauquelinia californica,Vauquelinia,californica,Rosaceae,,,,,,3001749,Q7917427,,
geranium-lucidum,Geranium lucidum,Geranium,lucidum,Geraniaceae,,,,,,2890560,Q164738,,
hibiscus-lasiocarpos,Hibiscus lasiocarpos,Hibiscus,lasiocarpos,Malvaceae,,,,,,6377098,Q5750840,,
medicago-arborea,Medicago arborea,Medicago,arborea,Fabaceae,,,,,,2965379,Q1668432,,
passiflora-suberosa,Passiflora suberosa,Passiflora,suberosa,Passifloraceae,,,,,,2874173,Q2068761,,
sesuvium-portulacastrum,Sesuvium portulacastrum,Sesuvium,portulacastrum,Aizoaceae,,,,,,3084883,Q2472430,,
asclepias-sullivantii,Asclepias sullivantii,Asclepias,sullivantii,Apocynaceae,,,,,,3170265,Q4803916,,
malvastrum-coromandelianum,Malvastrum coromandelianum,Malvastrum,coromandelianum,Malvaceae,,,,,,3152268,Q5399596,,
victoria-cruziana,Victoria cruziana,Victoria,cruziana,Nymphaeaceae,,,,,,7166688,Q3030683,,
pinanga-coronata,Pinanga coronata,Pinanga,coronata,Arecaceae,,,,,,2739494,Q6076071,,
latania-loddigesii,Latania loddigesii,Latania,loddigesii,Arecaceae,,,,,,2739274,Q1935912,,
costus-spiralis,Costus spiralis,Costus,spiralis,Costaceae,,,,,,2756867,Q15325563,,
erysimum-linifolium,Erysimum linifolium,Erysimum,linifolium,Brassicaceae,,,,,,3048198,Q15543446,,
veronica-macrocarpa,Veronica macrocarpa,Veronica,macrocarpa,Plantaginaceae,,,,,,3729654,Q17744836,,
prunus-x-lannesiana,Prunus × lannesiana,Prunus,lannesiana,Rosaceae,,,,,,3030535,,,
cenchrus-orientalis,Cenchrus orientalis,Cenchrus,orientalis,Poaceae,,,,,,8124374,Q41530994,,
pourthiaea-arguta,Pourthiaea arguta,Pourthiaea,arguta,Rosaceae,,,,,,2988149,Q104411156,,
trillium-albidum,Trillium albidum,Trillium,albidum,Melanthiaceae,,,,,,2742259,Q3062181,,
coprosma-acerosa,Coprosma acerosa,Coprosma,acerosa,Rubiaceae,,,,,,2911375,Q5168947,,
senecio-elegans,Senecio elegans,Senecio,elegans,Asteraceae,,,,,,7819589,Q7450388,,
bursaria-spinosa,Bursaria spinosa,Bursaria,spinosa,Pittosporaceae,,,,,,7303844,Q2928619,,
rhodanthe-chlorocephala,Rhodanthe chlorocephala,Rhodanthe,chlorocephala,Asteraceae,,,,,,3137676,Q3429582,,
castanea-crenata,Castanea crenata,Castanea,crenata,Fagaceae,,,,,,5333249,Q717827,,
tsuga-caroliniana,Tsuga caroliniana,Tsuga,caroliniana,Pinaceae,,,,,,2687245,Q1044374,,
pinus-massoniana,Pinus massoniana,Pinus,massoniana,Pinaceae,,,,,,5285215,Q716571,,
millettia-pulchra,Millettia pulchra,Millettia,pulchra,Fabaceae,,,,,,5355677,Q10910348,,
bursera-fagaroides,Bursera fagaroides,Bursera,fagaroides,Burseraceae,,,,,,3190449,Q2367254,,
cephalaria-gigantea,Cephalaria gigantea,Cephalaria,gigantea,Caprifoliaceae,,,,,,2888797,Q4844080,,
prunus-insititia,Prunus insititia,Prunus,insititia,,,,,,,,Q10878191,,
calliandra-trinervia,Calliandra trinervia,Calliandra,trinervia,Fabaceae,,,,,,2982031,Q15495836,,
cylindropuntia-kleiniae,Cylindropuntia kleiniae,Cylindropuntia,kleiniae,Cactaceae,,,,,,3952654,Q1147804,,
laelia-autumnalis,Laelia autumnalis,Laelia,autumnalis,Orchidaceae,,,,,,5314551,Q185501,,
lophanthera-lactescens,Lophanthera lactescens,Lophanthera,lactescens,Malpighiaceae,,,,,,5634534,Q3259298,,
curcuma-zedoaria,Curcuma zedoaria,Curcuma,zedoaria,Zingiberaceae,,,,,,2757545,Q206733,,
condea-emoryi,Condea emoryi,Condea,emoryi,Lamiaceae,,,,,,7542255,Q32855970,,
clusia-fluminensis,Clusia fluminensis,Clusia,fluminensis,Clusiaceae,,,,,,5556496,Q9560104,,
simarouba-glauca,Simarouba glauca,Simarouba,glauca,Simaroubaceae,,,,,,3190669,Q19690498,,
phlomoides-tuberosa,Phlomoides tuberosa,Phlomoides,tuberosa,Lamiaceae,,,,,,3884879,Q160078,,
senna-obtusifolia,Senna obtusifolia,Senna,obtusifolia,Fabaceae,,,,,,2957408,Q1378803,,
sedum-oreganum,Sedum oreganum,Sedum,oreganum,Crassulaceae,,,,,,8955469,Q548198,,
carya-tomentosa,Carya tomentosa,Carya,tomentosa,Juglandaceae,,,,,,3054302,Q5047673,,
elymus-canadensis,Elymus canadensis,Elymus,canadensis,Poaceae,,,,,,5290282,Q5368479,,
luffa-acutangula,Luffa acutangula,Luffa,acutangula,Cucurbitaceae,,,,,,2874601,Q1948703,,
acacia-cultriformis,Acacia cultriformis,Acacia,cultriformis,Fabaceae,,,,,,2979559,Q3023794,,
alberta-magna,Alberta magna,Alberta,magna,Rubiaceae,,,,,,2903813,Q1387478,,
distylium-gracile,Distylium gracile,Distylium,gracile,Hamamelidaceae,,,,,,3702745,Q10915048,,
cattleya-warscewiczii,Cattleya warscewiczii,Cattleya,warscewiczii,Orchidaceae,,,,,,2801043,Q1942285,,
pinus-armandi,Pinus armandi,Pinus,armandi,Pinaceae,,,,,,5285203,,,
veronica-x-andersonii,Veronica × andersonii,Veronica,andersonii,Plantaginaceae,,,,,,3734429,Q135714572,,
grindelia-stricta,Grindelia stricta,Grindelia,stricta,Asteraceae,,,,,,3146233,Q5609420,,
tanacetum-coccineum,Tanacetum coccineum,Tanacetum,coccineum,Asteraceae,,,,,,3118616,Q852073,,
encephalartos-transvenosus,Encephalartos transvenosus,Encephalartos,transvenosus,Zamiaceae,,,,,,2683776,Q377515,,
astilbe-japonica,Astilbe japonica,Astilbe,japonica,Saxifragaceae,,,,,,3032696,Q160664,,
buxus-colchica,Buxus colchica,Buxus,colchica,Buxaceae,,,,,,2984671,Q1640109,,
carex-secta,Carex secta,Carex,secta,Cyperaceae,,,,,,2727777,Q5039130,,
olearia-traversiorum,Olearia traversiorum,Olearia,traversiorum,Asteraceae,,,,,,10845319,Q5435203,,
rhododendron-dauricum,Rhododendron dauricum,Rhododendron,dauricum,Ericaceae,,,,,,7327670,Q1040366,,
viola-communis,Viola communis,Viola,communis,Violaceae,,,,,,5663261,Q110995522,,
ptilotus-exaltatus,Ptilotus exaltatus,Ptilotus,exaltatus,Amaranthaceae,,,,,,7323821,Q7257073,,
pinus-tabuliformis,Pinus tabuliformis,Pinus,tabuliformis,Pinaceae,,,,,,5285359,Q1073968,,
bacopa-caroliniana,Bacopa caroliniana,Bacopa,caroliniana,Plantaginaceae,,,,,,3171189,Q1767137,,
callirhoe-leiocarpa,Callirhoe leiocarpa,Callirhoe,leiocarpa,Malvaceae,,,,,,5406710,Q15360416,,
eucalyptus-botryoides,Eucalyptus botryoides,Eucalyptus,botryoides,Myrtaceae,,,,,,3176253,Q2484889,,
gaillardia-amblyodon,Gaillardia amblyodon,Gaillardia,amblyodon,Asteraceae,,,,,,5387845,Q15596862,,
mammillaria-longimamma,Mammillaria longimamma,Mammillaria,longimamma,Cactaceae,,,,,,7284614,Q142767,,
psidium-friedrichsthalianum,Psidium friedrichsthalianum,Psidium,friedrichsthalianum,Myrtaceae,,,,,,5420358,Q2906154,,
carpodetus-serratus,Carpodetus serratus,Carpodetus,serratus,Rousseaceae,,,,,,3932516,Q5045847,,
zizania-latifolia,Zizania latifolia,Zizania,latifolia,Poaceae,,,,,,10919373,Q15896429,,
tulipa-greigii,Tulipa greigii,Tulipa,greigii,Liliaceae,,,,,,5299454,Q1545525,,
aloe-vanbalenii,Aloe vanbalenii,Aloe,vanbalenii,Asphodelaceae,,,,,,2778077,Q179160,,
cyperus-eragrostis,Cyperus eragrostis,Cyperus,eragrostis,Cyperaceae,,,,,,2715482,Q161320,,
ipomoea-hederifolia,Ipomoea hederifolia,Ipomoea,hederifolia,Convolvulaceae,,,,,,2928624,Q311196,,
miscanthus-sacchariflorus,Miscanthus sacchariflorus,Miscanthus,sacchariflorus,Poaceae,,,,,,7738766,Q149473,,
rosa-pendulina,Rosa pendulina,Rosa,pendulina,Rosaceae,,,,,,3006974,Q102088,,
erythrina-x-bidwillii,Erythrina × bidwillii,Erythrina,bidwillii,Fabaceae,,,,,,5349503,Q5396435,,
enkianthus-perulatus,Enkianthus perulatus,Enkianthus,perulatus,Ericaceae,,,,,,7328266,Q5379034,,
neoregelia-compacta,Neoregelia compacta,Neoregelia,compacta,Bromeliaceae,,,,,,2694233,Q6993999,,
felicia-aethiopica,Felicia aethiopica,Felicia,aethiopica,Asteraceae,,,,,,5401139,Q5857996,,
solanum-emulans,Solanum emulans,Solanum,emulans,Solanaceae,,,,,,3801688,Q110538868,,
yucca-jaegeriana,Yucca jaegeriana,Yucca,jaegeriana,Asparagaceae,,,,,,2775592,Q55973144,,
phyllocladus-trichomanoides,Phyllocladus trichomanoides,Phyllocladus,trichomanoides,Phyllocladaceae,,,,,,5284474,Q5409426,,
toxicodendron-radicans,Toxicodendron radicans,Toxicodendron,radicans,Anacardiaceae,,,,,,3190628,Q7218532,,
delphinium-glaucum,Delphinium glaucum,Delphinium,glaucum,Ranunculaceae,,,,,,3033694,Q4117430,,
myrica-gale,Myrica gale,Myrica,gale,Myricaceae,,,,,,5414202,Q161681,,
rubus-rosifolius,Rubus rosifolius,Rubus,rosifolius,Rosaceae,,,,,,8234521,Q2705473,,
oxalis-dillenii,Oxalis dillenii,Oxalis,dillenii,Oxalidaceae,,,,,,2891677,Q7218395,,
syzygium-aromaticum,Syzygium aromaticum,Syzygium,aromaticum,Myrtaceae,,,,,,3183002,Q26736,,
ipomoea-nil,Ipomoea nil,Ipomoea,nil,Convolvulaceae,,,,,,2928534,Q162117,,
rhododendron-prunifolium,Rhododendron prunifolium,Rhododendron,prunifolium,Ericaceae,,,,,,2883057,Q7321160,,
salvia-pentstemonoides,Salvia pentstemonoides,Salvia,pentstemonoides,Lamiaceae,,,,,,8247429,Q7406866,,
tradescantia-gigantea,Tradescantia gigantea,Tradescantia,gigantea,Commelinaceae,,,,,,2765321,Q15564090,,
griselinia-lucida,Griselinia lucida,Griselinia,lucida,Griseliniaceae,,,,,,5581558,Q15536178,,
ajania-pacifica,Ajania pacifica,Ajania,pacifica,Asteraceae,,,,,,3112282,Q971214,,
doronicum-caucasicum,Doronicum caucasicum,Doronicum,caucasicum,,,,,,,,Q15578800,,
schinus-polygama,Schinus polygama,Schinus,polygama,Anacardiaceae,,,,,,4928873,Q2893577,,
mariosousa-heterophylla,Mariosousa heterophylla,Mariosousa,heterophylla,Fabaceae,,,,,,10789098,Q89161302,,
myosotis-arvensis,Myosotis arvensis,Myosotis,arvensis,Boraginaceae,,,,,,5341170,Q163582,,
filipendula-vulgaris,Filipendula vulgaris,Filipendula,vulgaris,Rosaceae,,,,,,2988069,Q148961,,
celastrus-scandens,Celastrus scandens,Celastrus,scandens,Celastraceae,,,,,,3169171,Q469628,,
anchusa-officinalis,Anchusa officinalis,Anchusa,officinalis,Boraginaceae,,,,,,5341201,Q157577,,
carpobrotus-rossii,Carpobrotus rossii,Carpobrotus,rossii,Aizoaceae,,,,,,3703347,Q1573972,,
abelmoschus-manihot,Abelmoschus manihot,Abelmoschus,manihot,Malvaceae,,,,,,3152706,Q749221,,
cichorium-endivia,Cichorium endivia,Cichorium,endivia,Asteraceae,,,,,,5392243,Q178547,,
mammillaria-bocasana,Mammillaria bocasana,Mammillaria,bocasana,Cactaceae,,,,,,7281463,Q143453,,
myrsine-australis,Myrsine australis,Myrsine,australis,Primulaceae,,,,,,3722240,Q6948533,,
bambusa-tuldoides,Bambusa tuldoides,Bambusa,tuldoides,Poaceae,,,,,,2705762,Q15250663,,
licuala-spinosa,Licuala spinosa,Licuala,spinosa,Arecaceae,,,,,,2736405,Q5227738,,
nematolepis-squamea,Nematolepis squamea,Nematolepis,squamea,Rutaceae,,,,,,7269426,Q6991012,,
lobelia-angulata,Lobelia angulata,Lobelia,angulata,Campanulaceae,,,,,,3160243,Q15601783,,
mussaenda-frondosa,Mussaenda frondosa,Mussaenda,frondosa,Rubiaceae,,,,,,2892470,Q3281214,,
euphorbia-mellifera,Euphorbia mellifera,Euphorbia,mellifera,Euphorbiaceae,,,,,,3069311,Q3303390,,
ceanothus-foliosus,Ceanothus foliosus,Ceanothus,foliosus,Rhamnaceae,,,,,,3039336,Q5055712,,
coccoloba-diversifolia,Coccoloba diversifolia,Coccoloba,diversifolia,Polygonaceae,,,,,,2888824,Q291763,,
xanthorhiza-simplicissima,Xanthorhiza simplicissima,Xanthorhiza,simplicissima,Ranunculaceae,,,,,,3033662,Q1499457,,
agave-inaequidens,Agave inaequidens,Agave,inaequidens,Asparagaceae,,,,,,2766643,Q391770,,
cryptanthus-zonatus,Cryptanthus zonatus,Cryptanthus,zonatus,Bromeliaceae,,,,,,10950218,Q5190736,,
vallea-stipularis,Vallea stipularis,Vallea,stipularis,Elaeocarpaceae,,,,,,7721174,Q13191009,,
tillandsia-fasciculata,Tillandsia fasciculata,Tillandsia,fasciculata,Bromeliaceae,,,,,,2695969,Q7802527,,
elymus-virginicus,Elymus virginicus,Elymus,virginicus,Poaceae,,,,,,5290318,Q5368495,,
persicaria-longiseta,Persicaria longiseta,Persicaria,longiseta,Polygonaceae,,,,,,4034537,Q5979849,,
cestrum-fasciculatum,Cestrum fasciculatum,Cestrum,fasciculatum,Solanaceae,,,,,,2928794,Q5065611,,
stenocereus-queretaroensis,Stenocereus queretaroensis,Stenocereus,queretaroensis,Cactaceae,,,,,,3960425,Q312263,,
hoya-australis,Hoya australis,Hoya,australis,Apocynaceae,,,,,,7150750,Q311190,,
holoptelea-integrifolia,Holoptelea integrifolia,Holoptelea,integrifolia,Ulmaceae,,,,,,4160169,Q13110312,,
lonicera-acuminata,Lonicera acuminata,Lonicera,acuminata,Caprifoliaceae,,,,,,5598598,Q11152408,,
lithotoma-axillaris,Lithotoma axillaris,Lithotoma,axillaris,Campanulaceae,,,,,,9254355,Q106892300,,
bromus-vulgaris,Bromus vulgaris,Bromus,vulgaris,Poaceae,,,,,,2703655,Q13895920,,
heliotropium-amplexicaule,Heliotropium amplexicaule,Heliotropium,amplexicaule,Heliotropiaceae,,,,,,2925790,Q13552641,,
hymenocallis-liriosme,Hymenocallis liriosme,Hymenocallis,liriosme,Amaryllidaceae,,,,,,2860211,Q15519117,,
eucalyptus-saligna,Eucalyptus saligna,Eucalyptus,saligna,Myrtaceae,,,,,,3177224,Q2837067,,
rhus-lanceolata,Rhus lanceolata,Rhus,lanceolata,Anacardiaceae,,,,,,3190559,Q15545721,,
rhus-microphylla,Rhus microphylla,Rhus,microphylla,Anacardiaceae,,,,,,7707078,Q7321567,,
flueggea-virosa,Flueggea virosa,Flueggea,virosa,Phyllanthaceae,,,,,,5382823,Q2681906,,
spiraea-media,Spiraea media,Spiraea,media,Rosaceae,,,,,,3027231,Q9355915,,
salix-kusanoi,Salix kusanoi,Salix,kusanoi,Salicaceae,,,,,,5583328,Q714086,,
myosotidium-hortensia,Myosotidium hortensia,Myosotidium,hortensia,Boraginaceae,,,,,,7226533,Q10943138,,
viscaria-vulgaris,Viscaria vulgaris,Viscaria,vulgaris,Caryophyllaceae,,,,,,8153621,Q158946,,
cyrtophyllum-fragrans,Cyrtophyllum fragrans,Cyrtophyllum,fragrans,Gentianaceae,,,,,,7863745,Q33958373,,
schinus-latifolia,Schinus latifolia,Schinus,latifolia,Anacardiaceae,,,,,,4928869,Q15545262,,
viburnum-cassinoides,Viburnum cassinoides,Viburnum,cassinoides,Viburnaceae,,,,,,6369862,Q21301982,,
echinoagave-striata,Echinoagave striata,Echinoagave,striata,,,,,,,,,,
darlingtonia-californica,Darlingtonia californica,Darlingtonia,californica,Sarraceniaceae,,,,,,5939805,Q1138945,,
potentilla-recta,Potentilla recta,Potentilla,recta,Rosaceae,,,,,,5367294,Q115714,,
coffea-canephora,Coffea canephora,Coffea,canephora,Rubiaceae,,,,,,2895528,Q47532,,
cylindropuntia-prolifera,Cylindropuntia prolifera,Cylindropuntia,prolifera,Cactaceae,,,,,,3952282,Q288763,,
vinca-difformis,Vinca difformis,Vinca,difformis,Apocynaceae,,,,,,6421637,Q1350136,,
nerine-sarniensis,Nerine sarniensis,Nerine,sarniensis,Amaryllidaceae,,,,,,5326867,Q156834,,
hibiscus-calyphyllus,Hibiscus calyphyllus,Hibiscus,calyphyllus,Malvaceae,,,,,,3152574,Q5750823,,
euryale-ferox,Euryale ferox,Euryale,ferox,Nymphaeaceae,,,,,,7795516,Q310795,,
dicksonia-fibrosa,Dicksonia fibrosa,Dicksonia,fibrosa,Dicksoniaceae,,,,,,5825840,Q5273821,,
pelargonium-australe,Pelargonium australe,Pelargonium,australe,Geraniaceae,,,,,,7268604,Q15041116,,
phedimus-aizoon,Phedimus aizoon,Phedimus,aizoon,Crassulaceae,,,,,,7172831,Q309780,,
cenchrus-purpureus,Cenchrus purpureus,Cenchrus,purpureus,Poaceae,,,,,,5828220,Q41531378,,
geniostoma-ligustrifolium,Geniostoma ligustrifolium,Geniostoma,ligustrifolium,Loganiaceae,,,,,,4019603,Q5533203,,
mandevilla-laxa,Mandevilla laxa,Mandevilla,laxa,Apocynaceae,,,,,,3617571,Q10475326,,
acer-davidii,Acer davidii,Acer,davidii,Sapindaceae,,,,,,7262943,Q657935,,
lithocarpus-corneus,Lithocarpus corneus,Lithocarpus,corneus,Fagaceae,,,,,,5332590,Q1865324,,
asarum-arifolium,Asarum arifolium,Asarum,arifolium,Aristolochiaceae,,,,,,5331104,Q15592740,,
echeveria-purpusiorum,Echeveria purpusiorum,Echeveria,purpusiorum,Crassulaceae,,,,,,10755622,,,
madia-sativa,Madia sativa,Madia,sativa,Asteraceae,,,,,,3140910,Q6727680,,
notholithocarpus-densiflorus,Notholithocarpus densiflorus,Notholithocarpus,densiflorus,Fagaceae,,,,,,3906623,Q17271024,,
fuchsia-excorticata,Fuchsia excorticata,Fuchsia,excorticata,Onagraceae,,,,,,7700511,Q311743,,
acacia-cyclops,Acacia cyclops,Acacia,cyclops,Fabaceae,,,,,,2980425,Q3644005,,
amaranthus-hybridus,Amaranthus hybridus,Amaranthus,hybridus,Amaranthaceae,,,,,,5384364,Q1021182,,
manfreda-virginica,Manfreda virginica,Manfreda,virginica,Asparagaceae,,,,,,7607891,Q12061464,,
juniperus-ashei,Juniperus ashei,Juniperus,ashei,Cupressaceae,,,,,,2684487,Q309507,,
helianthus-grosseserratus,Helianthus grosseserratus,Helianthus,grosseserratus,Asteraceae,,,,,,3119189,Q5704861,,
salvia-ballotiflora,Salvia ballotiflora,Salvia,ballotiflora,Lamiaceae,,,,,,2927043,Q769916,,
mammillaria-rhodantha,Mammillaria rhodantha,Mammillaria,rhodantha,Cactaceae,,,,,,7283275,Q146714,,
dicksonia-sellowiana,Dicksonia sellowiana,Dicksonia,sellowiana,Dicksoniaceae,,,,,,7309859,Q3021768,,
stachytarpheta-frantzii,Stachytarpheta frantzii,Stachytarpheta,frantzii,Verbenaceae,,,,,,7297130,Q15437144,,
ferocactus-robustus,Ferocactus robustus,Ferocactus,robustus,Cactaceae,,,,,,3959001,Q310141,,
tillandsia-caput-medusae,Tillandsia caput-medusae,Tillandsia,caput-medusae,Bromeliaceae,,,,,,2695451,Q7802476,,
aeonium-urbicum,Aeonium urbicum,Aeonium,urbicum,Crassulaceae,,,,,,7333984,Q1203822,,
magnolia-obovata,Magnolia obovata,Magnolia,obovata,Magnoliaceae,,,,,,3153160,Q2386378,,
hypericum-monogynum,Hypericum monogynum,Hypericum,monogynum,Hypericaceae,,,,,,3714489,Q161440,,
rhododendron-noriakianum,Rhododendron noriakianum,Rhododendron,noriakianum,Ericaceae,,,,,,4169244,Q15249932,,
lindera-akoensis,Lindera akoensis,Lindera,akoensis,Lauraceae,,,,,,5685795,Q10891364,,
malephora-purpureocrocea,Malephora purpureocrocea,Malephora,purpureocrocea,Aizoaceae,,,,,,4935877,Q17247668,,
parkia-reticulata,Parkia reticulata,Parkia,reticulata,Fabaceae,,,,,,5348875,Q15539642,,
scutellaria-wrightii,Scutellaria wrightii,Scutellaria,wrightii,Lamiaceae,,,,,,5341369,Q15365788,,
doronicum-pardalianches,Doronicum pardalianches,Doronicum,pardalianches,Asteraceae,,,,,,3142951,Q1627039,,
symphyotrichum-oolentangiense,Symphyotrichum oolentangiense,Symphyotrichum,oolentangiense,Asteraceae,,,,,,3151606,Q15555426,,
juglans-major,Juglans major,Juglans,major,Juglandaceae,,,,,,3054359,Q1711441,,
diospyros-kotoensis,Diospyros kotoensis,Diospyros,kotoensis,Ebenaceae,,,,,,4071030,Q15248278,,
mammillaria-bombycina,Mammillaria bombycina,Mammillaria,bombycina,Cactaceae,,,,,,7281441,Q151267,,
sterculia-apetala,Sterculia apetala,Sterculia,apetala,Malvaceae,,,,,,5406679,Q5436961,,
quercus-myrsinifolia,Quercus myrsinifolia,Quercus,myrsinifolia,Fagaceae,,,,,,2878564,Q1075985,,
chlorophytum-saundersiae,Chlorophytum saundersiae,Chlorophytum,saundersiae,Asparagaceae,,,,,,2774607,Q15505042,,
eucalyptus-utilis,Eucalyptus utilis,Eucalyptus,utilis,Myrtaceae,,,,,,3176187,Q15356734,,
echinocystis-lobata,Echinocystis lobata,Echinocystis,lobata,Cucurbitaceae,,,,,,5331404,Q158550,,
phacelia-congesta,Phacelia congesta,Phacelia,congesta,Hydrophyllaceae,,,,,,2928134,Q3377929,,
maianthemum-dilatatum,Maianthemum dilatatum,Maianthemum,dilatatum,Asparagaceae,,,,,,2769435,Q777131,,
ammi-majus,Ammi majus,Ammi,majus,Apiaceae,,,,,,3034182,Q133477,,
cupressus-cashmeriana,Cupressus cashmeriana,Cupressus,cashmeriana,Cupressaceae,,,,,,2684036,Q917216,,
phlox-glaberrima,Phlox glaberrima,Phlox,glaberrima,Polemoniaceae,,,,,,2927742,Q17245283,,
sidalcea-cusickii,Sidalcea cusickii,Sidalcea,cusickii,Malvaceae,,,,,,3152732,Q16919535,,
lilium-michiganense,Lilium michiganense,Lilium,michiganense,Liliaceae,,,,,,2753323,Q141803,,
heliconia-collinsiana,Heliconia collinsiana,Heliconia,collinsiana,Heliconiaceae,,,,,,2760658,Q3926613,,
ficus-retusa,Ficus retusa,Ficus,retusa,Moraceae,,,,,,3765871,Q2701705,,
retama-monosperma,Retama monosperma,Retama,monosperma,Fabaceae,,,,,,2965085,Q966251,,
hakea-drupacea,Hakea drupacea,Hakea,drupacea,Proteaceae,,,,,,3995995,Q5640386,,
plectranthus-fruticosus,Plectranthus fruticosus,Plectranthus,fruticosus,Lamiaceae,,,,,,8036546,Q1918328,,
pachypodium-saundersii,Pachypodium saundersii,Pachypodium,saundersii,Apocynaceae,,,,,,5535440,Q3888502,,
malus-halliana,Malus halliana,Malus,halliana,Rosaceae,,,,,,3001220,Q1571895,,
euphorbia-griffithii,Euphorbia griffithii,Euphorbia,griffithii,Euphorbiaceae,,,,,,4930714,Q4247311,,
costus-phyllocephalus,Costus phyllocephalus,Costus,phyllocephalus,Costaceae,,,,,,2756796,Q15325478,,
yucca-brevifolia,Yucca brevifolia,Yucca,brevifolia,Asparagaceae,,,,,,2775592,Q1378081,,
carya-laciniosa,Carya laciniosa,Carya,laciniosa,Juglandaceae,,,,,,7915743,Q4215101,,
salix-exigua,Salix exigua,Salix,exigua,Salicaceae,,,,,,5372559,Q2060469,,
cestrum-elegans,Cestrum elegans,Cestrum,elegans,Solanaceae,,,,,,6403186,Q622894,,
pinus-ayacahuite,Pinus ayacahuite,Pinus,ayacahuite,Pinaceae,,,,,,5285836,Q1546541,,
petiveria-alliacea,Petiveria alliacea,Petiveria,alliacea,Phytolaccaceae,,,,,,3084012,Q311518,,
rauvolfia-tetraphylla,Rauvolfia tetraphylla,Rauvolfia,tetraphylla,Apocynaceae,,,,,,3169782,Q3595081,,
setaria-palmifolia,Setaria palmifolia,Setaria,palmifolia,Poaceae,,,,,,2702958,Q11116561,,
acacia-glaucoptera,Acacia glaucoptera,Acacia,glaucoptera,Fabaceae,,,,,,2978543,Q2712625,,
agave-xylonacantha,Agave xylonacantha,Agave,xylonacantha,Asparagaceae,,,,,,2766491,Q391975,,
austromyrtus-dulcis,Austromyrtus dulcis,Austromyrtus,dulcis,Myrtaceae,,,,,,3177374,Q4056140,,
eurya-emarginata,Eurya emarginata,Eurya,emarginata,Pentaphylacaceae,,,,,,3591134,Q10896606,,
dysosma-pleiantha,Dysosma pleiantha,Dysosma,pleiantha,Berberidaceae,,,,,,3981386,Q10892394,,
thalictrum-polycarpum,Thalictrum polycarpum,Thalictrum,polycarpum,,,,,,,,Q15380042,,
madia-gracilis,Madia gracilis,Madia,gracilis,Asteraceae,,,,,,8222011,Q12061432,,
medicago-polymorpha,Medicago polymorpha,Medicago,polymorpha,Fabaceae,,,,,,2965531,Q164772,,
yucca-schidigera,Yucca schidigera,Yucca,schidigera,Asparagaceae,,,,,,2775710,Q1518712,,
parkinsonia-microphylla,Parkinsonia microphylla,Parkinsonia,microphylla,Fabaceae,,,,,,5359945,Q7138547,,
senna-marilandica,Senna marilandica,Senna,marilandica,Fabaceae,,,,,,2956985,Q7450837,,
setaria-viridis,Setaria viridis,Setaria,viridis,Poaceae,,,,,,5289684,Q163052,,
carex-cherokeensis,Carex cherokeensis,Carex,cherokeensis,Cyperaceae,,,,,,2729727,Q2938435,,
byrsonima-lucida,Byrsonima lucida,Byrsonima,lucida,Malpighiaceae,,,,,,3191356,Q15388276,,
rhododendron-japonicum,Rhododendron japonicum,Rhododendron,japonicum,Ericaceae,,,,,,2883092,Q104395995,,
narcissus-x-incomparabilis,Narcissus × incomparabilis,Narcissus,incomparabilis,Amaryllidaceae,,,,,,2859255,,,
astelia-fragrans,Astelia fragrans,Astelia,fragrans,Asteliaceae,,,,,,2853078,Q4810616,,
syringa-pubescens,Syringa pubescens,Syringa,pubescens,Oleaceae,,,,,,6433135,Q2572264,,
livistona-decora,Livistona decora,Livistona,decora,Arecaceae,,,,,,2733446,Q5977514,,
plectranthus-saccatus,Plectranthus saccatus,Plectranthus,saccatus,Lamiaceae,,,,,,7309129,Q15350903,,
prunus-jamasakura,Prunus jamasakura,Prunus,jamasakura,Rosaceae,,,,,,3020620,Q17234789,,
carpobrotus-deliciosus,Carpobrotus deliciosus,Carpobrotus,deliciosus,Aizoaceae,,,,,,3703542,Q5045837,,
glandularia-tweedieana,Glandularia tweedieana,Glandularia,tweedieana,Verbenaceae,,,,,,7297079,Q28821079,,
magnolia-x-loebneri,Magnolia × loebneri,Magnolia,loebneri,Magnoliaceae,,,,,,3987841,,,
lonicera-hispidula,Lonicera hispidula,Lonicera,hispidula,Caprifoliaceae,,,,,,7532185,Q4246475,,
hordeum-jubatum,Hordeum jubatum,Hordeum,jubatum,Poaceae,,,,,,2706052,Q161883,,
melinis-repens,Melinis repens,Melinis,repens,Poaceae,,,,,,2702504,Q24700355,,
emilia-fosbergii,Emilia fosbergii,Emilia,fosbergii,Asteraceae,,,,,,5401508,Q5371657,,
cistus-laurifolius,Cistus laurifolius,Cistus,laurifolius,Cistaceae,,,,,,3596501,Q3678256,,
artemisia-filifolia,Artemisia filifolia,Artemisia,filifolia,Asteraceae,,,,,,3120820,Q582243,,
agarista-populifolia,Agarista populifolia,Agarista,populifolia,Ericaceae,,,,,,5333366,Q4691348,,
phlox-maculata,Phlox maculata,Phlox,maculata,Polemoniaceae,,,,,,2927783,Q15396512,,
cunonia-capensis,Cunonia capensis,Cunonia,capensis,Cunoniaceae,,,,,,5535290,Q15597345,,
philodendron-lacerum,Philodendron lacerum,Philodendron,lacerum,Araceae,,,,,,2870848,Q12895838,,
alocasia-reginula,Alocasia reginula,Alocasia,reginula,Araceae,,,,,,5329895,Q15314453,,
acalypha-persimilis,Acalypha persimilis,Acalypha,persimilis,Euphorbiaceae,,,,,,3055983,Q110367862,,
aloe-x-nobilis,Aloe × nobilis,Aloe,nobilis,Asphodelaceae,,,,,,2777634,,,
chamaecytisus-proliferus,Chamaecytisus proliferus,Chamaecytisus,proliferus,Fabaceae,,,,,,5354646,Q2801444,,
adenostoma-fasciculatum,Adenostoma fasciculatum,Adenostoma,fasciculatum,Rosaceae,,,,,,3030227,Q627027,,
stachys-palustris,Stachys palustris,Stachys,palustris,Lamiaceae,,,,,,2927245,Q158392,,
azolla-filiculoides,Azolla filiculoides,Azolla,filiculoides,Salviniaceae,,,,,,2650107,Q2705087,,
anthriscus-sylvestris,Anthriscus sylvestris,Anthriscus,sylvestris,Apiaceae,,,,,,5371742,Q683490,,
leea-rubra,Leea rubra,Leea,rubra,Vitaceae,,,,,,7714497,Q10316870,,
tapeinochilos-ananassae,Tapeinochilos ananassae,Tapeinochilos,ananassae,Costaceae,,,,,,2756760,Q3515438,,
cardiocrinum-giganteum,Cardiocrinum giganteum,Cardiocrinum,giganteum,Liliaceae,,,,,,2752917,Q947983,,
stetsonia-coryne,Stetsonia coryne,Stetsonia,coryne,Cactaceae,,,,,,7284653,Q138297,,
quercus-castaneifolia,Quercus castaneifolia,Quercus,castaneifolia,Fagaceae,,,,,,7930013,Q1010050,,
aristolochia-praevenosa,Aristolochia praevenosa,Aristolochia,praevenosa,Aristolochiaceae,,,,,,3588697,Q38486229,,
senecio-leucostachys,Senecio leucostachys,Senecio,leucostachys,Asteraceae,,,,,,3107798,Q15601623,,
opuntia-fragilis,Opuntia fragilis,Opuntia,fragilis,Cactaceae,,,,,,5384113,Q138387,,
dianthus-armeria,Dianthus armeria,Dianthus,armeria,Caryophyllaceae,,,,,,3085413,Q158855,,
calathea-crotalifera,Calathea crotalifera,Calathea,crotalifera,Marantaceae,,,,,,2761715,Q15323448,,
amaranthus-palmeri,Amaranthus palmeri,Amaranthus,palmeri,Amaranthaceae,,,,,,5384393,Q4349335,,
quercus-pagoda,Quercus pagoda,Quercus,pagoda,Fagaceae,,,,,,2881680,Q4112844,,
viola-striata,Viola striata,Viola,striata,Violaceae,,,,,,5331184,Q16736005,,
arnoglossum-atriplicifolium,Arnoglossum atriplicifolium,Arnoglossum,atriplicifolium,Asteraceae,,,,,,5390070,Q4794897,,
eucalyptus-microcorys,Eucalyptus microcorys,Eucalyptus,microcorys,Myrtaceae,,,,,,3176755,Q3011274,,
verbascum-phoeniceum,Verbascum phoeniceum,Verbascum,phoeniceum,Scrophulariaceae,,,,,,3171951,Q159104,,
weigela-floribunda,Weigela floribunda,Weigela,floribunda,Caprifoliaceae,,,,,,8011733,Q17437034,,
acacia-elata,Acacia elata,Acacia,elata,Fabaceae,,,,,,2973176,Q2707367,,
camellia-crapnelliana,Camellia crapnelliana,Camellia,crapnelliana,Theaceae,,,,,,3590783,Q988529,,
ferocactus-townsendianus,Ferocactus townsendianus,Ferocactus,townsendianus,Cactaceae,,,,,,7284292,Q1407507,,
annona-mucosa,Annona mucosa,Annona,mucosa,Annonaceae,,,,,,5407571,Q15428647,,
blechnum-orientale,Blechnum orientale,Blechnum,orientale,Blechnaceae,,,,,,4079429,Q5875212,,
lamium-orvala,Lamium orvala,Lamium,orvala,Lamiaceae,,,,,,3892732,Q677099,,
nothofagus-cliffortioides,Nothofagus cliffortioides,Nothofagus,cliffortioides,Nothofagaceae,,,,,,2874925,Q82308663,,
adiantum-venustum,Adiantum venustum,Adiantum,venustum,Pteridaceae,,,,,,7335278,Q2824388,,
heliconia-x-nickeriensis,Heliconia × nickeriensis,Heliconia,nickeriensis,Heliconiaceae,,,,,,2760916,,,
trichocereus-atacamensis,Trichocereus atacamensis,Trichocereus,atacamensis,Cactaceae,,,,,,12192460,,,
freesia-x-kewensis,Freesia × kewensis,Freesia,kewensis,Iridaceae,,,,,,10673640,,,
verbena-officinalis,Verbena officinalis,Verbena,officinalis,Verbenaceae,,,,,,2925529,Q161417,,
allium-acuminatum,Allium acuminatum,Allium,acuminatum,Amaryllidaceae,,,,,,2856154,Q2351769,,
solanum-sisymbriifolium,Solanum sisymbriifolium,Solanum,sisymbriifolium,Solanaceae,,,,,,2932184,Q565399,,
taxus-canadensis,Taxus canadensis,Taxus,canadensis,Taxaceae,,,,,,5284570,Q1723511,,
lilium-pensylvanicum,Lilium pensylvanicum,Lilium,pensylvanicum,Liliaceae,,,,,,2753465,Q140441,,
brillantaisia-owariensis,Brillantaisia owariensis,Brillantaisia,owariensis,Acanthaceae,,,,,,3778283,Q5733996,,
senna-sulfurea,Senna sulfurea,Senna,sulfurea,Fabaceae,,,,,,2957247,Q11176499,,
astrophytum-capricorne,Astrophytum capricorne,Astrophytum,capricorne,Cactaceae,,,,,,7282583,Q135541,,
duranta-mutisii,Duranta mutisii,Duranta,mutisii,Verbenaceae,,,,,,7297074,Q15497147,,
macadamia-tetraphylla,Macadamia tetraphylla,Macadamia,tetraphylla,Proteaceae,,,,,,2891787,Q292603,,
carmichaelia-australis,Carmichaelia australis,Carmichaelia,australis,Fabaceae,,,,,,5348429,Q15528235,,
cylindropuntia-whipplei,Cylindropuntia whipplei,Cylindropuntia,whipplei,Cactaceae,,,,,,12183042,Q1147839,,
homalium-cochinchinense,Homalium cochinchinense,Homalium,cochinchinense,Salicaceae,,,,,,6135815,,,
ocimum-labiatum,Ocimum labiatum,Ocimum,labiatum,Lamiaceae,,,,,,3897145,Q13035780,,
eulophia-maculata,Eulophia maculata,Eulophia,maculata,Orchidaceae,,,,,,5323741,Q98093973,,
trillium-sessile,Trillium sessile,Trillium,sessile,Melanthiaceae,,,,,,2742223,Q3005858,,
arundinaria-gigantea,Arundinaria gigantea,Arundinaria,gigantea,Poaceae,,,,,,2705964,Q2866037,,
nepenthes-sanguinea,Nepenthes sanguinea,Nepenthes,sanguinea,Nepenthaceae,,,,,,3702234,Q4911548,,
adiantum-hispidulum,Adiantum hispidulum,Adiantum,hispidulum,Pteridaceae,,,,,,2651839,Q2824384,,
celtis-pallida,Celtis pallida,Celtis,pallida,Cannabaceae,,,,,,2984494,Q15742425,,
scabiosa-ochroleuca,Scabiosa ochroleuca,Scabiosa,ochroleuca,Caprifoliaceae,,,,,,2888806,Q164326,,
opuntia-dejecta,Opuntia dejecta,Opuntia,dejecta,Cactaceae,,,,,,5620308,Q2027580,,
allium-karataviense,Allium karataviense,Allium,karataviense,Amaryllidaceae,,,,,,2856891,Q4268503,,
calanthe-triplicata,Calanthe triplicata,Calanthe,triplicata,Orchidaceae,,,,,,2795051,Q714168,,
allium-aflatunense,Allium aflatunense,Allium,aflatunense,Amaryllidaceae,,,,,,2857779,Q2667079,,
chrysojasminum-fruticans,Chrysojasminum fruticans,Chrysojasminum,fruticans,Oleaceae,,,,,,9556104,Q91408337,,
petasites-pyrenaicus,Petasites pyrenaicus,Petasites,pyrenaicus,Asteraceae,,,,,,3088282,Q15587666,,
verbascum-blattaria,Verbascum blattaria,Verbascum,blattaria,Scrophulariaceae,,,,,,3171943,Q159450,,
calystegia-silvatica,Calystegia silvatica,Calystegia,silvatica,Convolvulaceae,,,,,,2928446,Q159977,,
geranium-rotundifolium,Geranium rotundifolium,Geranium,rotundifolium,Geraniaceae,,,,,,2891031,Q163154,,
geranium-viscosissimum,Geranium viscosissimum,Geranium,viscosissimum,Geraniaceae,,,,,,2891480,Q5549882,,
lespedeza-thunbergii,Lespedeza thunbergii,Lespedeza,thunbergii,Fabaceae,,,,,,2955644,Q1133214,,
abutilon-grandifolium,Abutilon grandifolium,Abutilon,grandifolium,Malvaceae,,,,,,3152633,Q280892,,
neviusia-alabamensis,Neviusia alabamensis,Neviusia,alabamensis,Rosaceae,,,,,,3029013,Q4315805,,
avicennia-officinalis,Avicennia officinalis,Avicennia,officinalis,Acanthaceae,,,,,,6413451,Q150558,,
zantedeschia-elliottiana,Zantedeschia elliottiana,Zantedeschia,elliottiana,Araceae,,,,,,2868837,Q8066271,,
echeveria-gigantea,Echeveria gigantea,Echeveria,gigantea,Crassulaceae,,,,,,4201805,Q15482347,,
australina-pusilla,Australina pusilla,Australina,pusilla,Urticaceae,,,,,,7300503,Q15609318,,
aechmea-fulgens,Aechmea fulgens,Aechmea,fulgens,Bromeliaceae,,,,,,2698412,Q4687263,,
aristolochia-acuminata,Aristolochia acuminata,Aristolochia,acuminata,Aristolochiaceae,,,,,,8207569,Q15297667,,
alpinia-hainanensis,Alpinia hainanensis,Alpinia,hainanensis,Zingiberaceae,,,,,,5302164,Q10811788,,
ficus-coronata,Ficus coronata,Ficus,coronata,Moraceae,,,,,,8378551,Q5446604,,
apodasmia-similis,Apodasmia similis,Apodasmia,similis,Restionaceae,,,,,,5290422,Q4780164,,
thunbergia-coccinea,Thunbergia coccinea,Thunbergia,coccinea,Acanthaceae,,,,,,5574269,Q10546540,,
stictocardia-beraviensis,Stictocardia beraviensis,Stictocardia,beraviensis,Convolvulaceae,,,,,,3677870,Q15489727,,
angiopteris-lygodiifolia,Angiopteris lygodiifolia,Angiopteris,lygodiifolia,Marattiaceae,,,,,,5615707,Q15251683,,
neonauclea-reticulata,Neonauclea reticulata,Neonauclea,reticulata,Rubiaceae,,,,,,2919439,Q11122547,,
euphorbia-x-martini,Euphorbia × martini,Euphorbia,martini,Euphorbiaceae,,,,,,3917472,,,
aloe-x-schimperi,Aloe × schimperi,Aloe,schimperi,Asphodelaceae,,,,,,2777762,,,
solidago-mexicana,Solidago mexicana,Solidago,mexicana,Asteraceae,,,,,,5704787,Q21877493,,
coleus-argentatus,Coleus argentatus,Coleus,argentatus,Lamiaceae,,,,,,10904933,Q88985054,,
malus-x-kaido,Malus × kaido,Malus,kaido,Rosaceae,,,,,,7516557,,,
spiraea-lucida,Spiraea lucida,Spiraea,lucida,Rosaceae,,,,,,8155739,Q21324046,,
penstemon-centranthifolius,Penstemon centranthifolius,Penstemon,centranthifolius,Plantaginaceae,,,,,,3171556,Q7164841,,
betula-occidentalis,Betula occidentalis,Betula,occidentalis,Betulaceae,,,,,,5332055,Q3926712,,
cotoneaster-simonsii,Cotoneaster simonsii,Cotoneaster,simonsii,Rosaceae,,,,,,3026107,Q10535027,,
potentilla-thurberi,Potentilla thurberi,Potentilla,thurberi,Rosaceae,,,,,,7471588,Q15545521,,
hibiscus-kokio,Hibiscus kokio,Hibiscus,kokio,Malvaceae,,,,,,3152546,Q6443350,,
corymbia-calophylla,Corymbia calophylla,Corymbia,calophylla,Myrtaceae,,,,,,5418394,Q2998198,,
halesia-tetraptera,Halesia tetraptera,Halesia,tetraptera,Styracaceae,,,,,,5371652,Q5641512,,
eucalyptus-pauciflora,Eucalyptus pauciflora,Eucalyptus,pauciflora,Myrtaceae,,,,,,3176368,Q2165298,,
chenopodium-giganteum,Chenopodium giganteum,Chenopodium,giganteum,Amaranthaceae,,,,,,3756077,Q486904,,
agave-maximiliana,Agave maximiliana,Agave,maximiliana,Asparagaceae,,,,,,2766607,Q15488090,,
tournefortia-gnaphalodes,Tournefortia gnaphalodes,Tournefortia,gnaphalodes,Heliotropiaceae,,,,,,7714203,Q17417351,,
asparagus-falcatus,Asparagus falcatus,Asparagus,falcatus,Asparagaceae,,,,,,2768780,Q4807691,,
guarianthe-aurantiaca,Guarianthe aurantiaca,Guarianthe,aurantiaca,Orchidaceae,,,,,,2816071,Q5614162,,
gustavia-superba,Gustavia superba,Gustavia,superba,Lecythidaceae,,,,,,5383848,Q655360,,
carmichaelia-williamsii,Carmichaelia williamsii,Carmichaelia,williamsii,Fabaceae,,,,,,5348447,Q15528107,,
paratrophis-banksii,Paratrophis banksii,Paratrophis,banksii,Moraceae,,,,,,3766009,Q125568721,,
malus-niedzwetzkyana,Malus niedzwetzkyana,Malus,niedzwetzkyana,Rosaceae,,,,,,3001244,Q1988885,,
distylium-racemosum,Distylium racemosum,Distylium,racemosum,Hamamelidaceae,,,,,,7329084,Q310331,,
malva-olbia,Malva olbia,Malva,olbia,Malvaceae,,,,,,3933289,Q17575603,,
malus-spectabilis,Malus spectabilis,Malus,spectabilis,Rosaceae,,,,,,3001108,Q1074153,,
iochroma-fuchsioides,Iochroma fuchsioides,Iochroma,fuchsioides,Solanaceae,,,,,,3802334,Q1747372,,
karomia-speciosa,Karomia speciosa,Karomia,speciosa,Lamiaceae,,,,,,7308478,Q15336083,,
veronica-regina-nivalis,Veronica regina-nivalis,Veronica,regina-nivalis,Plantaginaceae,,,,,,3171803,Q17744746,,
navarretia-squarrosa,Navarretia squarrosa,Navarretia,squarrosa,Polemoniaceae,,,,,,2927684,Q2368852,,
echinacea-paradoxa,Echinacea paradoxa,Echinacea,paradoxa,Asteraceae,,,,,,3150925,Q950562,,
geoffroea-decorticans,Geoffroea decorticans,Geoffroea,decorticans,Fabaceae,,,,,,2966692,Q2716561,,
arbutus-xalapensis,Arbutus xalapensis,Arbutus,xalapensis,Ericaceae,,,,,,2882799,Q1343103,,
forsythia-viridissima,Forsythia viridissima,Forsythia,viridissima,Oleaceae,,,,,,5415053,Q1437921,,
gossypium-barbadense,Gossypium barbadense,Gossypium,barbadense,Malvaceae,,,,,,3152666,Q311515,,
clematis-paniculata,Clematis paniculata,Clematis,paniculata,Ranunculaceae,,,,,,7433570,Q5131218,,
costus-pulverulentus,Costus pulverulentus,Costus,pulverulentus,Costaceae,,,,,,2756847,Q1136547,,
pseuderanthemum-graciliflorum,Pseuderanthemum graciliflorum,Pseuderanthemum,graciliflorum,Acanthaceae,,,,,,3781048,Q10880821,,
rotheca-microphylla,Rotheca microphylla,Rotheca,microphylla,Lamiaceae,,,,,,9214398,Q50985751,,
linochilus-rosmarinifolius,Linochilus rosmarinifolius,Linochilus,rosmarinifolius,Asteraceae,,,,,,3090609,Q96200630,,
sabdariffa-heterophylla,Sabdariffa heterophylla,Sabdariffa,heterophylla,,,,,,,,Q140540518,,
claytonia-parviflora,Claytonia parviflora,Claytonia,parviflora,Montiaceae,,,,,,3084736,Q5130383,,
asparagus-asparagoides,Asparagus asparagoides,Asparagus,asparagoides,Asparagaceae,,,,,,2768367,Q4807698,,
carex-vulpinoidea,Carex vulpinoidea,Carex,vulpinoidea,Cyperaceae,,,,,,2728060,Q159781,,
lilium-columbianum,Lilium columbianum,Lilium,columbianum,Liliaceae,,,,,,2753524,Q141828,,
viburnum-rafinesqueanum,Viburnum rafinesqueanum,Viburnum,rafinesqueanum,Viburnaceae,,,,,,4925723,Q12357501,,
orlaya-grandiflora,Orlaya grandiflora,Orlaya,grandiflora,Apiaceae,,,,,,3638282,Q2352976,,
dianella-revoluta,Dianella revoluta,Dianella,revoluta,Asphodelaceae,,,,,,5305191,Q5271628,,
simarouba-amara,Simarouba amara,Simarouba,amara,Simaroubaceae,,,,,,7720664,Q3595126,,
machilus-japonicus,Machilus japonicus,Machilus,japonicus,Lauraceae,,,,,,7304354,,,
leucadendron-x-hybridum,Leucadendron × hybridum,Leucadendron,hybridum,,,,,,,,,,
populus-grandidentata,Populus grandidentata,Populus,grandidentata,Salicaceae,,,,,,3040210,Q1536353,,
pluchea-odorata,Pluchea odorata,Pluchea,odorata,Asteraceae,,,,,,3132617,Q7205209,,
myrsine-divaricata,Myrsine divaricata,Myrsine,divaricata,Primulaceae,,,,,,3721809,Q17252230,,
leucothoe-axillaris,Leucothoe axillaris,Leucothoe,axillaris,Ericaceae,,,,,,5333357,Q15386421,,
vitis-aestivalis,Vitis aestivalis,Vitis,aestivalis,Vitaceae,,,,,,5372400,Q136885,,
encyclia-tampensis,Encyclia tampensis,Encyclia,tampensis,Orchidaceae,,,,,,2827342,Q1945854,,
mammillaria-beneckei,Mammillaria beneckei,Mammillaria,beneckei,Cactaceae,,,,,,7281523,Q1888257,,
peperomia-rotundifolia,Peperomia rotundifolia,Peperomia,rotundifolia,Piperaceae,,,,,,3086378,Q11815594,,
brunfelsia-americana,Brunfelsia americana,Brunfelsia,americana,Solanaceae,,,,,,2932919,Q992604,,
iliamna-remota,Iliamna remota,Iliamna,remota,Malvaceae,,,,,,6377799,Q15375635,,
euphorbia-laurifolia,Euphorbia laurifolia,Euphorbia,laurifolia,Euphorbiaceae,,,,,,3067842,Q13190293,,
furcraea-cabuya,Furcraea cabuya,Furcraea,cabuya,Asparagaceae,,,,,,2769847,Q1474886,,
clivia-nobilis,Clivia nobilis,Clivia,nobilis,Amaryllidaceae,,,,,,5326276,Q1021176,,
entelea-arborescens,Entelea arborescens,Entelea,arborescens,Malvaceae,,,,,,4261683,Q3315478,,
coprosma-virescens,Coprosma virescens,Coprosma,virescens,Rubiaceae,,,,,,2911431,Q15433287,,
platycerium-coronarium,Platycerium coronarium,Platycerium,coronarium,Polypodiaceae,,,,,,4024927,Q4047044,,
diospyros-maritima,Diospyros maritima,Diospyros,maritima,Ebenaceae,,,,,,3032994,Q11151358,,
crinum-x-powellii,Crinum × powellii,Crinum,powellii,Amaryllidaceae,,,,,,4013963,,,
cestrum-laevigatum,Cestrum laevigatum,Cestrum,laevigatum,Solanaceae,,,,,,7300082,Q1158125,,
veronica-topiaria,Veronica topiaria,Veronica,topiaria,Plantaginaceae,,,,,,3724934,Q17744682,,
juglans-californica,Juglans californica,Juglans,californica,Juglandaceae,,,,,,3054354,Q890824,,
clarkia-rubicunda,Clarkia rubicunda,Clarkia,rubicunda,Onagraceae,,,,,,7650210,Q5127561,,
pulsatilla-patens,Pulsatilla patens,Pulsatilla,patens,Ranunculaceae,,,,,,3033623,Q149341,,
cocculus-laurifolius,Cocculus laurifolius,Cocculus,laurifolius,Menispermaceae,,,,,,3829341,Q585717,,
philadelphus-inodorus,Philadelphus inodorus,Philadelphus,inodorus,Hydrangeaceae,,,,,,2986052,Q17242685,,
rhododendron-vaseyi,Rhododendron vaseyi,Rhododendron,vaseyi,Ericaceae,,,,,,2883085,Q7321177,,
flindersia-australis,Flindersia australis,Flindersia,australis,Rutaceae,,,,,,7827465,Q1605767,,
euphorbia-xanti,Euphorbia xanti,Euphorbia,xanti,Euphorbiaceae,,,,,,3064019,Q5851975,,
erythronium-sibiricum,Erythronium sibiricum,Erythronium,sibiricum,Liliaceae,,,,,,2752841,Q952531,,
tulbaghia-simmleri,Tulbaghia simmleri,Tulbaghia,simmleri,Amaryllidaceae,,,,,,5326656,Q15507311,,
ambrosia-trifida,Ambrosia trifida,Ambrosia,trifida,Asteraceae,,,,,,3110588,Q3090517,,
salix-lasiolepis,Salix lasiolepis,Salix,lasiolepis,Salicaceae,,,,,,5372744,Q5240848,,
lapsana-communis,Lapsana communis,Lapsana,communis,Asteraceae,,,,,,3134857,Q754672,,
symphyotrichum-drummondii,Symphyotrichum drummondii,Symphyotrichum,drummondii,Asteraceae,,,,,,3151612,Q15554824,,
salvia-tiliifolia,Salvia tiliifolia,Salvia,tiliifolia,Lamiaceae,,,,,,2927066,Q7406913,,
adiantum-trapeziforme,Adiantum trapeziforme,Adiantum,trapeziforme,Pteridaceae,,,,,,2651847,Q4682661,,
lysiloma-latisiliquum,Lysiloma latisiliquum,Lysiloma,latisiliquum,Fabaceae,,,,,,2965822,Q691530,,
monarda-lindheimeri,Monarda lindheimeri,Monarda,lindheimeri,Lamiaceae,,,,,,5341401,Q15343363,,
physalis-grisea,Physalis grisea,Physalis,grisea,Solanaceae,,,,,,5341797,Q1671022,,
rhododendron-groenlandicum,Rhododendron groenlandicum,Rhododendron,groenlandicum,Ericaceae,,,,,,2882984,Q247753,,
opuntia-galapageia,Opuntia galapageia,Opuntia,galapageia,Cactaceae,,,,,,7279919,Q292801,,
maclura-tinctoria,Maclura tinctoria,Maclura,tinctoria,Moraceae,,,,,,2984583,Q168042,,
melicope-ternata,Melicope ternata,Melicope,ternata,Rutaceae,,,,,,3190202,Q6812328,,
nothofagus-obliqua,Nothofagus obliqua,Nothofagus,obliqua,Nothofagaceae,,,,,,2874984,Q1486147,,
ficus-rumphii,Ficus rumphii,Ficus,rumphii,Moraceae,,,,,,5571130,Q3071424,,
cymbidium-sinense,Cymbidium sinense,Cymbidium,sinense,Orchidaceae,,,,,,5305617,Q10930651,,
eucalyptus-woodwardii,Eucalyptus woodwardii,Eucalyptus,woodwardii,Myrtaceae,,,,,,3176456,Q5405731,,
xylosma-spiculifera,Xylosma spiculifera,Xylosma,spiculifera,Salicaceae,,,,,,3878935,Q6169388,,
oxypetalum-coeruleum,Oxypetalum coeruleum,Oxypetalum,coeruleum,Apocynaceae,,,,,,3572841,Q15368921,,
salvia-africana,Salvia africana,Salvia,africana,Lamiaceae,,,,,,3886290,Q769852,,
lilium-pardalinum,Lilium pardalinum,Lilium,pardalinum,Liliaceae,,,,,,2753192,Q1263838,,
sisyrinchium-idahoense,Sisyrinchium idahoense,Sisyrinchium,idahoense,Iridaceae,,,,,,5296079,Q4049561,,
bupleurum-fruticosum,Bupleurum fruticosum,Bupleurum,fruticosum,Apiaceae,,,,,,3638793,Q946581,,
asclepias-exaltata,Asclepias exaltata,Asclepias,exaltata,Apocynaceae,,,,,,3170307,Q4803909,,
argentina-anserina,Argentina anserina,Argentina,anserina,Rosaceae,,,,,,5367246,Q64061702,,
diplazium-esculentum,Diplazium esculentum,Diplazium,esculentum,Athyriaceae,,,,,,2650858,Q625571,,
mammillaria-heyderi,Mammillaria heyderi,Mammillaria,heyderi,Cactaceae,,,,,,5384021,Q1888288,,
corylopsis-pauciflora,Corylopsis pauciflora,Corylopsis,pauciflora,Hamamelidaceae,,,,,,3702808,Q680367,,
acrocomia-aculeata,Acrocomia aculeata,Acrocomia,aculeata,Arecaceae,,,,,,7413879,Q1882542,,
tabernaemontana-litoralis,Tabernaemontana litoralis,Tabernaemontana,litoralis,Apocynaceae,,,,,,3616406,Q18076972,,
ozothamnus-diosmifolius,Ozothamnus diosmifolius,Ozothamnus,diosmifolius,Asteraceae,,,,,,3111921,Q7116665,,
musa-laterita,Musa laterita,Musa,laterita,Musaceae,,,,,,2762985,Q2366056,,
auranticarpa-rhombifolia,Auranticarpa rhombifolia,Auranticarpa,rhombifolia,Pittosporaceae,,,,,,4162100,Q937122,,
ceropegia-linearis,Ceropegia linearis,Ceropegia,linearis,Apocynaceae,,,,,,7150667,Q17148373,,
madhuca-longifolia,Madhuca longifolia,Madhuca,longifolia,Sapotaceae,,,,,,2883346,Q2720146,,
dianthus-superbus,Dianthus superbus,Dianthus,superbus,Caryophyllaceae,,,,,,6363496,Q161878,,
olearia-angulata,Olearia angulata,Olearia,angulata,Asteraceae,,,,,,5692103,Q5500935,,
populus-x-sibirica,Populus × sibirica,Populus,sibirica,Salicaceae,,,,,,8380663,,,
cynoglossum-officinale,Cynoglossum officinale,Cynoglossum,officinale,Boraginaceae,,,,,,2925815,Q381584,,
solanum-carolinense,Solanum carolinense,Solanum,carolinense,Solanaceae,,,,,,2932011,Q1044376,,
sisyrinchium-californicum,Sisyrinchium californicum,Sisyrinchium,californicum,Iridaceae,,,,,,5296218,Q3007684,,
arctotheca-prostrata,Arctotheca prostrata,Arctotheca,prostrata,Asteraceae,,,,,,3114978,Q15584690,,
helenium-amarum,Helenium amarum,Helenium,amarum,Asteraceae,,,,,,5401836,Q5703935,,
cistus-crispus,Cistus crispus,Cistus,crispus,Cistaceae,,,,,,3595767,Q5770408,,
cordia-subcordata,Cordia subcordata,Cordia,subcordata,Cordiaceae,,,,,,5341267,Q675926,,
solidago-odora,Solidago odora,Solidago,odora,Asteraceae,,,,,,5388923,Q15566381,,
echinocereus-pectinatus,Echinocereus pectinatus,Echinocereus,pectinatus,Cactaceae,,,,,,3084143,Q150970,,
triplaris-americana,Triplaris americana,Triplaris,americana,,,,,,,,Q7843315,,
guadua-angustifolia,Guadua angustifolia,Guadua,angustifolia,Poaceae,,,,,,4155017,Q1491422,,
origanum-syriacum,Origanum syriacum,Origanum,syriacum,Lamiaceae,,,,,,6411178,Q13714507,,
ozothamnus-leptophyllus,Ozothamnus leptophyllus,Ozothamnus,leptophyllus,Asteraceae,,,,,,3111878,Q13937549,,
dendrolobium-umbellatum,Dendrolobium umbellatum,Dendrolobium,umbellatum,Fabaceae,,,,,,2946798,Q10885521,,
rhipsalis-cereuscula,Rhipsalis cereuscula,Rhipsalis,cereuscula,Cactaceae,,,,,,7659514,Q291080,,
lophomyrtus-x-ralphii,Lophomyrtus × ralphii,Lophomyrtus,ralphii,Myrtaceae,,,,,,3188095,,,
prunus-taiwaniana,Prunus taiwaniana,Prunus,taiwaniana,Rosaceae,,,,,,3021023,Q5462945,,
homalomena-philippinensis,Homalomena philippinensis,Homalomena,philippinensis,Araceae,,,,,,2868637,Q15247352,,
petrosedum-forsterianum,Petrosedum forsterianum,Petrosedum,forsterianum,Crassulaceae,,,,,,7625285,Q17759756,,
pulsatilla-pratensis,Pulsatilla pratensis,Pulsatilla,pratensis,Ranunculaceae,,,,,,7277878,Q148936,,
pinus-attenuata,Pinus attenuata,Pinus,attenuata,Pinaceae,,,,,,5285497,Q2703208,,
bergerocactus-emoryi,Bergerocactus emoryi,Bergerocactus,emoryi,Cactaceae,,,,,,7950713,Q134367,,
watsonia-meriana,Watsonia meriana,Watsonia,meriana,Iridaceae,,,,,,5297768,Q7974883,,
dryas-octopetala,Dryas octopetala,Dryas,octopetala,Rosaceae,,,,,,4889932,Q161621,,
corylus-maxima,Corylus maxima,Corylus,maxima,Betulaceae,,,,,,2876049,Q1801446,,
croton-alabamensis,Croton alabamensis,Croton,alabamensis,Euphorbiaceae,,,,,,3060202,Q970431,,
lespedeza-cuneata,Lespedeza cuneata,Lespedeza,cuneata,Fabaceae,,,,,,8114276,Q5364126,,
passiflora-pallida,Passiflora pallida,Passiflora,pallida,Passifloraceae,,,,,,8435196,Q21876116,,
ligustrum-confusum,Ligustrum confusum,Ligustrum,confusum,Oleaceae,,,,,,3683440,Q11079296,,
kleinia-neriifolia,Kleinia neriifolia,Kleinia,neriifolia,Asteraceae,,,,,,5405673,Q24232919,,
carissa-bispinosa,Carissa bispinosa,Carissa,bispinosa,Apocynaceae,,,,,,7600659,Q12234248,,
trichosanthes-cucumerina,Trichosanthes cucumerina,Trichosanthes,cucumerina,Cucurbitaceae,,,,,,2874605,Q1323731,,
ocimum-x-africanum,Ocimum × africanum,Ocimum,africanum,Lamiaceae,,,,,,3898584,,,
artocarpus-lacucha,Artocarpus lacucha,Artocarpus,lacucha,Moraceae,,,,,,7873234,Q759430,,
procris-repens,Procris repens,Procris,repens,Urticaceae,,,,,,7916114,Q17234033,,
camphora-kanahirae,Camphora kanahirae,Camphora,kanahirae,,,,,,,,Q135996458,,
salvinia-minima,Salvinia minima,Salvinia,minima,Salviniaceae,,,,,,5274860,Q7406942,,
coreopsis-leavenworthii,Coreopsis leavenworthii,Coreopsis,leavenworthii,Asteraceae,,,,,,3133918,Q5170284,,
juniperus-flaccida,Juniperus flaccida,Juniperus,flaccida,Cupressaceae,,,,,,2684549,Q311965,,
begonia-gracilis,Begonia gracilis,Begonia,gracilis,Begoniaceae,,,,,,7573933,,,
clusia-multiflora,Clusia multiflora,Clusia,multiflora,Clusiaceae,,,,,,7330264,Q5775225,,
rosa-x-alba,Rosa × alba,Rosa,alba,Rosaceae,,,,,,3007383,Q478530,,
chamaedorea-tepejilote,Chamaedorea tepejilote,Chamaedorea,tepejilote,Arecaceae,,,,,,2734551,Q15296487,,
tillandsia-deppeana,Tillandsia deppeana,Tillandsia,deppeana,Bromeliaceae,,,,,,2694922,Q7802508,,
alpinia-nutans,Alpinia nutans,Alpinia,nutans,Zingiberaceae,,,,,,5301940,Q2249633,,
choisya-x-dewitteana,Choisya × dewitteana,Choisya,dewitteana,Rutaceae,,,,,,3833414,,,
pittocaulon-praecox,Pittocaulon praecox,Pittocaulon,praecox,Asteraceae,,,,,,3107011,Q52311673,,
rabelera-holostea,Rabelera holostea,Rabelera,holostea,Caryophyllaceae,,,,,,11071158,Q94303275,,
narcissus-x-cyclazetta,Narcissus × cyclazetta,Narcissus,cyclazetta,Amaryllidaceae,,,,,,4013762,,,
myosotis-latifolia,Myosotis latifolia,Myosotis,latifolia,Boraginaceae,,,,,,5341183,Q6948039,,
arctostaphylos-glauca,Arctostaphylos glauca,Arctostaphylos,glauca,Ericaceae,,,,,,2882607,Q4787664,,
nothofagus-solandri,Nothofagus solandri,Nothofagus,solandri,Nothofagaceae,,,,,,3906644,Q5756037,,
erica-lusitanica,Erica lusitanica,Erica,lusitanica,Ericaceae,,,,,,5333409,Q2193234,,
zanthoxylum-clava-herculis,Zanthoxylum clava-herculis,Zanthoxylum,clava-herculis,Rutaceae,,,,,,8681996,Q8066279,,
acalypha-rhomboidea,Acalypha rhomboidea,Acalypha,rhomboidea,Euphorbiaceae,,,,,,3056384,Q4671695,,
ilex-x-attenuata,Ilex × attenuata,Ilex,attenuata,Aquifoliaceae,,,,,,5414253,Q137886578,,
aechmea-chantinii,Aechmea chantinii,Aechmea,chantinii,Bromeliaceae,,,,,,2698292,Q3242608,,
sedum-moranense,Sedum moranense,Sedum,moranense,Crassulaceae,,,,,,5362028,Q15489075,,
acer-pictum,Acer pictum,Acer,pictum,Sapindaceae,,,,,,7262911,Q15287991,,
laburnum-alpinum,Laburnum alpinum,Laburnum,alpinum,Fabaceae,,,,,,5356343,Q3497019,,
ficus-drupacea,Ficus drupacea,Ficus,drupacea,Moraceae,,,,,,5361914,Q2886717,,
calandrinia-ciliata,Calandrinia ciliata,Calandrinia,ciliata,Montiaceae,,,,,,3084693,Q5018525,,
echinopsis-subdenudata,Echinopsis subdenudata,Echinopsis,subdenudata,Cactaceae,,,,,,11107604,Q151275,,
eupatorium-formosanum,Eupatorium formosanum,Eupatorium,formosanum,Asteraceae,,,,,,5402998,Q5409958,,
cornus-rugosa,Cornus rugosa,Cornus,rugosa,Cornaceae,,,,,,3082245,Q15605468,,
cardamine-concatenata,Cardamine concatenata,Cardamine,concatenata,Brassicaceae,,,,,,3046217,Q2938025,,
ranunculus-occidentalis,Ranunculus occidentalis,Ranunculus,occidentalis,Ranunculaceae,,,,,,3033353,Q7293615,,
reseda-luteola,Reseda luteola,Reseda,luteola,Resedaceae,,,,,,3040251,Q157927,,
sesbania-punicea,Sesbania punicea,Sesbania,punicea,Fabaceae,,,,,,2970728,Q7456031,,
symphyotrichum-puniceum,Symphyotrichum puniceum,Symphyotrichum,puniceum,Asteraceae,,,,,,8233296,Q7661736,,
mitchella-repens,Mitchella repens,Mitchella,repens,Rubiaceae,,,,,,5338762,Q1401376,,
euphorbia-heterophylla,Euphorbia heterophylla,Euphorbia,heterophylla,Euphorbiaceae,,,,,,3064495,Q3060418,,
mallotus-philippensis,Mallotus philippensis,Mallotus,philippensis,Euphorbiaceae,,,,,,5378605,Q2510557,,
nolina-microcarpa,Nolina microcarpa,Nolina,microcarpa,Asparagaceae,,,,,,2777014,Q292609,,
thelocactus-bicolor,Thelocactus bicolor,Thelocactus,bicolor,Cactaceae,,,,,,3084405,Q150224,,
themeda-triandra,Themeda triandra,Themeda,triandra,Poaceae,,,,,,2703467,Q1038150,,
ferocactus-echidne,Ferocactus echidne,Ferocactus,echidne,Cactaceae,,,,,,3946682,Q310221,,
saraca-indica,Saraca indica,Saraca,indica,Fabaceae,,,,,,5359538,Q17484568,,
polygala-virgata,Polygala virgata,Polygala,virgata,Polygalaceae,,,,,,4049271,Q17468893,,
berberis-swaseyi,Berberis swaseyi,Berberis,swaseyi,Berberidaceae,,,,,,3033882,Q16748810,,
rosa-corymbifera,Rosa corymbifera,Rosa,corymbifera,Rosaceae,,,,,,3007783,Q137608,,
veronica-gentianoides,Veronica gentianoides,Veronica,gentianoides,Plantaginaceae,,,,,,6439238,Q4108008,,
fraxinus-chinensis,Fraxinus chinensis,Fraxinus,chinensis,Oleaceae,,,,,,3172325,Q2883428,,
distimake-tuberosus,Distimake tuberosus,Distimake,tuberosus,Convolvulaceae,,,,,,9636531,Q43374227,,
cochemiea-grahamii,Cochemiea grahamii,Cochemiea,grahamii,Cactaceae,,,,,,3945144,Q93343678,,
cylindropuntia-acanthocarpa,Cylindropuntia acanthocarpa,Cylindropuntia,acanthocarpa,Cactaceae,,,,,,7282888,Q309958,,
kalmia-angustifolia,Kalmia angustifolia,Kalmia,angustifolia,Ericaceae,,,,,,2883007,Q3192236,,
heliotropium-curassavicum,Heliotropium curassavicum,Heliotropium,curassavicum,Heliotropiaceae,,,,,,2925786,Q164149,,
alisma-plantago-aquatica,Alisma plantago-aquatica,Alisma,plantago-aquatica,Alismataceae,,,,,,2865100,Q21063,,
portea-petropolitana,Portea petropolitana,Portea,petropolitana,Bromeliaceae,,,,,,2694442,Q7231551,,
cycas-media,Cycas media,Cycas,media,Cycadaceae,,,,,,2683252,Q522204,,
artocarpus-hypargyreus,Artocarpus hypargyreus,Artocarpus,hypargyreus,Moraceae,,,,,,3764756,Q3761174,,
odontonema-callistachyum,Odontonema callistachyum,Odontonema,callistachyum,Acanthaceae,,,,,,5576250,Q15348467,,
leucospermum-conocarpodendron,Leucospermum conocarpodendron,Leucospermum,conocarpodendron,Proteaceae,,,,,,7893210,Q3642255,,
caragana-pygmaea,Caragana pygmaea,Caragana,pygmaea,Fabaceae,,,,,,2943272,Q243922,,
acacia-acinacea,Acacia acinacea,Acacia,acinacea,Fabaceae,,,,,,2979868,Q2705176,,
humulus-scandens,Humulus scandens,Humulus,scandens,Cannabaceae,,,,,,2984537,Q15540069,,
jasminum-nervosum,Jasminum nervosum,Jasminum,nervosum,Oleaceae,,,,,,3683063,Q623259,,
leucospermum-lineare,Leucospermum lineare,Leucospermum,lineare,Proteaceae,,,,,,3997274,Q18078639,,
sorghum-halepense,Sorghum halepense,Sorghum,halepense,Poaceae,,,,,,2705185,Q858360,,
eriophyllum-staechadifolium,Eriophyllum staechadifolium,Eriophyllum,staechadifolium,Asteraceae,,,,,,6443404,Q5389486,,
amelanchier-utahensis,Amelanchier utahensis,Amelanchier,utahensis,Rosaceae,,,,,,3023964,Q4742185,,
mirabilis-nyctaginea,Mirabilis nyctaginea,Mirabilis,nyctaginea,Nyctaginaceae,,,,,,10363580,Q6872327,,
pachyrhizus-erosus,Pachyrhizus erosus,Pachyrhizus,erosus,Fabaceae,,,,,,2974683,Q517283,,
brassia-verrucosa,Brassia verrucosa,Brassia,verrucosa,Orchidaceae,,,,,,5323864,Q4957942,,
clematis-texensis,Clematis texensis,Clematis,texensis,Ranunculaceae,,,,,,3033574,Q5131225,,
rhododendron-canadense,Rhododendron canadense,Rhododendron,canadense,Ericaceae,,,,,,2883070,Q2132150,,
dillenia-philippinensis,Dillenia philippinensis,Dillenia,philippinensis,Dilleniaceae,,,,,,5383895,Q6377702,,
dombeya-rotundifolia,Dombeya rotundifolia,Dombeya,rotundifolia,Malvaceae,,,,,,5546739,Q2720967,,
capnoides-sempervirens,Capnoides sempervirens,Capnoides,sempervirens,Papaveraceae,,,,,,2888522,Q15324515,,
aster-amellus,Aster amellus,Aster,amellus,Asteraceae,,,,,,8133114,Q819178,,
sarcococca-hookeriana,Sarcococca hookeriana,Sarcococca,hookeriana,Buxaceae,,,,,,3988140,Q3061687,,
anthurium-scherzerianum,Anthurium scherzerianum,Anthurium,scherzerianum,Araceae,,,,,,2873525,Q1746442,,
euphorbia-flanaganii,Euphorbia flanaganii,Euphorbia,flanaganii,Euphorbiaceae,,,,,,3066646,Q8960510,,
saraca-dives,Saraca dives,Saraca,dives,Fabaceae,,,,,,9671576,Q10833092,,
protea-obtusifolia,Protea obtusifolia,Protea,obtusifolia,Proteaceae,,,,,,8142107,Q15550997,,
juniperus-x-pfitzeriana,Juniperus × pfitzeriana,Juniperus,pfitzeriana,Cupressaceae,,,,,,4939210,Q17165418,,
xanthoceras-sorbifolium,Xanthoceras sorbifolium,Xanthoceras,sorbifolium,Poaceae,,,,,,9479204,Q196178,,
pinus-muricata,Pinus muricata,Pinus,muricata,Pinaceae,,,,,,5285595,Q866150,,
cercocarpus-betuloides,Cercocarpus betuloides,Cercocarpus,betuloides,Rosaceae,,,,,,7416640,Q2946567,,
cylindropuntia-ramosissima,Cylindropuntia ramosissima,Cylindropuntia,ramosissima,Cactaceae,,,,,,7282521,Q148800,,
artemisia-indica,Artemisia indica,Artemisia,indica,Asteraceae,,,,,,3120972,Q10881884,,
genista-tinctoria,Genista tinctoria,Genista,tinctoria,Fabaceae,,,,,,5347612,Q162777,,
corokia-buddleioides,Corokia buddleioides,Corokia,buddleioides,Argophyllaceae,,,,,,4927547,Q17479803,,
senna-candolleana,Senna candolleana,Senna,candolleana,Fabaceae,,,,,,2957266,Q3478563,,
quercus-ithaburensis,Quercus ithaburensis,Quercus,ithaburensis,Fagaceae,,,,,,2878323,Q2739106,,
aesculus-turbinata,Aesculus turbinata,Aesculus,turbinata,Sapindaceae,,,,,,3189819,Q1132580,,
dendrobium-fimbriatum,Dendrobium fimbriatum,Dendrobium,fimbriatum,Orchidaceae,,,,,,5308651,Q7990065,,
vachellia-nilotica,Vachellia nilotica,Vachellia,nilotica,Fabaceae,,,,,,3974744,Q15525126,,
trichocereus-rowleyi,Trichocereus rowleyi,Trichocereus,rowleyi,Cactaceae,,,,,,11019417,Q109394285,,
butomus-umbellatus,Butomus umbellatus,Butomus,umbellatus,Butomaceae,,,,,,2864467,Q18461,,
salix-bonplandiana,Salix bonplandiana,Salix,bonplandiana,Salicaceae,,,,,,5372984,Q5240829,,
lomatium-triternatum,Lomatium triternatum,Lomatium,triternatum,Apiaceae,,,,,,3034264,Q6669281,,
trillium-flexipes,Trillium flexipes,Trillium,flexipes,Melanthiaceae,,,,,,2742422,Q3024488,,
antennaria-neglecta,Antennaria neglecta,Antennaria,neglecta,Asteraceae,,,,,,5385488,Q15589678,,
afrocarpus-gracilior,Afrocarpus gracilior,Afrocarpus,gracilior,Podocarpaceae,,,,,,2687628,Q1572907,,
acalypha-indica,Acalypha indica,Acalypha,indica,Euphorbiaceae,,,,,,3056259,Q3339634,,
commelina-diffusa,Commelina diffusa,Commelina,diffusa,Commelinaceae,,,,,,2764202,Q5152275,,
dryopteris-ludoviciana,Dryopteris ludoviciana,Dryopteris,ludoviciana,Dryopteridaceae,,,,,,5275101,Q5309783,,
pittosporum-viridiflorum,Pittosporum viridiflorum,Pittosporum,viridiflorum,Pittosporaceae,,,,,,2986302,Q15590374,,
pulmonaria-obscura,Pulmonaria obscura,Pulmonaria,obscura,Boraginaceae,,,,,,5439925,Q1266138,,
bouteloua-dactyloides,Bouteloua dactyloides,Bouteloua,dactyloides,Poaceae,,,,,,5677204,Q26821449,,
senecio-macroglossus,Senecio macroglossus,Senecio,macroglossus,Asteraceae,,,,,,3107720,Q3955278,,
zanthoxylum-nitidum,Zanthoxylum nitidum,Zanthoxylum,nitidum,Rutaceae,,,,,,7269365,Q8066282,,
adromischus-cristatus,Adromischus cristatus,Adromischus,cristatus,Crassulaceae,,,,,,7334238,Q4685810,,
pelargonium-reniforme,Pelargonium reniforme,Pelargonium,reniforme,Geraniaceae,,,,,,7268592,Q18080940,,
hepatica-americana,Hepatica americana,Hepatica,americana,Ranunculaceae,,,,,,6374864,Q50346843,,
drynaria-coronans,Drynaria coronans,Drynaria,coronans,Polypodiaceae,,,,,,4025407,Q50840766,,
senegalia-berlandieri,Senegalia berlandieri,Senegalia,berlandieri,Fabaceae,,,,,,2980082,Q104249197,,
collinsia-grandiflora,Collinsia grandiflora,Collinsia,grandiflora,Plantaginaceae,,,,,,5414948,Q5147430,,
delphinium-tricorne,Delphinium tricorne,Delphinium,tricorne,Ranunculaceae,,,,,,3033781,Q5254458,,
wikstroemia-uva-ursi,Wikstroemia uva-ursi,Wikstroemia,uva-ursi,Thymelaeaceae,,,,,,5420865,Q17581753,,
chamaecyparis-formosensis,Chamaecyparis formosensis,Chamaecyparis,formosensis,Cupressaceae,,,,,,2683884,Q136170,,
gnetum-gnemon,Gnetum gnemon,Gnetum,gnemon,Gnetaceae,,,,,,2653133,Q72368,,
jatropha-dioica,Jatropha dioica,Jatropha,dioica,Euphorbiaceae,,,,,,3072862,Q12060859,,
salvinia-natans,Salvinia natans,Salvinia,natans,Salviniaceae,,,,,,5274858,Q635586,,
pellaea-rotundifolia,Pellaea rotundifolia,Pellaea,rotundifolia,Pteridaceae,,,,,,5566702,Q7161522,,
ligustrum-quihoui,Ligustrum quihoui,Ligustrum,quihoui,Oleaceae,,,,,,3172299,Q293256,,
enchylaena-tomentosa,Enchylaena tomentosa,Enchylaena,tomentosa,Amaranthaceae,,,,,,6447669,Q1340025,,
ceodes-brunoniana,Ceodes brunoniana,Ceodes,brunoniana,Nyctaginaceae,,,,,,3700102,Q65933970,,
markhamia-lutea,Markhamia lutea,Markhamia,lutea,Bignoniaceae,,,,,,5668625,Q6771037,,
tulipa-praestans,Tulipa praestans,Tulipa,praestans,Liliaceae,,,,,,5299655,Q977756,,
aloe-distans,Aloe distans,Aloe,distans,Asphodelaceae,,,,,,2777632,Q15076128,,
banksia-praemorsa,Banksia praemorsa,Banksia,praemorsa,Proteaceae,,,,,,8233803,Q2882745,,
anthurium-salvinii,Anthurium salvinii,Anthurium,salvinii,Araceae,,,,,,2872887,Q15320706,,
geranium-molle,Geranium molle,Geranium,molle,Geraniaceae,,,,,,2891488,Q164017,,
ericameria-ericoides,Ericameria ericoides,Ericameria,ericoides,Asteraceae,,,,,,3103001,Q5387973,,
ottelia-alismoides,Ottelia alismoides,Ottelia,alismoides,Hydrocharitaceae,,,,,,5329515,Q5787832,,
bahiopsis-laciniata,Bahiopsis laciniata,Bahiopsis,laciniata,Asteraceae,,,,,,3091040,Q4842591,,
ceanothus-arboreus,Ceanothus arboreus,Ceanothus,arboreus,Rhamnaceae,,,,,,3039374,Q5055701,,
eriogonum-cinereum,Eriogonum cinereum,Eriogonum,cinereum,Polygonaceae,,,,,,2889663,Q5389353,,
oxalis-purpurea,Oxalis purpurea,Oxalis,purpurea,Oxalidaceae,,,,,,2891764,Q7115072,,
thymophylla-pentachaeta,Thymophylla pentachaeta,Thymophylla,pentachaeta,Asteraceae,,,,,,3144444,Q3526196,,
erechtites-hieraciifolius,Erechtites hieraciifolius,Erechtites,hieraciifolius,Asteraceae,,,,,,3132457,Q857720,,
malus-x-purpurea,Malus × purpurea,Malus,purpurea,Rosaceae,,,,,,3001270,Q886464,,
bouvardia-ternifolia,Bouvardia ternifolia,Bouvardia,ternifolia,Rubiaceae,,,,,,2910221,Q5732886,,
lomatium-bradshawii,Lomatium bradshawii,Lomatium,bradshawii,Apiaceae,,,,,,3034265,Q6669191,,
mikania-micrantha,Mikania micrantha,Mikania,micrantha,Asteraceae,,,,,,5398421,Q2717688,,
senna-ligustrina,Senna ligustrina,Senna,ligustrina,Fabaceae,,,,,,2957907,Q15536833,,
paeonia-broteri,Paeonia broteri,Paeonia,broteri,Paeoniaceae,,,,,,8383843,Q3360396,,
trachelium-caeruleum,Trachelium caeruleum,Trachelium,caeruleum,Campanulaceae,,,,,,5407810,Q882775,,
ceiba-trischistandra,Ceiba trischistandra,Ceiba,trischistandra,Malvaceae,,,,,,8382405,Q15361437,,
bambusa-stenostachya,Bambusa stenostachya,Bambusa,stenostachya,Poaceae,,,,,,7370875,Q50828106,,
leptochilus-pteropus,Leptochilus pteropus,Leptochilus,pteropus,Polypodiaceae,,,,,,6559985,Q15314697,,
oxalis-smalliana,Oxalis smalliana,Oxalis,smalliana,Oxalidaceae,,,,,,8017574,Q55916766,,
lobelia-inflata,Lobelia inflata,Lobelia,inflata,Campanulaceae,,,,,,5408737,Q1661351,,
isocoma-menziesii,Isocoma menziesii,Isocoma,menziesii,Asteraceae,,,,,,3099285,Q6085517,,
shepherdia-argentea,Shepherdia argentea,Shepherdia,argentea,Elaeagnaceae,,,,,,5372429,Q2658110,,
scrophularia-marilandica,Scrophularia marilandica,Scrophularia,marilandica,Scrophulariaceae,,,,,,3170885,Q7439305,,
sarracenia-minor,Sarracenia minor,Sarracenia,minor,Sarraceniaceae,,,,,,5421383,Q1532298,,
mauritia-flexuosa,Mauritia flexuosa,Mauritia,flexuosa,Arecaceae,,,,,,5294777,Q1016320,,
pelargonium-quercifolium,Pelargonium quercifolium,Pelargonium,quercifolium,Geraniaceae,,,,,,9499241,Q15208935,,
penstemon-triflorus,Penstemon triflorus,Penstemon,triflorus,Plantaginaceae,,,,,,3171398,Q7164899,,
quercus-serrata,Quercus serrata,Quercus,serrata,Fagaceae,,,,,,2879649,Q847209,,
elaeocarpus-eumundi,Elaeocarpus eumundi,Elaeocarpus,eumundi,Elaeocarpaceae,,,,,,4031539,Q5353082,,
ardisia-sieboldii,Ardisia sieboldii,Ardisia,sieboldii,Primulaceae,,,,,,7330962,Q10932687,,
billia-rosea,Billia rosea,Billia,rosea,Sapindaceae,,,,,,3672305,Q15547718,,
alternanthera-sissoo,Alternanthera sissoo,Alternanthera,sissoo,Amaranthaceae,,,,,,3084939,Q7530978,,
crataegus-chlorosarca,Crataegus chlorosarca,Crataegus,chlorosarca,Rosaceae,,,,,,3014951,Q2653348,,
allium-stipitatum,Allium stipitatum,Allium,stipitatum,Amaryllidaceae,,,,,,2856593,Q3735732,,
justicia-croceochlamys,Justicia croceochlamys,Justicia,croceochlamys,Acanthaceae,,,,,,3781842,Q17680017,,
rhododendron-arborescens,Rhododendron arborescens,Rhododendron,arborescens,Ericaceae,,,,,,2883054,Q7321125,,
corethrogyne-filaginifolia,Corethrogyne filaginifolia,Corethrogyne,filaginifolia,Asteraceae,,,,,,3118138,Q5170305,,
trachystemon-orientalis,Trachystemon orientalis,Trachystemon,orientalis,Boraginaceae,,,,,,4063383,Q3536286,,
ceanothus-integerrimus,Ceanothus integerrimus,Ceanothus,integerrimus,Rhamnaceae,,,,,,3039382,Q5055724,,
gazania-rigida,Gazania rigida,Gazania,rigida,Asteraceae,,,,,,3112495,Q15602508,,
sempervivum-montanum,Sempervivum montanum,Sempervivum,montanum,Crassulaceae,,,,,,8164781,Q161409,,
tithonia-tubaeformis,Tithonia tubaeformis,Tithonia,tubaeformis,Asteraceae,,,,,,5396560,Q15559411,,
ardisia-japonica,Ardisia japonica,Ardisia,japonica,Primulaceae,,,,,,5558066,Q858326,,
festuca-roemeri,Festuca roemeri,Festuca,roemeri,Poaceae,,,,,,2704918,Q17364157,,
glandularia-peruviana,Glandularia peruviana,Glandularia,peruviana,Verbenaceae,,,,,,2925587,Q3108506,,
iris-laevigata,Iris laevigata,Iris,laevigata,Iridaceae,,,,,,5298334,Q159320,,
symphoricarpos-occidentalis,Symphoricarpos occidentalis,Symphoricarpos,occidentalis,Caprifoliaceae,,,,,,2888632,Q2078043,,
aristotelia-chilensis,Aristotelia chilensis,Aristotelia,chilensis,Elaeocarpaceae,,,,,,5651082,Q2707036,,
ceratopetalum-gummiferum,Ceratopetalum gummiferum,Ceratopetalum,gummiferum,Cunoniaceae,,,,,,3613488,Q2946376,,
isolatocereus-dumortieri,Isolatocereus dumortieri,Isolatocereus,dumortieri,Cactaceae,,,,,,3960644,Q1559876,,
sobralia-macrantha,Sobralia macrantha,Sobralia,macrantha,Orchidaceae,,,,,,2797517,Q7550191,,
blepharocalyx-salicifolius,Blepharocalyx salicifolius,Blepharocalyx,salicifolius,Myrtaceae,,,,,,3187875,Q5648537,,
psychotria-capensis,Psychotria capensis,Psychotria,capensis,Rubiaceae,,,,,,2921862,Q13034769,,
cucurbita-melopepo,Cucurbita melopepo,Cucurbita,melopepo,Cucurbitaceae,,,,,,3622950,Q21872952,,
limnobium-laevigatum,Limnobium laevigatum,Limnobium,laevigatum,Hydrocharitaceae,,,,,,11055820,Q6549756,,
astilbe-x-rosea,Astilbe × rosea,Astilbe,rosea,Saxifragaceae,,,,,,12176639,,,
rauvolfia-afra,Rauvolfia afra,Rauvolfia,afra,,,,,,,,Q3644581,,
galax-urceolata,Galax urceolata,Galax,urceolata,Diapensiaceae,,,,,,5333324,Q166773,,
acacia-pycnantha,Acacia pycnantha,Acacia,pycnantha,Fabaceae,,,,,,2978604,Q516233,,
asphodelus-fistulosus,Asphodelus fistulosus,Asphodelus,fistulosus,Asphodelaceae,,,,,,2778437,Q1538573,,
berteroa-incana,Berteroa incana,Berteroa,incana,Brassicaceae,,,,,,3053522,Q159029,,
dudleya-edulis,Dudleya edulis,Dudleya,edulis,Crassulaceae,,,,,,2985909,Q5312055,,
lonicera-dioica,Lonicera dioica,Lonicera,dioica,Caprifoliaceae,,,,,,5334261,Q17435084,,
cyrilla-racemiflora,Cyrilla racemiflora,Cyrilla,racemiflora,Cyrillaceae,,,,,,5333448,Q140549,,
dyschoriste-linearis,Dyschoriste linearis,Dyschoriste,linearis,Acanthaceae,,,,,,3173066,Q15318271,,
monarda-clinopodia,Monarda clinopodia,Monarda,clinopodia,Lamiaceae,,,,,,5341398,Q15342522,,
nymphoides-cristata,Nymphoides cristata,Nymphoides,cristata,Menyanthaceae,,,,,,5592249,Q3336497,,
ruellia-metziae,Ruellia metziae,Ruellia,metziae,Acanthaceae,,,,,,5415410,Q15357294,,
salix-cinerea,Salix cinerea,Salix,cinerea,Salicaceae,,,,,,5372605,Q157540,,
symplocos-paniculata,Symplocos paniculata,Symplocos,paniculata,Symplocaceae,,,,,,7157705,Q3337300,,
cotoneaster-microphyllus,Cotoneaster microphyllus,Cotoneaster,microphyllus,Rosaceae,,,,,,3025626,Q1746373,,
eucalyptus-spathulata,Eucalyptus spathulata,Eucalyptus,spathulata,Myrtaceae,,,,,,3176390,Q5405715,,
eurya-japonica,Eurya japonica,Eurya,japonica,Pentaphylacaceae,,,,,,7152601,Q1041681,,
rhododendron-pseudochrysanthum,Rhododendron pseudochrysanthum,Rhododendron,pseudochrysanthum,Ericaceae,,,,,,7327928,Q15233593,,
glottiphyllum-longum,Glottiphyllum longum,Glottiphyllum,longum,Aizoaceae,,,,,,7329532,Q22105696,,
caryopteris-mongholica,Caryopteris mongholica,Caryopteris,mongholica,Lamiaceae,,,,,,3897666,Q15247919,,
nephroia-carolina,Nephroia carolina,Nephroia,carolina,Menispermaceae,,,,,,3033941,Q124332567,,
tragopogon-dubius,Tragopogon dubius,Tragopogon,dubius,Asteraceae,,,,,,6443709,Q1548650,,
fraxinus-nigra,Fraxinus nigra,Fraxinus,nigra,Oleaceae,,,,,,3172369,Q1790101,,
senegalia-greggii,Senegalia greggii,Senegalia,greggii,Fabaceae,,,,,,2978335,Q32856633,,
solidago-lepida,Solidago lepida,Solidago,lepida,Asteraceae,,,,,,6065181,Q19848957,,
vaccinium-arboreum,Vaccinium arboreum,Vaccinium,arboreum,Ericaceae,,,,,,2882828,Q3249733,,
eupatorium-altissimum,Eupatorium altissimum,Eupatorium,altissimum,Asteraceae,,,,,,5400563,Q5409935,,
centaurea-nigra,Centaurea nigra,Centaurea,nigra,Asteraceae,,,,,,3128225,Q1851639,,
abies-religiosa,Abies religiosa,Abies,religiosa,Pinaceae,,,,,,2685527,Q378592,,
lumnitzera-racemosa,Lumnitzera racemosa,Lumnitzera,racemosa,Combretaceae,,,,,,6435171,Q3840611,,
tagetes-tenuifolia,Tagetes tenuifolia,Tagetes,tenuifolia,Asteraceae,,,,,,7497356,Q572693,,
solanum-wendlandii,Solanum wendlandii,Solanum,wendlandii,Solanaceae,,,,,,2932035,Q1764686,,
aloe-cooperi,Aloe cooperi,Aloe,cooperi,Asphodelaceae,,,,,,2777254,Q1454768,,
smallanthus-sonchifolius,Smallanthus sonchifolius,Smallanthus,sonchifolius,Asteraceae,,,,,,3145311,Q1075177,,
persicaria-odorata,Persicaria odorata,Persicaria,odorata,Polygonaceae,,,,,,4033932,Q2593236,,
sterculia-quadrifida,Sterculia quadrifida,Sterculia,quadrifida,Malvaceae,,,,,,5545458,Q4118238,,
idesia-polycarpa,Idesia polycarpa,Idesia,polycarpa,Salicaceae,,,,,,6043516,Q3147858,,
olearia-solandri,Olearia solandri,Olearia,solandri,Asteraceae,,,,,,5405320,Q13936233,,
quercus-leucotrichophora,Quercus leucotrichophora,Quercus,leucotrichophora,Fagaceae,,,,,,2878058,Q6324876,,
bidens-frondosa,Bidens frondosa,Bidens,frondosa,Asteraceae,,,,,,5392174,Q1560642,,
veronica-serpyllifolia,Veronica serpyllifolia,Veronica,serpyllifolia,Plantaginaceae,,,,,,3172057,Q159724,,
spirodela-polyrhiza,Spirodela polyrhiza,Spirodela,polyrhiza,Araceae,,,,,,4097481,Q154500,,
meconopsis-betonicifolia,Meconopsis betonicifolia,Meconopsis,betonicifolia,Papaveraceae,,,,,,3603883,Q3083496,,
cirsium-discolor,Cirsium discolor,Cirsium,discolor,Asteraceae,,,,,,3112737,Q5122056,,
acacia-decurrens,Acacia decurrens,Acacia,decurrens,Fabaceae,,,,,,2979778,Q2587160,,
lannea-coromandelica,Lannea coromandelica,Lannea,coromandelica,Anacardiaceae,,,,,,3661151,Q10911080,,
batis-maritima,Batis maritima,Batis,maritima,Bataceae,,,,,,5414196,Q4869290,,
andromeda-polifolia,Andromeda polifolia,Andromeda,polifolia,Ericaceae,,,,,,5333413,Q742866,,
zephyranthes-drummondii,Zephyranthes drummondii,Zephyranthes,drummondii,Amaryllidaceae,,,,,,2859902,Q15508576,,
conradina-canescens,Conradina canescens,Conradina,canescens,Lamiaceae,,,,,,2927107,Q15313112,,
laelia-speciosa,Laelia speciosa,Laelia,speciosa,Orchidaceae,,,,,,5314544,Q1318039,,
macrothelypteris-torresiana,Macrothelypteris torresiana,Macrothelypteris,torresiana,Thelypteridaceae,,,,,,8846035,Q6725697,,
napaea-dioica,Napaea dioica,Napaea,dioica,Malvaceae,,,,,,5406715,Q21977569,,
thelesperma-filifolium,Thelesperma filifolium,Thelesperma,filifolium,Asteraceae,,,,,,3095931,Q7781022,,
ocimum-americanum,Ocimum americanum,Ocimum,americanum,Lamiaceae,,,,,,2927097,Q3240154,,
oreocereus-celsianus,Oreocereus celsianus,Oreocereus,celsianus,Cactaceae,,,,,,7282602,Q310346,,
hovea-acutifolia,Hovea acutifolia,Hovea,acutifolia,Fabaceae,,,,,,2974744,Q5903560,,
veronica-perfoliata,Veronica perfoliata,Veronica,perfoliata,Plantaginaceae,,,,,,7592136,Q7922478,,
cladophora-aegagropila,Cladophora aegagropila,Cladophora,aegagropila,Cladophoraceae,,,,,,5272847,Q110611431,,
syzygium-wilsonii,Syzygium wilsonii,Syzygium,wilsonii,Myrtaceae,,,,,,3183521,Q15389077,,
persicaria-microcephala,Persicaria microcephala,Persicaria,microcephala,Polygonaceae,,,,,,7291432,Q18075695,,
gonialoe-variegata,Gonialoe variegata,Gonialoe,variegata,Asphodelaceae,,,,,,9528502,Q39719922,,
rumex-acetosella,Rumex acetosella,Rumex,acetosella,Polygonaceae,,,,,,2888995,Q29951,,
myrsine-africana,Myrsine africana,Myrsine,africana,Primulaceae,,,,,,7331120,Q3206290,,
juniperus-deppeana,Juniperus deppeana,Juniperus,deppeana,Cupressaceae,,,,,,2684674,Q2066393,,
solanum-mauritianum,Solanum mauritianum,Solanum,mauritianum,Solanaceae,,,,,,2931469,Q2097687,,
copernicia-prunifera,Copernicia prunifera,Copernicia,prunifera,Arecaceae,,,,,,2738262,Q1043918,,
glycosmis-parviflora,Glycosmis parviflora,Glycosmis,parviflora,Rutaceae,,,,,,7732678,Q10960157,,
jacquemontia-pentanthos,Jacquemontia pentanthos,Jacquemontia,pentanthos,Convolvulaceae,,,,,,5341727,Q21278194,,
leuchtenbergia-principis,Leuchtenbergia principis,Leuchtenbergia,principis,Cactaceae,,,,,,8383830,Q133994,,
nymphaea-candida,Nymphaea candida,Nymphaea,candida,Nymphaeaceae,,,,,,7410966,Q149301,,
ocimum-carnosum,Ocimum carnosum,Ocimum,carnosum,Lamiaceae,,,,,,3898191,Q15346709,,
pipturus-argenteus,Pipturus argenteus,Pipturus,argenteus,Urticaceae,,,,,,6414892,Q15610979,,
commersonia-bartramia,Commersonia bartramia,Commersonia,bartramia,Malvaceae,,,,,,7323037,Q11047789,,
leptospermum-petersonii,Leptospermum petersonii,Leptospermum,petersonii,Myrtaceae,,,,,,3181958,Q206482,,
eucalyptus-nicholii,Eucalyptus nicholii,Eucalyptus,nicholii,Myrtaceae,,,,,,3176388,Q5405641,,
crinum-macowanii,Crinum macowanii,Crinum,macowanii,Amaryllidaceae,,,,,,2853929,Q4241142,,
curtisia-dentata,Curtisia dentata,Curtisia,dentata,Curtisiaceae,,,,,,8057620,Q13107161,,
acer-tegmentosum,Acer tegmentosum,Acer,tegmentosum,Sapindaceae,,,,,,7263128,Q1205178,,
lysimachia-congestiflora,Lysimachia congestiflora,Lysimachia,congestiflora,Primulaceae,,,,,,4005565,Q943024,,
hypericum-kalmianum,Hypericum kalmianum,Hypericum,kalmianum,Hypericaceae,,,,,,3189461,Q17812255,,
hosta-undulata,Hosta undulata,Hosta,undulata,Asparagaceae,,,,,,4008605,Q5909275,,
opuntia-cymochila,Opuntia cymochila,Opuntia,cymochila,Cactaceae,,,,,,5384112,Q1375822,,
baccharis-tola,Baccharis tola,Baccharis,tola,Asteraceae,,,,,,7338486,Q15590122,,
echinoagave-stricta,Echinoagave stricta,Echinoagave,stricta,,,,,,,,,,
acmispon-glaber,Acmispon glaber,Acmispon,glaber,Fabaceae,,,,,,7274828,Q15490404,,
acer-glabrum,Acer glabrum,Acer,glabrum,Sapindaceae,,,,,,3189864,Q540650,,
lepidozamia-peroffskyana,Lepidozamia peroffskyana,Lepidozamia,peroffskyana,Zamiaceae,,,,,,2683485,Q2290626,,
salvia-glutinosa,Salvia glutinosa,Salvia,glutinosa,Lamiaceae,,,,,,2927026,Q158374,,
crataegus-coccinea,Crataegus coccinea,Crataegus,coccinea,Rosaceae,,,,,,7790614,Q3002196,,
andira-inermis,Andira inermis,Andira,inermis,Fabaceae,,,,,,2952214,Q4754500,,
elaeagnus-multiflora,Elaeagnus multiflora,Elaeagnus,multiflora,Elaeagnaceae,,,,,,3039272,Q2139163,,
acmella-repens,Acmella repens,Acmella,repens,Asteraceae,,,,,,5386723,Q15568953,,
kalanchoe-millotii,Kalanchoe millotii,Kalanchoe,millotii,Crassulaceae,,,,,,4199388,Q1722005,,
daphniphyllum-macropodum,Daphniphyllum macropodum,Daphniphyllum,macropodum,Daphniphyllaceae,,,,,,7344634,Q846968,,
dracaena-cambodiana,Dracaena cambodiana,Dracaena,cambodiana,Asparagaceae,,,,,,5304576,Q11150362,,
eucalyptus-curtisii,Eucalyptus curtisii,Eucalyptus,curtisii,Myrtaceae,,,,,,3176992,Q2712032,,
leucadendron-discolor,Leucadendron discolor,Leucadendron,discolor,Proteaceae,,,,,,5638170,Q5472702,,
dicliptera-squarrosa,Dicliptera squarrosa,Dicliptera,squarrosa,Acanthaceae,,,,,,7264147,Q15316809,,
populus-suaveolens,Populus suaveolens,Populus,suaveolens,Salicaceae,,,,,,7874619,Q12209062,,
staphylea-japonica,Staphylea japonica,Staphylea,japonica,Staphyleaceae,,,,,,9464189,Q81748646,,
symphoricarpos-mollis,Symphoricarpos mollis,Symphoricarpos,mollis,Caprifoliaceae,,,,,,7728926,Q4425546,,
malacothamnus-fasciculatus,Malacothamnus fasciculatus,Malacothamnus,fasciculatus,Malvaceae,,,,,,3152341,Q6740908,,
rhamnus-crocea,Rhamnus crocea,Rhamnus,crocea,Rhamnaceae,,,,,,9475547,Q7320176,,
viburnum-lantanoides,Viburnum lantanoides,Viburnum,lantanoides,Viburnaceae,,,,,,2888601,Q3114111,,
acacia-paradoxa,Acacia paradoxa,Acacia,paradoxa,Fabaceae,,,,,,2981159,Q1524950,,
machaeranthera-tanacetifolia,Machaeranthera tanacetifolia,Machaeranthera,tanacetifolia,Asteraceae,,,,,,3095447,Q3274249,,
asplenium-platyneuron,Asplenium platyneuron,Asplenium,platyneuron,Aspleniaceae,,,,,,2650714,Q4808139,,
solanum-erianthum,Solanum erianthum,Solanum,erianthum,Solanaceae,,,,,,2931461,Q3339192,,
halesia-diptera,Halesia diptera,Halesia,diptera,Styracaceae,,,,,,7433677,Q9001859,,
hechtia-glomerata,Hechtia glomerata,Hechtia,glomerata,Bromeliaceae,,,,,,2698751,Q5696281,,
artemisia-afra,Artemisia afra,Artemisia,afra,Asteraceae,,,,,,8078031,Q2716370,,
kaempferia-rotunda,Kaempferia rotunda,Kaempferia,rotunda,Zingiberaceae,,,,,,5301445,Q1635447,,
ficus-dammaropsis,Ficus dammaropsis,Ficus,dammaropsis,Moraceae,,,,,,5572715,Q5446605,,
varronia-bullata,Varronia bullata,Varronia,bullata,Cordiaceae,,,,,,7131683,Q17414902,,
lithocarpus-hancei,Lithocarpus hancei,Lithocarpus,hancei,Fagaceae,,,,,,5332494,Q1357433,,
deamia-testudo,Deamia testudo,Deamia,testudo,Cactaceae,,,,,,3951581,Q41793379,,
pourthiaea-villosa,Pourthiaea villosa,Pourthiaea,villosa,Rosaceae,,,,,,8356787,Q104411168,,
pseudo-fumaria-alba,Pseudo-fumaria alba,Pseudo-fumaria,alba,,,,,,,,,,
lepidium-didymum,Lepidium didymum,Lepidium,didymum,Brassicaceae,,,,,,5377060,Q149609,,
buddleja-saligna,Buddleja saligna,Buddleja,saligna,Scrophulariaceae,,,,,,3173331,Q3642760,,
sida-rhombifolia,Sida rhombifolia,Sida,rhombifolia,Malvaceae,,,,,,5406735,Q3595921,,
epidendrum-ciliare,Epidendrum ciliare,Epidendrum,ciliare,Orchidaceae,,,,,,5320796,Q5834758,,
oldenlandia-corymbosa,Oldenlandia corymbosa,Oldenlandia,corymbosa,Rubiaceae,,,,,,2911970,Q14623539,,
cryptostegia-madagascariensis,Cryptostegia madagascariensis,Cryptostegia,madagascariensis,Apocynaceae,,,,,,8230770,Q15397864,,
tradescantia-subaspera,Tradescantia subaspera,Tradescantia,subaspera,Commelinaceae,,,,,,2765298,Q15565840,,
cymbopogon-nardus,Cymbopogon nardus,Cymbopogon,nardus,Poaceae,,,,,,2705267,Q691698,,
echinodorus-grandiflorus,Echinodorus grandiflorus,Echinodorus,grandiflorus,Alismataceae,,,,,,10888965,Q2710263,,
alnus-jorullensis,Alnus jorullensis,Alnus,jorullensis,Betulaceae,,,,,,2876167,Q3291973,,
wikstroemia-indica,Wikstroemia indica,Wikstroemia,indica,Thymelaeaceae,,,,,,5524676,Q7999902,,
cyperus-textilis,Cyperus textilis,Cyperus,textilis,Cyperaceae,,,,,,7753638,Q15536479,,
kunzea-baxteri,Kunzea baxteri,Kunzea,baxteri,Myrtaceae,,,,,,5420026,Q150749,,
stapelia-leendertziae,Stapelia leendertziae,Stapelia,leendertziae,Apocynaceae,,,,,,9460197,Q2332039,,
escallonia-resinosa,Escallonia resinosa,Escallonia,resinosa,Escalloniaceae,,,,,,7278651,Q1366783,,
glandora-diffusa,Glandora diffusa,Glandora,diffusa,Boraginaceae,,,,,,4059971,Q15588755,,
helleborus-x-hybridus,Helleborus × hybridus,Helleborus,hybridus,Ranunculaceae,,,,,,9350566,,,
galinsoga-parviflora,Galinsoga parviflora,Galinsoga,parviflora,Asteraceae,,,,,,3132570,Q1160937,,
torilis-arvensis,Torilis arvensis,Torilis,arvensis,Apiaceae,,,,,,3034823,Q341578,,
ephedra-viridis,Ephedra viridis,Ephedra,viridis,Ephedraceae,,,,,,2653272,Q5382151,,
aristolochia-clematitis,Aristolochia clematitis,Aristolochia,clematitis,Aristolochiaceae,,,,,,2873991,Q158273,,
lavandula-multifida,Lavandula multifida,Lavandula,multifida,Lamiaceae,,,,,,3891203,Q941807,,
antennaria-plantaginifolia,Antennaria plantaginifolia,Antennaria,plantaginifolia,Asteraceae,,,,,,7459903,Q15524973,,
amyris-texana,Amyris texana,Amyris,texana,Rutaceae,,,,,,5421189,Q15386987,,
argyreia-nervosa,Argyreia nervosa,Argyreia,nervosa,Convolvulaceae,,,,,,2928692,Q383947,,
calibrachoa-parviflora,Calibrachoa parviflora,Calibrachoa,parviflora,Solanaceae,,,,,,2928905,Q309557,,
guizotia-abyssinica,Guizotia abyssinica,Guizotia,abyssinica,Asteraceae,,,,,,8584304,Q1818500,,
crocus-biflorus,Crocus biflorus,Crocus,biflorus,Iridaceae,,,,,,2747340,Q232324,,
ficus-deltoidea,Ficus deltoidea,Ficus,deltoidea,Moraceae,,,,,,7262889,Q406938,,
genista-hispanica,Genista hispanica,Genista,hispanica,Fabaceae,,,,,,5347761,Q2710447,,
backhousia-myrtifolia,Backhousia myrtifolia,Backhousia,myrtifolia,Myrtaceae,,,,,,3185104,Q4839673,,
artemisia-argyi,Artemisia argyi,Artemisia,argyi,Asteraceae,,,,,,3120648,Q4797490,,
rhagodia-spinescens,Rhagodia spinescens,Rhagodia,spinescens,Amaranthaceae,,,,,,7775272,Q15553767,,
tropaeolum-seemannii,Tropaeolum seemannii,Tropaeolum,seemannii,Tropaeolaceae,,,,,,4162466,Q15613198,,
tilia-x-euchlora,Tilia × euchlora,Tilia,euchlora,Malvaceae,,,,,,7149674,,,
potentilla-norvegica,Potentilla norvegica,Potentilla,norvegica,Rosaceae,,,,,,5365305,Q159317,,
alchemilla-vulgaris,Alchemilla vulgaris,Alchemilla,vulgaris,Rosaceae,,,,,,7890713,Q160189,,
juniperus-californica,Juniperus californica,Juniperus,californica,Cupressaceae,,,,,,2684627,Q1722255,,
rapistrum-rugosum,Rapistrum rugosum,Rapistrum,rugosum,Brassicaceae,,,,,,5373368,Q159826,,
pteris-multifida,Pteris multifida,Pteris,multifida,Pteridaceae,,,,,,5275415,Q5872213,,
vaccinium-pallidum,Vaccinium pallidum,Vaccinium,pallidum,Ericaceae,,,,,,2882895,Q7907968,,
silene-uniflora,Silene uniflora,Silene,uniflora,Caryophyllaceae,,,,,,8406661,Q951322,,
tolmiea-menziesii,Tolmiea menziesii,Tolmiea,menziesii,Saxifragaceae,,,,,,5371605,Q1422351,,
echium-simplex,Echium simplex,Echium,simplex,Boraginaceae,,,,,,4067782,Q4420618,,
echinocereus-stramineus,Echinocereus stramineus,Echinocereus,stramineus,Cactaceae,,,,,,7609106,Q1280444,,
morus-microphylla,Morus microphylla,Morus,microphylla,Moraceae,,,,,,5361881,Q17252686,,
plagiobothrys-figuratus,Plagiobothrys figuratus,Plagiobothrys,figuratus,Boraginaceae,,,,,,8164333,Q7200465,,
cordia-alliodora,Cordia alliodora,Cordia,alliodora,Cordiaceae,,,,,,7649215,Q3303753,,
limnophila-aromatica,Limnophila aromatica,Limnophila,aromatica,Plantaginaceae,,,,,,5415005,Q1134038,,
pachyphytum-compactum,Pachyphytum compactum,Pachyphytum,compactum,Crassulaceae,,,,,,7334705,Q2045455,,
ziziphus-spina-christi,Ziziphus spina-christi,Ziziphus,spina-christi,Rhamnaceae,,,,,,8228089,Q2920458,,
disphyma-australe,Disphyma australe,Disphyma,australe,Aizoaceae,,,,,,7552617,Q15612386,,
spiraea-nipponica,Spiraea nipponica,Spiraea,nipponica,Rosaceae,,,,,,3027341,Q14317961,,
pachystachys-coccinea,Pachystachys coccinea,Pachystachys,coccinea,Acanthaceae,,,,,,3778711,Q3360157,,
terminalia-bellirica,Terminalia bellirica,Terminalia,bellirica,Combretaceae,,,,,,3189390,Q1983629,,
mussaenda-pubescens,Mussaenda pubescens,Mussaenda,pubescens,Rubiaceae,,,,,,2892558,Q11127740,,
senecio-pterophorus,Senecio pterophorus,Senecio,pterophorus,Asteraceae,,,,,,3107177,Q15601257,,
capparis-orientalis,Capparis orientalis,Capparis,orientalis,Capparaceae,,,,,,5601705,Q15544224,,
cistanthe-laxiflora,Cistanthe laxiflora,Cistanthe,laxiflora,Montiaceae,,,,,,4023186,Q17245648,,
peperomia-ferreyrae,Peperomia ferreyrae,Peperomia,ferreyrae,Piperaceae,,,,,,4186501,Q15605097,,
amauropelta-noveboracensis,Amauropelta noveboracensis,Amauropelta,noveboracensis,Thelypteridaceae,,,,,,11588763,,,
dahlia-x-hortensis,Dahlia × hortensis,Dahlia,hortensis,Asteraceae,,,,,,5387161,,,
agrimonia-pilosa,Agrimonia pilosa,Agrimonia,pilosa,Rosaceae,,,,,,3002003,Q163096,,
ligusticum-apiifolium,Ligusticum apiifolium,Ligusticum,apiifolium,,,,,,,,Q6546912,,
hydrocotyle-ranunculoides,Hydrocotyle ranunculoides,Hydrocotyle,ranunculoides,Araliaceae,,,,,,7978544,Q596203,,
cylindropuntia-californica,Cylindropuntia californica,Cylindropuntia,californica,Cactaceae,,,,,,7282782,Q288788,,
oenothera-cespitosa,Oenothera cespitosa,Oenothera,cespitosa,Onagraceae,,,,,,3188809,Q7078657,,
proboscidea-louisianica,Proboscidea louisianica,Proboscidea,louisianica,Martyniaceae,,,,,,5415100,Q2111569,,
oxalis-violacea,Oxalis violacea,Oxalis,violacea,Oxalidaceae,,,,,,2891708,Q1067933,,
castanea-pumila,Castanea pumila,Castanea,pumila,Fagaceae,,,,,,5333212,Q3662068,,
mazus-miquelii,Mazus miquelii,Mazus,miquelii,Mazaceae,,,,,,3171302,Q5790476,,
cissus-trifoliata,Cissus trifoliata,Cissus,trifoliata,Vitaceae,,,,,,3039169,Q580885,,
eleutherococcus-sieboldianus,Eleutherococcus sieboldianus,Eleutherococcus,sieboldianus,Araliaceae,,,,,,3035473,Q11066056,,
tradescantia-bracteata,Tradescantia bracteata,Tradescantia,bracteata,Commelinaceae,,,,,,2765168,Q7832182,,
casuarina-glauca,Casuarina glauca,Casuarina,glauca,Casuarinaceae,,,,,,7417428,Q2941555,,
echinocactus-horizonthalonius,Echinocactus horizonthalonius,Echinocactus,horizonthalonius,Cactaceae,,,,,,3084090,Q141016,,
lysiloma-watsonii,Lysiloma watsonii,Lysiloma,watsonii,Fabaceae,,,,,,2965845,Q15531922,,
salvia-texana,Salvia texana,Salvia,texana,Lamiaceae,,,,,,2926988,Q7406909,,
selenicereus-spinulosus,Selenicereus spinulosus,Selenicereus,spinulosus,Cactaceae,,,,,,3084464,Q144910,,
yucca-torreyi,Yucca torreyi,Yucca,torreyi,Asparagaceae,,,,,,9163943,Q1569369,,
colvillea-racemosa,Colvillea racemosa,Colvillea,racemosa,Fabaceae,,,,,,10704829,Q5150304,,
rhizophora-mucronata,Rhizophora mucronata,Rhizophora,mucronata,Rhizophoraceae,,,,,,3086527,Q2613405,,
myrtillocactus-cochal,Myrtillocactus cochal,Myrtillocactus,cochal,Cactaceae,,,,,,3941600,Q310099,,
cordia-myxa,Cordia myxa,Cordia,myxa,Cordiaceae,,,,,,5341290,Q2724424,,
pilosocereus-purpusii,Pilosocereus purpusii,Pilosocereus,purpusii,Cactaceae,,,,,,3958806,Q2095147,,
lodoicea-maldivica,Lodoicea maldivica,Lodoicea,maldivica,Arecaceae,,,,,,2731979,Q732371,,
cereus-forbesii,Cereus forbesii,Cereus,forbesii,Cactaceae,,,,,,8351855,Q15327293,,
erythrina-x-sykesii,Erythrina × sykesii,Erythrina,sykesii,Fabaceae,,,,,,5349676,,,
euphorbia-mammillaris,Euphorbia mammillaris,Euphorbia,mammillaris,Euphorbiaceae,,,,,,3065765,Q4301008,,
alternanthera-porrigens,Alternanthera porrigens,Alternanthera,porrigens,Amaranthaceae,,,,,,7323612,Q15481466,,
ficus-virgata,Ficus virgata,Ficus,virgata,Moraceae,,,,,,7262728,Q11048727,,
opuntia-anahuacensis,Opuntia anahuacensis,Opuntia,anahuacensis,Cactaceae,,,,,,5621712,Q55911497,,
breynia-spatulifolia,Breynia spatulifolia,Breynia,spatulifolia,Phyllanthaceae,,,,,,9285312,Q91403292,,
sagittaria-montevidensis,Sagittaria montevidensis,Sagittaria,montevidensis,Alismataceae,,,,,,5329111,Q471966,,
stratiotes-aloides,Stratiotes aloides,Stratiotes,aloides,Hydrocharitaceae,,,,,,5329192,Q162030,,
ferocactus-viridescens,Ferocactus viridescens,Ferocactus,viridescens,Cactaceae,,,,,,3084151,Q147469,,
schoenoplectus-tabernaemontani,Schoenoplectus tabernaemontani,Schoenoplectus,tabernaemontani,Cyperaceae,,,,,,2711157,Q159018,,
rosa-arkansana,Rosa arkansana,Rosa,arkansana,Rosaceae,,,,,,3007165,Q145631,,
chrysophyllum-oliviforme,Chrysophyllum oliviforme,Chrysophyllum,oliviforme,Sapotaceae,,,,,,2885793,Q5114905,,
cleome-rutidosperma,Cleome rutidosperma,Cleome,rutidosperma,Cleomaceae,,,,,,9778787,Q2978919,,
leymus-condensatus,Leymus condensatus,Leymus,condensatus,Poaceae,,,,,,2706370,Q6538092,,
sedum-hispanicum,Sedum hispanicum,Sedum,hispanicum,Crassulaceae,,,,,,5361982,Q3477640,,
laurelia-novae-zelandiae,Laurelia novae-zelandiae,Laurelia,novae-zelandiae,Atherospermataceae,,,,,,3782126,Q1005204,,
peumus-boldus,Peumus boldus,Peumus,boldus,Monimiaceae,,,,,,3034108,Q833994,,
cattleya-maxima,Cattleya maxima,Cattleya,maxima,Orchidaceae,,,,,,2801036,Q968519,,
euphorbia-polygona,Euphorbia polygona,Euphorbia,polygona,Euphorbiaceae,,,,,,3065721,Q5851862,,
euonymus-hamiltonianus,Euonymus hamiltonianus,Euonymus,hamiltonianus,Celastraceae,,,,,,7102969,Q11340926,,
stapelia-hirsuta,Stapelia hirsuta,Stapelia,hirsuta,Apocynaceae,,,,,,9462513,Q15375655,,
nothofagus-antarctica,Nothofagus antarctica,Nothofagus,antarctica,Nothofagaceae,,,,,,2874930,Q571422,,
eucalyptus-preissiana,Eucalyptus preissiana,Eucalyptus,preissiana,Myrtaceae,,,,,,3177060,Q3017150,,
minthostachys-mollis,Minthostachys mollis,Minthostachys,mollis,Lamiaceae,,,,,,7306778,Q10752270,,
rhodiola-pachyclados,Rhodiola pachyclados,Rhodiola,pachyclados,Crassulaceae,,,,,,4199828,Q15488400,,
vicia-lens,Vicia lens,Vicia,lens,Fabaceae,,,,,,3973001,Q111391147,,
abelmoschus-rhodopetalus,Abelmoschus rhodopetalus,Abelmoschus,rhodopetalus,Malvaceae,,,,,,3940600,Q65930081,,
geranium-dissectum,Geranium dissectum,Geranium,dissectum,Geraniaceae,,,,,,2890040,Q158413,,
viola-arvensis,Viola arvensis,Viola,arvensis,Violaceae,,,,,,5331235,Q341680,,
grindelia-camporum,Grindelia camporum,Grindelia,camporum,Asteraceae,,,,,,3146233,Q15628426,,
lepechinia-calycina,Lepechinia calycina,Lepechinia,calycina,Lamiaceae,,,,,,2926569,Q6527334,,
carex-densa,Carex densa,Carex,densa,Cyperaceae,,,,,,2725182,Q15570452,,
arctostaphylos-columbiana,Arctostaphylos columbiana,Arctostaphylos,columbiana,Ericaceae,,,,,,2882619,Q4787654,,
salvia-verbenaca,Salvia verbenaca,Salvia,verbenaca,Lamiaceae,,,,,,6409706,Q1313052,,
elephantopus-carolinianus,Elephantopus carolinianus,Elephantopus,carolinianus,Asteraceae,,,,,,5395894,Q15582471,,
adiantum-tenerum,Adiantum tenerum,Adiantum,tenerum,Pteridaceae,,,,,,2651834,Q2824386,,
burchellia-bubalina,Burchellia bubalina,Burchellia,bubalina,Rubiaceae,,,,,,5341085,Q134245,,
chionochloa-flavicans,Chionochloa flavicans,Chionochloa,flavicans,Poaceae,,,,,,4148921,Q5101428,,
calpurnia-aurea,Calpurnia aurea,Calpurnia,aurea,Fabaceae,,,,,,2956417,Q3643297,,
nothofagus-dombeyi,Nothofagus dombeyi,Nothofagus,dombeyi,Nothofagaceae,,,,,,2874895,Q1107183,,
iris-graminea,Iris graminea,Iris,graminea,Iridaceae,,,,,,5298908,Q161412,,
ilex-maximowicziana,Ilex maximowicziana,Ilex,maximowicziana,Aquifoliaceae,,,,,,7315786,Q10888182,,
tamala-borbonia,Tamala borbonia,Tamala,borbonia,Lauraceae,,,,,,3034048,Q110693024,,
stachys-bullata,Stachys bullata,Stachys,bullata,Lamiaceae,,,,,,2927232,Q7595911,,
cordia-lutea,Cordia lutea,Cordia,lutea,Cordiaceae,,,,,,5661644,Q15579385,,
lupinus-rivularis,Lupinus rivularis,Lupinus,rivularis,Fabaceae,,,,,,2964652,Q4118449,,
scutellaria-lateriflora,Scutellaria lateriflora,Scutellaria,lateriflora,Lamiaceae,,,,,,5341325,Q2701473,,
setaria-faberi,Setaria faberi,Setaria,faberi,Poaceae,,,,,,5289666,Q163165,,
lupinus-angustifolius,Lupinus angustifolius,Lupinus,angustifolius,Fabaceae,,,,,,2964025,Q164148,,
stachys-sylvatica,Stachys sylvatica,Stachys,sylvatica,Lamiaceae,,,,,,2927282,Q157422,,
juniperus-cedrus,Juniperus cedrus,Juniperus,cedrus,Cupressaceae,,,,,,2684616,Q1723636,,
hibiscus-waimeae,Hibiscus waimeae,Hibiscus,waimeae,Malvaceae,,,,,,3152568,Q5750862,,
iris-brevicaulis,Iris brevicaulis,Iris,brevicaulis,Iridaceae,,,,,,5298850,Q15570542,,
nepeta-grandiflora,Nepeta grandiflora,Nepeta,grandiflora,Lamiaceae,,,,,,5341498,Q4236226,,
peperomia-magnoliifolia,Peperomia magnoliifolia,Peperomia,magnoliifolia,Piperaceae,,,,,,3086476,Q11815590,,
luzula-nivea,Luzula nivea,Luzula,nivea,Juncaceae,,,,,,2700768,Q162447,,
cissus-discolor,Cissus discolor,Cissus,discolor,Vitaceae,,,,,,4054691,Q87599449,,
euphorbia-x-lomi,Euphorbia × lomi,Euphorbia,lomi,Euphorbiaceae,,,,,,3063876,,,
euonymus-latifolius,Euonymus latifolius,Euonymus,latifolius,Celastraceae,,,,,,7433196,Q164379,,
cymbidium-goeringii,Cymbidium goeringii,Cymbidium,goeringii,Orchidaceae,,,,,,5305668,Q107417,,
merwilla-plumbea,Merwilla plumbea,Merwilla,plumbea,Asparagaceae,,,,,,2768144,Q15522661,,
sauromatum-venosum,Sauromatum venosum,Sauromatum,venosum,Araceae,,,,,,2869597,Q24849967,,
photinia-serrulata,Photinia serrulata,Photinia,serrulata,,,,,,,,Q87638197,,
coleus-paniculatus,Coleus paniculatus,Coleus,paniculatus,Lamiaceae,,,,,,5605330,Q118488987,,
didymocheton-spectabilis,Didymocheton spectabilis,Didymocheton,spectabilis,Meliaceae,,,,,,11557598,Q124472460,,
puya-raimondii,Puya raimondii,Puya,raimondii,Bromeliaceae,,,,,,2696328,Q134926,,
microstegium-vimineum,Microstegium vimineum,Microstegium,vimineum,Poaceae,,,,,,5289808,Q5699638,,
carex-blanda,Carex blanda,Carex,blanda,Cyperaceae,,,,,,2728993,Q2938339,,
malcolmia-maritima,Malcolmia maritima,Malcolmia,maritima,Brassicaceae,,,,,,5373124,Q6742747,,
zanthoxylum-simulans,Zanthoxylum simulans,Zanthoxylum,simulans,Rutaceae,,,,,,3834219,Q10950918,,
coryphantha-elephantidens,Coryphantha elephantidens,Coryphantha,elephantidens,Cactaceae,,,,,,7283719,Q310056,,
blechnum-penna-marina,Blechnum penna-marina,Blechnum,penna-marina,Blechnaceae,,,,,,9530165,Q3283812,,
sedum-ebracteatum,Sedum ebracteatum,Sedum,ebracteatum,Crassulaceae,,,,,,7981625,Q15487897,,
celtis-tala,Celtis tala,Celtis,tala,Cannabaceae,,,,,,7141607,Q15742470,,
begonia-uniflora,Begonia uniflora,Begonia,uniflora,Begoniaceae,,,,,,4158324,Q15333461,,
limnophila-rugosa,Limnophila rugosa,Limnophila,rugosa,Plantaginaceae,,,,,,5563114,Q10934028,,
toxicodendron-succedaneum,Toxicodendron succedaneum,Toxicodendron,succedaneum,Anacardiaceae,,,,,,3190624,Q130143,,
glochidion-ferdinandi,Glochidion ferdinandi,Glochidion,ferdinandi,Phyllanthaceae,,,,,,7276088,Q8964283,,
dianella-nigra,Dianella nigra,Dianella,nigra,Asphodelaceae,,,,,,5305214,Q5271627,,
indigofera-decora,Indigofera decora,Indigofera,decora,Fabaceae,,,,,,2972458,Q5783056,,
sarcococca-ruscifolia,Sarcococca ruscifolia,Sarcococca,ruscifolia,Buxaceae,,,,,,3988040,Q3473540,,
cochliasanthus-caracalla,Cochliasanthus caracalla,Cochliasanthus,caracalla,Fabaceae,,,,,,8308653,Q50840838,,
